,name,rating,types,reviews,salary,jobs,interviews,Locations
0,TCS,3.3,IT Services & Consulting,1.1L,10.1L,4.4k,11.8k,Bengaluru +441 other locations
1,Accenture,3.7,IT Services & Consulting,73.1k,6.9L,36k,9.3k,Bengaluru +259 other locations
2,Wipro,3.6,IT Services & Consulting,64.8k,4.9L,371,6.8k,Hyderabad +373 other locations
3,Cognizant,3.7,IT Services & Consulting,61.2k,6.1L,469,6.4k,Hyderabad +231 other locations
4,Capgemini,3.6,IT Services & Consulting,53k,4.9L,2.1k,5.5k,Bengaluru +180 other locations
5,HDFC Bank,3.8,Banking,52k,1.5L,301,3k,Mumbai +1844 other locations
6,Infosys,3.5,IT Services & Consulting,48.6k,5.3L,2.2k,8.4k,Bengaluru +243 other locations
7,HCLTech,3.4,IT Services & Consulting,45.8k,3.9L,234,4.5k,Chennai +231 other locations
8,ICICI Bank,4.0,Banking,45.7k,1.5L,14,3k,Mumbai +1442 other locations
9,Tech Mahindra,3.4,IT Services & Consulting,43.1k,2.9L,607,4.6k,Hyderabad +322 other locations
10,Genpact,3.6,Analytics & KPO,42k,2.4L,727,3.9k,Hyderabad +181 other locations
11,TP,3.8,BPO,38.2k,98.2k,1.6k,2.2k,Mumbai +254 other locations
12,Jio,4.4,Telecom,33.5k,62k,--,4.4k,Mumbai +1956 other locations
13,Axis Bank,3.6,Banking,33k,1L,215,1.9k,Mumbai +1516 other locations
14,Concentrix Corporation,3.6,BPO,32.1k,1.3L,9,2k,Bengaluru +181 other locations
15,Amazon,3.9,Internet,31.3k,1.5L,2.6k,5.9k,Bengaluru +515 other locations
16,Reliance Retail,3.9,Retail,27.2k,75.8k,121,2k,Mumbai +1157 other locations
17,iEnergizer,4.6,BPO,26.9k,24.7k,92,1.5k,Noida +51 other locations
18,LTIMindtree,3.6,IT Services & Consulting,26.4k,2L,562,3.5k,Bengaluru +144 other locations
19,IBM,3.9,IT Services & Consulting,25.7k,2.2L,2k,2.6k,Bengaluru +161 other locations
20,HDB Financial Services,3.9,NBFC,25.5k,49.7k,2.1k,1.1k,Mumbai +1090 other locations
21,Larsen & Toubro Limited,3.9,Engineering & Construction,23.8k,75.4k,263,1.9k,Chennai +761 other locations
22,Deloitte,3.7,Management Consulting,23k,2.6L,2k,3.3k,Hyderabad +182 other locations
23,Kotak Mahindra Bank,3.6,Banking,22.3k,86.9k,165,1.4k,Mumbai +689 other locations
24,Reliance Industries,4.0,Oil & Gas,20.1k,73.6k,77,1.6k,Jamnagar +819 other locations
25,Vodafone Idea,3.9,Telecom,17.5k,49.3k,80,693,Pune +704 other locations
26,Bharti Airtel,3.8,Telecom,17k,50.1k,190,1.1k,Gurugram +788 other locations
27,BYJU'S,3.2,EdTech,16.3k,50.7k,1,2.1k,Bengaluru +321 other locations
28,WNS,3.3,IT Services & Consulting,15.2k,70.5k,101,1.3k,Pune +65 other locations
29,IDFC FIRST Bank,3.9,Banking,14.5k,50k,33,967,Mumbai +724 other locations
30,Ernst & Young,3.4,Management Consulting,14.5k,1.5L,5.2k,1.3k,Bengaluru +134 other locations
31,IndusInd Bank,3.4,Banking,14.2k,52.2k,139,773,Mumbai +796 other locations
32,AU Small Finance Bank,3.8,Banking,14.2k,29.8k,222,704,Jaipur +798 other locations
33,Tata Motors,4.1,Automobile,14.1k,43k,181,1.3k,Pune +507 other locations
34,Muthoot FinCorp,4.6,NBFC,13.1k,9.2k,67,2.4k,Bengaluru +1120 other locations
35,Bajaj Finserv,4.0,NBFC,13k,31.2k,2,757,Pune +1190 other locations
36,Flipkart,3.9,Internet,12.9k,55.9k,104,1.7k,Bengaluru +553 other locations
37,PwC,3.3,Management Consulting,12.5k,1.2L,1.2k,1.6k,Bengaluru +135 other locations
38,Mahindra & Mahindra,4.0,Automobile,12k,40.8k,2,877,Pune +565 other locations
39,Infosys BPM,3.5,BPO,12k,76k,62,1.1k,Bengaluru +95 other locations
40,HDFC Life,3.9,Insurance,12k,33.3k,110,807,Mumbai +712 other locations
41,DXC Technology,3.6,IT Services & Consulting,11.9k,74.8k,193,901,Bengaluru +130 other locations
42,Bandhan Bank,3.7,Banking,11k,25.2k,19,758,Kolkata +1007 other locations
43,Digitide Solutions,3.5,IT Services & Consulting,10.3k,27k,328,574,Hyderabad +272 other locations
44,Mphasis,3.3,IT Services & Consulting,10.2k,74.7k,55,936,Bengaluru +64 other locations
45,Yes Bank,3.7,Banking,10.1k,42.6k,198,559,Mumbai +541 other locations
46,Tata Steel,4.0,Iron & Steel,9.8k,34.8k,--,1.1k,Jamshedpur +226 other locations
47,Quess,3.8,Recruitment,9.7k,31.3k,33,547,Bengaluru +755 other locations
48,Asian Paints,3.9,Chemicals,9.5k,26.3k,101,867,Mumbai +556 other locations
49,Maruti Suzuki,4.1,Automobile,9.5k,28.3k,728,791,Gurugram +455 other locations
50,Startek,3.1,BPO,9.4k,25k,275,644,Bengaluru +103 other locations
51,UltraTech Cement,4.2,Building Material,9.4k,25.2k,44,804,Mumbai +538 other locations
52,Paytm,3.2,FinTech,9.3k,34.5k,875,902,Noida +422 other locations
53,Bajaj Finance,3.9,NBFC,9.1k,23.1k,6.5k,441,Pune +993 other locations
54,Shriram Finance,3.9,NBFC,9.1k,15.4k,10,454,Chennai +1117 other locations
55,Sutherland Global Services,3.4,BPO,9k,35.5k,298,804,Chennai +82 other locations
56,Equitas Small Finance Bank,4.4,Banking,8.8k,13.9k,28,1k,Chennai +483 other locations
57,Wells Fargo,3.6,Financial Services,8.6k,62.3k,220,695,Bengaluru +27 other locations
58,EXL Service,3.6,Analytics & KPO,8.6k,44.9k,1.6k,920,Noida +61 other locations
59,Cipla,4.1,Pharma,8.6k,26.4k,34,602,Mumbai +294 other locations
60,Ericsson,3.9,Telecom,8.4k,42.8k,34,475,Noida +160 other locations
61,Samsung,3.9,Consumer Electronics & Appliances,8.3k,26.5k,29,633,Noida +581 other locations
62,Dr. Reddy's,4.0,Pharma,8.2k,26k,14,516,Hyderabad +214 other locations
63,Optum Global Solutions,4.0,IT Services & Consulting,7.9k,50.7k,304,776,Hyderabad +68 other locations
64,JSW Steel,3.9,Iron & Steel,7.8k,31.6k,122,836,Ballari +198 other locations
65,JPMorgan Chase & Co.,3.8,Financial Services,7.8k,90.5k,737,881,Bengaluru +55 other locations
66,Delhivery,3.8,Logistics,7.8k,22.3k,197,616,Gurugram +760 other locations
67,ICICI Prudential Life Insurance,3.9,Insurance,7.7k,22.9k,200,488,Mumbai +508 other locations
68,Hexaware Technologies,3.4,IT Services & Consulting,7.7k,54.9k,379,831,Chennai +69 other locations
69,Ujjivan Small Finance Bank,4.0,Banking,7.6k,13.3k,89,329,Bengaluru +539 other locations
70,Jana Small Finance Bank,3.7,Banking,7.6k,14.6k,47,307,Bengaluru +422 other locations
71,Sun Pharmaceutical Industries,4.1,Pharma,7.6k,23.7k,427,679,Vadodara +263 other locations
72,HGS,3.7,Emerging Technologies,7.5k,20.5k,12,277,Bengaluru +122 other locations
73,Amazon Development Centre India,3.8,Internet,7.5k,39.1k,3,893,Hyderabad +147 other locations
74,Zydus Lifesciences,4.0,Pharma,7.4k,20.1k,44,478,Ahmedabad +180 other locations
75,Ekart Logistics,3.9,Logistics,7.4k,16.7k,3,411,Bengaluru +739 other locations
76,Lupin,4.1,Pharma,7.3k,22.5k,28,448,Pune +203 other locations
77,KPMG India,3.4,Management Consulting,7.3k,68k,108,940,Bengaluru +112 other locations
78,L&T Construction,4.0,Engineering & Construction,7.3k,19.3k,--,951,Chennai +435 other locations
79,Hindustan Unilever,4.2,FMCG,7.2k,20.2k,12,473,Mumbai +543 other locations
80,Axis Max Life Insurance,4.0,Insurance,7.2k,20.2k,156,414,New Delhi +505 other locations
81,ITC,3.9,FMCG,7.1k,24.9k,82,703,Bengaluru +378 other locations
82,Megha Engineering & Infrastructures,3.9,Engineering & Construction,6.9k,18.6k,26,579,Hyderabad +407 other locations
83,Coforge,3.3,IT Services & Consulting,6.8k,50.8k,161,741,Noida +103 other locations
84,Tata Projects,4.2,Engineering & Construction,6.8k,22.7k,43,619,Mumbai +285 other locations
85,Bajaj Life Insurance,3.8,Insurance,6.6k,17.8k,77,451,Pune +616 other locations
86,Cholamandalam Investment & Finance,3.8,Financial Services,6.6k,12.8k,33,292,Chennai +861 other locations
87,L&T Technology Services,3.1,IT Services & Consulting,6.6k,44.3k,--,634,Bengaluru +94 other locations
88,FIS,3.8,FinTech,6.6k,39.2k,159,542,Pune +59 other locations
89,Oracle,3.4,Software Product,6.5k,64.3k,84,955,Bengaluru +56 other locations
90,Omega Healthcare,3.8,BPO,6.4k,27.5k,205,558,Chennai +69 other locations
91,JLL,4.1,Real Estate,6.4k,24.9k,382,494,Gurugram +86 other locations
92,Muthoot Finance,3.7,NBFC,6.3k,13.1k,160,359,Bengaluru +791 other locations
93,IIFL Finance,4.0,NBFC,6.3k,14.1k,53,332,Mumbai +808 other locations
94,eClerx,3.1,IT Services & Consulting,6.3k,32.9k,458,644,Pune +32 other locations
95,Indian Army,4.7,Defence & Aerospace,6.2k,9.4k,--,210,New Delhi +360 other locations
96,Virtusa Consulting Services,3.7,IT Services & Consulting,6.1k,57.3k,677,681,Hyderabad +55 other locations
97,DMart,3.9,Retail,6.1k,19k,251,557,Mumbai +254 other locations
98,HCL Group,3.5,IT Services & Consulting,6.1k,39.2k,--,522,Chennai +96 other locations
99,PolicyBazaar,3.8,Internet,6k,17.9k,1.2k,640,Gurugram +154 other locations
100,HSBC Group,3.8,Financial Services,6k,44.6k,139,554,Bengaluru +63 other locations
101,Piramal Finance,4.2,NBFC,6k,12.3k,6,298,Mumbai +427 other locations
102,Indiamart Intermesh,3.5,Internet,5.9k,21.8k,149,761,Noida +169 other locations
103,SMFG India Credit,3.9,NBFC,5.9k,11k,104,215,Mumbai +602 other locations
104,Access Healthcare,3.7,BPO,5.9k,29.4k,1.8k,406,Chennai +62 other locations
105,BigBasket,3.8,Internet,5.8k,19.5k,73,496,Bengaluru +143 other locations
106,Siemens,3.9,Industrial Automation,5.8k,34.6k,1.5k,513,Bengaluru +155 other locations
107,Aurobindo Pharma,4.0,Pharma,5.8k,20.6k,26,295,Hyderabad +115 other locations
108,ICICI Lombard General Insurance Company,3.5,Insurance,5.8k,20.1k,237,366,Mumbai +320 other locations
109,Firstsource Solutions,3.5,BPO,5.7k,24.7k,110,367,Bengaluru +74 other locations
110,Manappuram Finance,3.9,NBFC,5.7k,9.1k,30,229,Bengaluru +660 other locations
111,GlobalLogic,3.5,IT Services & Consulting,5.7k,41.4k,57,688,Hyderabad +61 other locations
112,Tata Capital,4.0,NBFC,5.7k,16.1k,3.3k,283,Mumbai +449 other locations
113,Udaan,3.9,Internet,5.7k,15.5k,11,373,Bengaluru +366 other locations
114,UST,3.7,IT Services & Consulting,5.7k,40.2k,59,594,Bengaluru +52 other locations
115,Shapoorji Pallonji Group,4.1,Engineering & Construction,5.7k,15.6k,72,435,Mumbai +189 other locations
116,Standard Chartered,3.6,Banking,5.7k,42.4k,--,327,Chennai +68 other locations
117,Apollo Hospitals,4.0,Healthcare,5.6k,16.8k,254,493,Chennai +225 other locations
118,Bosch Global Software Technologies,3.7,IT Services & Consulting,5.6k,41.1k,12,395,Bengaluru +47 other locations
119,Mahindra Finance,3.9,NBFC,5.6k,12.3k,102,223,Mumbai +736 other locations
120,Swiggy,3.7,Internet,5.6k,23.7k,211,588,Bengaluru +238 other locations
121,Ashok Leyland,4.0,Automobile,5.6k,18.9k,4,328,Chennai +265 other locations
122,Citicorp,3.6,Financial Services,5.5k,54.3k,--,638,Pune +68 other locations
123,Hero MotoCorp,4.1,Automobile,5.4k,16.1k,3,420,Gurugram +369 other locations
124,CGI Group,4.0,IT Services & Consulting,5.4k,46.8k,467,566,Bengaluru +43 other locations
125,Cyient,3.6,IT Services & Consulting,5.3k,27.8k,95,337,Hyderabad +49 other locations
126,BNY,3.6,Financial Services,5.3k,31.9k,104,405,Pune +27 other locations
127,SBI Cards & Payment Services,3.6,Financial Services,5.3k,16.2k,111,313,Gurugram +445 other locations
128,NTT DATA,3.8,IT Services & Consulting,5.2k,37.8k,14,758,Bengaluru +81 other locations
129,Kalpataru Projects International,4.2,Engineering & Construction,5.2k,13.7k,2,340,Mumbai +325 other locations
130,IQVIA,3.7,Clinical Research,5.2k,31.7k,32,565,Bengaluru +67 other locations
131,Nagarjuna Construction Company,4.0,Engineering & Construction,5.2k,12.5k,16,452,Hyderabad +298 other locations
132,JustDial,3.5,Internet,5.1k,15.4k,48,396,Noida +234 other locations
133,Schneider Electric,4.1,Industrial Automation,5.1k,25.6k,533,463,Bengaluru +121 other locations
134,CBRE,4.1,Real Estate,5.1k,19.1k,165,356,Hyderabad +92 other locations
135,SBI Life Insurance Company,3.7,Insurance,5.1k,12.1k,13,316,Mumbai +656 other locations
136,TVS Motor,3.9,Automobile,5.1k,16.3k,119,415,Hosur +351 other locations
137,Persistent Systems,3.6,IT Services & Consulting,5k,46.3k,289,716,Pune +42 other locations
138,State Bank of India,3.8,Banking,4.9k,11.8k,2,320,Mumbai +622 other locations
139,Atos,3.8,IT Services & Consulting,4.9k,33.7k,85,412,Pune +49 other locations
140,KEC International,4.0,Engineering & Construction,4.9k,13.6k,20,426,Mumbai +316 other locations
141,vivo,4.1,Consumer Electronics & Appliances,4.9k,12.8k,18,245,Noida +414 other locations
142,ITC Infotech,3.8,IT Services & Consulting,4.9k,30k,67,423,Bengaluru +68 other locations
143,Amdocs,3.6,Software Product,4.9k,37.7k,13,563,Pune +24 other locations
144,Ecom Express,4.1,Logistics,4.8k,9.4k,--,266,Gurugram +776 other locations
145,JBM Group,3.9,Auto Components,4.8k,14k,163,356,Gurugram +118 other locations
146,Varun Beverages,4.0,Beverage,4.8k,12.4k,51,356,New Delhi +383 other locations
147,Eviden,3.6,IT Services & Consulting,4.8k,27k,--,316,Pune +39 other locations
148,Nagarro,3.9,IT Services & Consulting,4.7k,33.1k,310,838,Gurugram +48 other locations
149,Utkarsh Small Finance Bank,3.6,Banking,4.7k,11.1k,25,314,Varanasi +416 other locations
150,Randstad,3.7,Recruitment,4.7k,16.9k,13,335,Hyderabad +365 other locations
151,Bosch,4.1,Auto Components,4.7k,21.2k,--,385,Bengaluru +132 other locations
152,EY Global Delivery Services ( EY GDS),3.5,IT Services & Consulting,4.7k,52k,8,896,Bengaluru +56 other locations
153,Hewlett Packard Enterprise,4.0,IT Services & Consulting,4.6k,27.6k,256,270,Bengaluru +104 other locations
154,L&T Finance,3.9,NBFC,4.6k,11.7k,--,224,Mumbai +647 other locations
155,Aditya Birla Fashion and Retail,4.0,Fashion & Textile,4.6k,13.2k,59,269,Bengaluru +292 other locations
156,Havells,3.9,Electrical Equipment,4.6k,15.3k,34,298,Noida +264 other locations
157,Cars24,3.4,Internet,4.6k,15.6k,68,411,Gurugram +172 other locations
158,Mahindra Logistics,3.7,Logistics,4.6k,12.9k,160,254,Mumbai +233 other locations
159,Intas Pharmaceuticals,4.1,Pharma,4.6k,17.4k,48,264,Ahmedabad +150 other locations
160,R1 RCM,3.8,BPO,4.6k,22.3k,190,364,New Delhi +48 other locations
161,Home Credit Finance,4.0,NBFC,4.5k,9.3k,106,152,Gurugram +139 other locations
162,Dell,3.8,Consumer Electronics & Appliances,4.5k,29.1k,42,430,Bengaluru +114 other locations
163,Tata AIA Life Insurance,3.9,Insurance,4.5k,14.3k,897,258,Mumbai +448 other locations
164,Hetero,3.9,Pharma,4.5k,15.2k,77,347,Hyderabad +70 other locations
165,Deutsche Bank,3.9,Banking,4.5k,37.6k,550,427,Pune +42 other locations
166,OPPO,3.9,Consumer Electronics & Appliances,4.4k,11.7k,10,256,Greater Noida +406 other locations
167,Berger Paints,3.7,Chemicals,4.4k,10.7k,115,437,Kolkata +364 other locations
168,Hyundai Motor India Limited,4.1,Automobile,4.4k,14.3k,1,327,Chennai +289 other locations
169,Lenskart,3.3,Internet,4.4k,13.2k,180,465,New Delhi +248 other locations
170,Motilal Oswal Financial Services,3.7,Financial Services,4.4k,13.1k,49,553,Mumbai +169 other locations
171,TeamLease Services,3.9,Recruitment,4.4k,16.4k,--,254,Bengaluru +403 other locations
172,VE Commercial Vehicles,3.9,Automobile,4.3k,14.3k,27,292,Indore +180 other locations
173,Thermax Limited,4.2,Industrial Machinery,4.3k,13.3k,53,349,Pune +256 other locations
174,Jubilant Foods Works,3.7,Hospitality,4.2k,9.6k,326,257,Noida +267 other locations
175,Carelon Global Solutions,3.9,IT Services & Consulting,4.2k,28.9k,84,425,Bengaluru +20 other locations
176,Macleods Pharmaceuticals,3.7,Pharma,4.2k,15.8k,36,270,Mumbai +136 other locations
177,Aakash Educational Services,3.2,Education & Training,4.2k,14.1k,86,380,New Delhi +249 other locations
178,Bajaj Auto,3.8,Automobile,4.2k,14.7k,40,329,Pune +323 other locations
179,LG Electronics,3.8,Consumer Electronics & Appliances,4.1k,11.3k,12,262,Pune +300 other locations
180,Jindal Steel Limited,3.9,Iron & Steel,4.1k,16k,72,431,Angul +173 other locations
181,Kogta Financial India Limited,4.7,NBFC,4.1k,1.9k,139,252,Jaipur +260 other locations
182,State Street Corporation,3.5,Financial Services,4.1k,33.4k,12,297,Bengaluru +35 other locations
183,Hindalco Industries,4.2,Metals & Mining,4.1k,12.9k,27,315,Sambalpur +130 other locations
184,Cloudnine Hospital,4.5,Healthcare,4.1k,3k,16,1.4k,Bengaluru +46 other locations
185,Royal Enfield,4.2,Automobile,4.1k,14.9k,4,205,Chennai +373 other locations
186,HDFC ERGO General Insurance,4.0,Insurance,4k,12k,73,203,Mumbai +325 other locations
187,John Deere,4.0,Industrial Machinery,4k,15.6k,5,268,Pune +154 other locations
188,DCB Bank,3.8,Banking,4k,9.7k,18,234,Mumbai +345 other locations
189,Tata Communications,3.9,Telecom,4k,23.6k,209,304,Pune +100 other locations
190,RBL Bank,3.5,Banking,4k,18.6k,30,246,Mumbai +290 other locations
191,Cummins,4.3,Industrial Machinery,4k,15.6k,112,292,Pune +115 other locations
192,Publicis Sapient,3.2,IT Services & Consulting,4k,32.6k,215,704,Bengaluru +46 other locations
193,Bank of America,4.1,Banking,3.9k,29.7k,--,295,Gurugram +34 other locations
194,Alembic Pharmaceuticals,3.9,Pharma,3.9k,15.4k,70,259,Vadodara +187 other locations
195,Pidilite Industries,4.2,Chemicals,3.9k,11.8k,28,267,Mumbai +319 other locations
196,Oyo Rooms,3.0,Internet,3.9k,14k,149,259,Gurugram +121 other locations
197,Grasim Industries,4.0,Building Material,3.9k,13.1k,5,289,Bharuch +259 other locations
198,Aditya Birla Sun Life Insurance,4.0,Insurance,3.9k,10.4k,1,185,Mumbai +503 other locations
199,American Express,4.1,Financial Services,3.9k,25.6k,45,432,Gurugram +54 other locations
200,Kyndryl,4.0,IT Services & Consulting,3.8k,27.4k,2,234,Bengaluru +39 other locations
201,Subros,3.8,Auto Components,3.8k,12.7k,2,220,Noida +88 other locations
202,PNB MetLife,3.3,Insurance,3.8k,8.3k,21,196,New Delhi +431 other locations
203,ADP Private Limited,3.9,Software Product,3.8k,22.3k,60,294,Hyderabad +41 other locations
204,Altruist Technologies,4.4,BPO,3.8k,8.4k,6,724,Bengaluru +43 other locations
205,Aditya Birla Capital,3.8,NBFC,3.8k,14.3k,--,262,Mumbai +344 other locations
206,XpressBees,4.2,Logistics,3.8k,8.2k,11,446,Pune +479 other locations
207,Viatris,4.1,Pharma,3.8k,14.2k,3,170,Hyderabad +80 other locations
208,Escorts Kubota Limited,4.1,Industrial Machinery,3.8k,13.8k,1,305,Faridabad +157 other locations
209,PVR INOX,3.9,Media & Entertainment,3.8k,9.5k,28,219,New Delhi +151 other locations
210,Reliance Communications,4.0,Telecom,3.8k,9.4k,--,107,Mumbai +465 other locations
211,Maersk,4.0,Logistics,3.8k,19.3k,53,253,Chennai +49 other locations
212,KPIT Technologies,2.9,Software Product,3.8k,23.8k,28,349,Pune +43 other locations
213,Birlasoft,3.4,IT Services & Consulting,3.7k,29.9k,657,317,Pune +49 other locations
214,Synechron,3.4,IT Services & Consulting,3.7k,28.6k,98,408,Pune +33 other locations
215,JK Cement,4.0,Building Material,3.7k,10.2k,1,345,New Delhi +333 other locations
216,Glenmark Pharmaceuticals,3.8,Pharma,3.7k,12.4k,114,183,Mumbai +188 other locations
217,Kotak Mahindra Life Insurance Company,3.5,Insurance,3.7k,12.5k,170,264,Mumbai +258 other locations
218,Bharat Electronics,4.2,Electronics Manufacturing,3.7k,12.8k,1,249,Bengaluru +87 other locations
219,Sodexo,4.0,Facility Management Services,3.7k,9.9k,944,210,Mumbai +161 other locations
220,Dabur,3.8,FMCG,3.7k,9k,37,336,New Delhi +319 other locations
221,Cogent E Services,3.1,BPO,3.6k,10.4k,2,297,Noida +57 other locations
222,Godrej & Boyce Manufacturing,3.9,Consumer Electronics & Appliances,3.6k,15.1k,53,234,Mumbai +168 other locations
223,Abbott,4.1,Pharma,3.6k,12.1k,251,184,Mumbai +214 other locations
224,PhonePe,4.0,FinTech,3.6k,13.5k,126,433,Bengaluru +400 other locations
225,Samvardhana Motherson Group,3.7,Auto Components,3.6k,11.9k,30,260,Noida +94 other locations
226,Ipca Laboratories,3.8,Pharma,3.6k,11.5k,47,214,Mumbai +162 other locations
227,Aarti Industries,4.1,Agro Chemicals,3.6k,14.5k,65,334,Bharuch +59 other locations
228,Reliance Projects & Property Management Services,4.0,Other,3.6k,7.3k,--,215,Kolkata +625 other locations
229,Blinkit,3.8,Internet,3.6k,13.6k,--,369,Gurugram +156 other locations
230,UNO Minda,4.0,Auto Components,3.6k,11.5k,63,266,Pune +110 other locations
231,Reliance Digital,4.1,Retail,3.6k,8.3k,--,172,Mumbai +380 other locations
232,IGT Solutions,3.2,BPO,3.5k,13.9k,74,257,New Delhi +47 other locations
233,MRF Tyres,3.6,Auto Components,3.5k,13.1k,19,382,Chennai +194 other locations
234,Indian Oil Corporation,4.3,Oil & Gas,3.5k,7.9k,--,242,New Delhi +310 other locations
235,ArcelorMittal Nippon Steel India,4.1,Iron & Steel,3.5k,12.4k,8,280,Surat +87 other locations
236,Johnson Controls,3.5,Industrial Automation,3.5k,17.8k,5,307,Pune +58 other locations
237,Alkem Laboratories,3.9,Pharma,3.5k,9.9k,23,202,Mumbai +199 other locations
238,"NTT DATA, Inc.",3.9,IT Services & Consulting,3.5k,20.8k,89,156,Bengaluru +37 other locations
239,Honda Motorcycle & Scooter,4.1,Automobile,3.5k,11.2k,--,207,Gurugram +300 other locations
240,[24]7.ai,3.4,Software Product,3.5k,11.7k,66,191,Bengaluru +36 other locations
241,Vishal Mega Mart,3.7,Retail,3.4k,6.2k,4,216,New Delhi +378 other locations
242,UBS,3.8,Financial Services,3.4k,32.2k,2,377,Pune +19 other locations
243,Hindustan Coca Cola Beverages,4.0,Beverage,3.4k,7.9k,56,184,Bengaluru +263 other locations
244,Barclays,3.7,Banking,3.4k,33.5k,--,323,Pune +38 other locations
245,Bajaj General Insurance Limited,3.7,Insurance,3.4k,11k,381,141,Pune +306 other locations
246,IndusInd Nippon Life Insurance,3.4,,3.4k,8.1k,1,172,
247,ABB,4.0,Industrial Machinery,3.4k,18.5k,425,297,Bengaluru +108 other locations
248,DTDC Express,3.7,Logistics,3.4k,8.9k,38,198,New Delhi +273 other locations
249,Ceat Tyres,3.9,Auto Components,3.4k,13.1k,49,213,Nagpur +141 other locations
250,Ford Motor,4.2,Automobile,3.4k,15.5k,1,176,Chennai +130 other locations
251,TVS Credit Services Ltd,4.2,NBFC,3.4k,7.4k,30,164,Chennai +442 other locations
252,NatWest Group,3.9,Banking,3.3k,21.4k,51,237,Gurugram +29 other locations
253,RSPL Group,4.1,FMCG,3.3k,9.9k,86,260,Kanpur +256 other locations
254,AGS Health,4.0,Analytics & KPO,3.3k,14.7k,48,217,Chennai +64 other locations
255,HARMAN,3.8,Consumer Electronics & Appliances,3.3k,24.2k,119,295,Bengaluru +42 other locations
256,Croma,3.8,Retail,3.3k,9.3k,38,189,Mumbai +192 other locations
257,Conduent,3.4,BPO,3.3k,17.2k,315,239,Bengaluru +35 other locations
258,Niva Bupa Health Insurance Company,4.0,Insurance,3.3k,8.5k,133,379,New Delhi +323 other locations
259,Alstom Transportation,3.7,Engineering & Construction,3.3k,15.5k,242,283,Bengaluru +80 other locations
260,InterGlobe Aviation,3.5,Aviation,3.3k,13.5k,38,377,New Delhi +104 other locations
261,Indian Air Force,4.6,Defence & Aerospace,3.3k,5.2k,2,86,New Delhi +134 other locations
262,Tata Technologies,3.4,Engineering & Construction,3.2k,23.2k,137,314,Pune +57 other locations
263,Tata AIG,4.0,Insurance,3.2k,11.7k,111,195,Mumbai +261 other locations
264,GeBBS Healthcare Solutions,3.8,BPO,3.2k,11.3k,85,186,Mumbai +26 other locations
265,UPL,4.1,Agro Chemicals,3.2k,11.1k,32,223,Ankleshwar +184 other locations
266,Allcargo Logistics,3.8,Logistics,3.2k,7k,34,139,Mumbai +175 other locations
267,Canara HSBC Life Insurance,4.1,Insurance,3.2k,6.2k,--,537,Gurugram +358 other locations
268,PepsiCo,4.0,Food Processing,3.2k,13.9k,208,247,Hyderabad +281 other locations
269,Max Healthcare,4.0,Healthcare,3.1k,10.5k,139,190,New Delhi +76 other locations
270,Sagility,3.9,BPO,3.1k,12.5k,101,250,Bengaluru +28 other locations
271,Dilip Buildcon,3.9,Engineering & Construction,3.1k,7.9k,12,189,Bhopal +230 other locations
272,Mankind Pharma,3.8,Pharma,3.1k,9.6k,7,258,New Delhi +247 other locations
273,Marpu Foundation,4.9,Non-Profit,3.1k,61,--,266,Hyderabad +61 other locations
274,Amazon Transportation Services,4.2,Logistics,3.1k,8.5k,--,259,Hyderabad +223 other locations
275,Titan Company,4.2,Retail,3.1k,9.7k,115,208,Bengaluru +184 other locations
276,Jindal Stainless,4.2,Iron & Steel,3.1k,11.6k,102,325,Jajpur +77 other locations
277,Walmart,3.5,Retail,3.1k,23.7k,288,445,Bengaluru +91 other locations
278,Societe Generale Global Solution Centre,3.6,IT Services & Consulting,3.1k,23.4k,90,303,Bengaluru +23 other locations
279,Varroc Group,3.6,Auto Components,3.1k,9.6k,25,224,Pune +61 other locations
280,S&P Global,4.0,Analytics & KPO,3.1k,20.8k,304,334,Hyderabad +47 other locations
281,MSN Laboratories,3.6,Pharma,3.1k,9.6k,30,179,Hyderabad +105 other locations
282,Quest Global,3.5,IT Services & Consulting,3.1k,21.6k,217,365,Bengaluru +49 other locations
283,Afcons Infrastructure,4.2,Engineering & Construction,3.1k,8.7k,37,269,Mumbai +123 other locations
284,Torrent Pharmaceuticals,4.0,Pharma,3.1k,10.5k,31,173,Ahmedabad +131 other locations
285,Ola Electric Mobility,3.3,Automobile,3k,9.6k,--,311,Bengaluru +436 other locations
286,ESAF Small Finance Bank,3.6,Banking,3k,7.5k,60,172,Thrissur +456 other locations
287,IDFC FIRST Bharat,4.2,Financial Services,3k,5.2k,9,155,Chennai +440 other locations
288,Future Group,4.3,Retail,3k,6.4k,--,84,Mumbai +207 other locations
289,Square Yards,3.6,Internet,3k,9.4k,84,231,Gurugram +51 other locations
290,HDFC Sales,3.9,Financial Services,3k,8.4k,48,197,Mumbai +350 other locations
291,CMS IT Services,3.1,IT Services & Consulting,3k,9.4k,46,160,Mumbai +152 other locations
292,Zensar Technologies,3.7,IT Services & Consulting,3k,25.8k,406,283,Pune +29 other locations
293,Tata Elxsi,3.4,IT Services & Consulting,3k,23.6k,53,344,Bengaluru +30 other locations
294,DS Group,4.1,FMCG,3k,7.4k,57,227,Noida +285 other locations
295,Bharat Financial Inclusion,3.7,Financial Services,3k,5.2k,6,126,Hyderabad +503 other locations
296,I Process Services,3.8,Recruitment,3k,5.5k,--,138,Mumbai +405 other locations
297,Suzlon Group,4.0,Power,3k,7.8k,16,182,Pune +144 other locations
298,ACC,3.9,Building Material,2.9k,9.1k,13,237,Mumbai +274 other locations
299,Fujitsu,3.8,IT Services & Consulting,2.9k,17.7k,112,214,Pune +41 other locations
300,Eternal Limited,3.6,Internet,2.9k,14.7k,9,363,Gurugram +218 other locations
301,Indus Towers,3.6,Telecom,2.9k,9.3k,32,228,Gurugram +241 other locations
302,VVDN Technologies,3.6,IT Services & Consulting,2.9k,13.9k,7,262,Gurugram +49 other locations
303,Shoppers Stop,4.0,Retail,2.9k,6.9k,33,146,Mumbai +85 other locations
304,Nokia,4.0,Telecom,2.9k,17k,211,327,Bengaluru +165 other locations
305,IKS Health,3.6,Healthcare,2.9k,11.5k,27,269,Mumbai +31 other locations
306,Tata Electronics,3.9,Semiconductors,2.9k,12.1k,143,280,Hosur +56 other locations
307,Zepto,3.5,Internet,2.9k,9.9k,39,469,Bengaluru +107 other locations
308,Yazaki,3.9,Auto Components,2.9k,9.1k,1,191,Pune +94 other locations
309,Apollo Tyres,4.0,Auto Components,2.9k,10k,8,155,Chennai +178 other locations
310,Fiserv,2.8,FinTech,2.8k,17.7k,29,197,Pune +33 other locations
311,Shree Cement,3.8,Building Material,2.8k,10k,14,227,Beawar +258 other locations
312,Britannia,4.0,FMCG,2.8k,8.3k,21,238,Pune +306 other locations
313,Landmark Group,3.8,Retail,2.8k,9.5k,6,177,Bengaluru +175 other locations
314,Dalmia Bharat Cement,3.9,Building Material,2.8k,5.3k,1,204,Guwahati +255 other locations
315,UnitedHealth,4.0,Healthcare,2.8k,14k,--,84,Hyderabad +18 other locations
316,SRF,4.1,Chemicals,2.8k,9k,11,210,Bharuch +67 other locations
317,Blue Dart Express Ltd,3.9,Logistics,2.8k,6.8k,2,132,Mumbai +278 other locations
318,Kansai Nerolac Paints,3.8,Chemicals,2.8k,7.9k,69,196,Mumbai +258 other locations
319,Nestlé,3.7,FMCG,2.8k,10k,35,288,Gurugram +281 other locations
320,Exide Industries,3.4,Auto Components,2.7k,8.7k,54,218,Kolkata +199 other locations
321,Shell,3.9,Oil & Gas,2.7k,14.2k,88,237,Bengaluru +91 other locations
322,ZS,3.1,Management Consulting,2.7k,21.3k,138,528,Pune +17 other locations
323,Exl India,3.5,Logistics,2.7k,16.6k,1,132,New Delhi +45 other locations
324,Star Health & Allied Insurance,3.5,Insurance,2.7k,10.3k,31,157,Chennai +334 other locations
325,Flex,3.9,Electronics Manufacturing,2.7k,15.7k,55,214,Chennai +46 other locations
326,KPMG Global Services,3.4,Management Consulting,2.7k,24.2k,33,265,Bengaluru +38 other locations
327,Micro Labs,3.6,Pharma,2.7k,9.9k,21,153,Bengaluru +153 other locations
328,Whitehat jr,3.3,EdTech,2.7k,9.1k,--,265,Mumbai +48 other locations
329,TVS Supply Chain Solutions,3.8,Logistics,2.7k,8.5k,14,162,Chennai +154 other locations
330,ElasticRun,3.6,Logistics,2.7k,6.3k,2,276,Pune +389 other locations
331,Capita,3.5,BPO,2.7k,12.7k,42,168,Pune +32 other locations
332,Physicswallah,3.6,EdTech,2.7k,8.7k,313,291,Noida +136 other locations
333,KFintech,3.4,Financial Services,2.7k,11.3k,6,178,Hyderabad +113 other locations
334,G4S,4.0,Law Enforcement & Security,2.6k,5.1k,747,134,Gurugram +164 other locations
335,Foxconn,3.8,Electronics Manufacturing,2.6k,11.3k,25,238,Chennai +64 other locations
336,Ajanta Pharma,3.9,Pharma,2.6k,8.9k,37,169,Mumbai +117 other locations
337,Voltas,4.0,Consumer Electronics & Appliances,2.6k,8.7k,22,177,Mumbai +202 other locations
338,Blue Star,4.1,Consumer Electronics & Appliances,2.6k,9.9k,105,200,Mumbai +147 other locations
339,Care Health Insurance,3.5,Insurance,2.6k,8.8k,47,164,Gurugram +250 other locations
340,Sonalika Tractors,3.5,Automobile,2.6k,9.1k,20,176,Hoshiarpur +195 other locations
341,Movate,3.1,IT Services & Consulting,2.6k,15.2k,120,297,Chennai +38 other locations
342,Gallagher,3.6,Insurance,2.6k,14.6k,139,275,Bengaluru +29 other locations
343,BlackBuck,3.7,Internet,2.6k,6.4k,30,216,Bengaluru +362 other locations
344,Photon Interactive,4.0,IT Services & Consulting,2.6k,7.5k,680,138,Chennai +19 other locations
345,NoBroker,3.0,Internet,2.6k,10.9k,376,286,Bengaluru +46 other locations
346,Tata Advanced Systems,3.7,Defence & Aerospace,2.6k,13k,--,189,Bengaluru +57 other locations
347,DBS Bank,3.7,Banking,2.6k,13.3k,24,200,Hyderabad +179 other locations
348,ACT Fibernet,3.8,Telecom,2.6k,7.8k,144,161,Hyderabad +57 other locations
349,Domino's Pizza,3.9,Hospitality,2.6k,4.2k,--,131,New Delhi +251 other locations
350,Adani Power,3.7,Power,2.6k,10.1k,--,320,Mundra +129 other locations
351,Fortis Healthcare,4.0,Healthcare,2.6k,7.7k,866,194,New Delhi +69 other locations
352,Foundever,3.4,BPO,2.6k,8.9k,55,182,Hyderabad +21 other locations
353,Himalaya Wellness,3.9,Pharma,2.6k,6k,29,151,Bengaluru +243 other locations
354,BT Group,3.8,Telecom,2.5k,11.8k,3,231,Gurugram +25 other locations
355,IntouchCX,2.7,BPO,2.5k,10.2k,218,241,Hyderabad +22 other locations
356,Sahrudaya Healthcare (Medicover Hospitals),4.4,Healthcare,2.5k,3.6k,35,146,Hyderabad +46 other locations
357,Laurus Labs,4.3,Pharma,2.5k,7.3k,5,157,Visakhapatnam +34 other locations
358,Alldigi Tech,3.9,BPO,2.5k,7.6k,26,235,Chennai +36 other locations
359,Sterlite Technologies,3.8,Hardware & Networking,2.5k,10.1k,122,186,Chhatrapati Sambhajinagar +100 other locations
360,Sterlite Technologies,3.8,Hardware & Networking,2.5k,10.1k,122,186,Chhatrapati Sambhajinagar +100 other locations
361,JCB,3.9,Industrial Machinery,2.5k,9.8k,11,171,Pune +111 other locations
362,Northern Trust Operating Services,3.6,Financial Services,2.5k,17.6k,113,244,Bengaluru +27 other locations
363,Tractors and Farm Equipment,3.9,Industrial Machinery,2.5k,8.3k,42,136,Chennai +191 other locations
364,Bajaj Electricals,4.0,Consumer Electronics & Appliances,2.5k,7.4k,24,153,Mumbai +233 other locations
365,Sammaan Capital Limited,3.7,NBFC,2.5k,5.8k,14,114,Gurugram +199 other locations
366,Parle Agro,3.9,Beverage,2.5k,6.7k,1,149,Mumbai +259 other locations
367,Planet Spark,3.8,EdTech,2.5k,3.7k,64,595,Gurugram +59 other locations
368,ICICI Securities,3.9,Financial Services,2.4k,9.7k,7,198,Mumbai +151 other locations
369,Biocon Limited,4.0,Biotechnology,2.4k,11.6k,18,189,Bengaluru +65 other locations
370,CorroHealth Infotech,3.6,Analytics & KPO,2.4k,7.7k,62,284,Hyderabad +38 other locations
371,McDonald's,3.9,Hospitality,2.4k,5.1k,--,158,New Delhi +151 other locations
372,Emcure Pharmaceuticals,3.7,Pharma,2.4k,8.5k,51,131,Pune +119 other locations
373,Adani Group,3.8,Power,2.4k,11.1k,881,299,Ahmedabad +196 other locations
374,Hero FinCorp,3.9,NBFC,2.4k,5.8k,31,124,New Delhi +395 other locations
375,Paras Hospital,4.1,Healthcare,2.4k,3.2k,35,99,Patna +60 other locations
376,Intellect Design Arena,3.6,Software Product,2.4k,13.7k,16,182,Chennai +40 other locations
377,Datamatics Global Services,3.3,IT Services & Consulting,2.4k,11.7k,84,184,Mumbai +37 other locations
378,Mahindra Holidays & Resorts,3.5,Hospitality,2.4k,5.9k,51,131,Mumbai +113 other locations
379,Patanjali Ayurved,3.9,FMCG,2.4k,5.7k,--,137,Haridwar +296 other locations
380,Mahindra Rural Housing Finance,4.0,NBFC,2.4k,4.8k,16,104,Mumbai +469 other locations
381,Statestreet HCL Services,3.4,BPO,2.4k,13.2k,--,220,Chennai +18 other locations
382,TaskUs,3.0,BPO,2.4k,9.6k,215,229,Indore +36 other locations
383,Cadila Pharmaceuticals,3.2,Pharma,2.4k,8.1k,77,159,Ahmedabad +134 other locations
384,Syngene International,3.8,Clinical Research,2.4k,12.7k,5,191,Bengaluru +22 other locations
385,3i Infotech,3.4,IT Services & Consulting,2.4k,10.7k,71,168,Mumbai +131 other locations
386,Taj Hotels Resorts and Palaces,4.2,Hospitality,2.4k,4.9k,359,163,Mumbai +110 other locations
387,Aditya Birla Group,4.1,Metals & Mining,2.4k,10.1k,2,244,Mumbai +271 other locations
388,Capgemini Engineering,3.3,IT Services & Consulting,2.4k,13.9k,--,401,Bengaluru +28 other locations
389,Axis Direct,3.6,Financial Services,2.4k,4.6k,44,88,Mumbai +270 other locations
390,Cholamandalam MS General Insurance,3.7,Insurance,2.4k,5.9k,--,115,Chennai +392 other locations
391,Info Edge,3.9,Internet,2.4k,11.3k,361,381,Noida +70 other locations
392,Bureau Veritas,3.8,Other,2.4k,8.3k,47,145,Mumbai +150 other locations
393,Delhi Public School,3.7,Education & Training,2.4k,5.3k,145,160,New Delhi +278 other locations
394,RMSI,3.5,IT Services & Consulting,2.3k,8.9k,5,195,Hyderabad +24 other locations
395,KocharTech,3.6,IT Services & Consulting,2.3k,3.8k,28,83,Kolkata +25 other locations
396,Cybage,3.8,IT Services & Consulting,2.3k,17.2k,23,213,Pune +15 other locations
397,Aavas Financiers,3.9,NBFC,2.3k,5.7k,65,122,Jaipur +294 other locations
398,GAO Tek,4.4,Electrical Equipment,2.3k,264,--,614,New York +44 other locations
399,Xoriant,4.0,IT Services & Consulting,2.3k,11.6k,30,235,Pune +23 other locations
400,Straive,3.3,IT Services & Consulting,2.3k,10.5k,55,224,Chennai +32 other locations
401,Sopra Steria,3.9,IT Services & Consulting,2.3k,14.2k,77,184,Noida +19 other locations
402,Kia India,3.9,Automobile,2.3k,8.2k,83,180,Anantapur +190 other locations
403,Akums Drugs & Pharmaceuticals Limited,4.2,Pharma,2.3k,6.3k,15,333,Haridwar +40 other locations
404,Newgen Software Technologies,4.1,IT Services & Consulting,2.3k,11.7k,54,206,Noida +32 other locations
405,Lodha,4.2,Real Estate,2.3k,8.8k,221,175,Mumbai +29 other locations
406,Apollo Pharmacy,3.7,Pharma,2.3k,6.9k,1k,190,Hyderabad +288 other locations
407,Lifestyle,4.2,Retail,2.3k,6.7k,29,84,Bengaluru +129 other locations
408,GVK Emergency Management and Research Institute,3.6,Non-Profit,2.3k,4.6k,69,119,Lucknow +214 other locations
409,Eureka Forbes,3.6,Consumer Electronics & Appliances,2.3k,5.6k,10,92,Mumbai +185 other locations
410,Sobha,3.8,Real Estate,2.3k,8.3k,--,165,Bengaluru +39 other locations
411,TCE,3.8,Engineering & Construction,2.3k,9.7k,57,297,Mumbai +132 other locations
412,SBI Securities,3.6,Financial Services,2.3k,6.7k,61,189,Mumbai +319 other locations
413,Bharat Petroleum,4.2,Oil & Gas,2.3k,7.4k,--,189,Mumbai +262 other locations
414,Team Computers,3.6,IT Services & Consulting,2.3k,8.6k,173,201,New Delhi +106 other locations
415,Unacademy,2.9,EdTech,2.3k,10.2k,39,239,Bengaluru +73 other locations
416,Radisson Hotels,4.0,Hospitality,2.2k,5.1k,418,105,New Delhi +129 other locations
417,Endurance Technologies Limited,4.0,Auto Components,2.2k,7.8k,29,138,Chhatrapati Sambhajinagar +51 other locations
418,Myntra,3.8,Internet,2.2k,10.7k,9,352,Bengaluru +101 other locations
419,Panasonic Life Solutions India,3.9,Consumer Electronics & Appliances,2.2k,6.8k,13,98,Haridwar +168 other locations
420,Star Union Dai-ichi Life Insurance,3.8,Insurance,2.2k,5.3k,16,138,Mumbai +324 other locations
421,Daikin Airconditioning India Pvt. Ltd.,4.1,Consumer Electronics & Appliances,2.2k,7.9k,5,214,Neemrana +108 other locations
422,AWL Agri Business,4.1,FMCG,2.2k,6.9k,12,137,Ahmedabad +203 other locations
423,BNP Paribas,3.7,Banking,2.2k,18.8k,25,217,Mumbai +27 other locations
424,Bharti AXA Life Insurance,3.6,Insurance,2.2k,5.3k,74,154,Mumbai +244 other locations
425,Cisco,4.1,Hardware & Networking,2.2k,18.9k,209,414,Bengaluru +46 other locations
426,SBI General Insurance,3.6,Insurance,2.2k,6.6k,37,134,Mumbai +293 other locations
427,Lava International,3.9,Consumer Electronics & Appliances,2.2k,4.3k,5,87,Noida +222 other locations
428,Renault Nissan Technology & Business Centre India,3.7,Automobile,2.2k,14.9k,22,157,Chennai +21 other locations
429,Whirlpool,4.0,Consumer Electronics & Appliances,2.2k,7.8k,7,119,Pune +171 other locations
430,Coromandel International,4.1,Agro Chemicals,2.2k,7.7k,26,127,Visakhapatnam +185 other locations
431,Allstate,3.7,Insurance,2.2k,12.3k,18,156,Pune +17 other locations
432,GlaxoSmithKline Pharmaceuticals,4.0,Pharma,2.2k,5.8k,31,127,Bengaluru +215 other locations
433,ValueLabs,3.5,IT Services & Consulting,2.2k,16.2k,71,217,Hyderabad +20 other locations
434,Indian Railways,4.1,Railways,2.2k,3.5k,--,115,Kolkata +250 other locations
435,Sify Technologies,3.6,IT Services & Consulting,2.2k,10k,54,148,Chennai +134 other locations
436,Ambuja Cements,3.8,Building Material,2.2k,6.1k,--,164,Mumbai +259 other locations
437,Shahi Exports,3.9,Fashion & Textile,2.2k,6.9k,64,126,Bengaluru +71 other locations
438,Meesho,3.7,Internet,2.2k,9.6k,54,432,Bengaluru +131 other locations
439,Nokia Networks,4.1,Hardware & Networking,2.2k,10.4k,--,128,Chennai +86 other locations
440,Mercedes-Benz Research and Development India,3.6,IT Services & Consulting,2.1k,18.1k,125,209,Bengaluru +52 other locations
441,Bank of Baroda,3.5,Banking,2.1k,7k,--,120,Mumbai +299 other locations
442,Microsoft Corporation,3.8,Software Product,2.1k,30.7k,--,625,Bengaluru +46 other locations
443,Brakes India,3.9,Auto Components,2.1k,7.2k,37,109,Chennai +99 other locations
444,Life Insurance Corporation of India,4.4,Insurance,2.1k,4.5k,4,105,Mumbai +474 other locations
445,Generali Central Life Insurance,3.5,Insurance,2.1k,6.7k,25,121,Mumbai +205 other locations
446,JK Tyre,3.8,Auto Components,2.1k,6.9k,6,166,Chennai +148 other locations
447,Spark Minda,3.8,Auto Components,2.1k,7.3k,13,161,Pune +75 other locations
448,Poonawalla Fincorp,3.5,NBFC,2.1k,5.9k,16,86,Pune +262 other locations
449,upGrad,3.4,EdTech,2.1k,9.3k,50,217,Bengaluru +51 other locations
450,Cargill,3.9,Food Processing,2.1k,8.6k,168,113,Bengaluru +122 other locations
451,Saint-Gobain,3.8,Building Material,2.1k,11.9k,147,210,Mumbai +104 other locations
452,CAMS,3.6,Financial Services,2.1k,8.9k,21,150,Chennai +109 other locations
453,Henry Harvin Education,3.8,EdTech,2.1k,936,55,106,Noida +34 other locations
454,Jio Platforms,3.4,IT Services & Consulting,2.1k,14.6k,--,269,Mumbai +105 other locations
455,FirstCry,3.5,Retail,2.1k,8.8k,15,215,Pune +212 other locations
456,Manipal Hospitals,4.1,Healthcare,2.1k,7.1k,98,139,Bengaluru +66 other locations
457,BHEL,4.2,Electrical Equipment,2.1k,5.4k,53,137,Bengaluru +130 other locations
458,Power Mech Projects,3.8,Engineering & Construction,2.1k,6.7k,27,124,Hyderabad +152 other locations
459,Kotak Securities,3.5,Financial Services,2.1k,9.5k,37,147,Mumbai +142 other locations
460,Pfizer,3.9,Pharma,2.1k,5.9k,49,88,Visakhapatnam +133 other locations
461,Nuvoco Vistas,4.1,Building Material,2.1k,7.1k,23,134,Kolkata +201 other locations
462,NTT DATA Business Solutions,4.1,IT Services & Consulting,2.1k,12.9k,38,275,Bengaluru +32 other locations
463,Huawei Technologies,4.1,Telecom,2.1k,7.9k,34,121,Bengaluru +104 other locations
464,Force Motors,3.7,Automobile,2.1k,8.3k,28,145,Pune +106 other locations
465,Simplex Infrastructures,3.4,Engineering & Construction,2.1k,4.4k,--,83,Kolkata +138 other locations
466,Infinite Computer Solutions,3.3,IT Services & Consulting,2.1k,15.5k,38,174,Bengaluru +36 other locations
467,"Maruti Suzuki India Limited, Hansalpur",4.2,Automobile,2.1k,6.8k,--,231,Ahmedabad +107 other locations
468,CitiusTech,3.1,IT Services & Consulting,2.1k,14.6k,11,318,Mumbai +17 other locations
469,Reliance Trends,4.1,Retail,2.1k,4.1k,--,125,Bengaluru +395 other locations
470,Raymond Lifestyle Limited,4.2,Fashion & Textile,2.1k,6.3k,19,116,Mumbai +150 other locations
471,ITC Hotels,4.1,Hospitality,2.1k,5.3k,--,105,Bengaluru +94 other locations
472,IndusInd General Insurance,3.6,Insurance,2.1k,7.2k,7,100,Mumbai +195 other locations
473,Biological E,4.2,Pharma,2k,7.1k,22,145,Hyderabad +73 other locations
474,Ola Cabs,3.3,Internet,2k,8.9k,7,154,Bengaluru +112 other locations
475,Delphi TVS,3.8,Auto Components,2k,5.6k,--,102,Chennai +61 other locations
476,Morgan Stanley,3.6,Financial Services,2k,27.2k,4,341,Mumbai +19 other locations
477,Renault-Nissan,4.1,Automobile,2k,7.5k,--,127,Chennai +85 other locations
478,Extramarks Education,3.3,EdTech,2k,7.4k,4,176,Noida +111 other locations
479,SGS,3.8,Engineering & Construction,2k,6.5k,121,129,Mumbai +146 other locations
480,EPAM Systems,3.7,IT Services & Consulting,2k,23.4k,45,643,Hyderabad +36 other locations
481,K12 Techno Services,3.7,EdTech,2k,5.3k,372,429,Bengaluru +43 other locations
482,YASH Technologies,3.7,IT Services & Consulting,2k,16.3k,419,172,Hyderabad +31 other locations
483,Aditya Birla Health Insurance Co,3.7,Insurance,2k,7.3k,2,127,Mumbai +255 other locations
484,Senco Gold,4.4,Jewellery,2k,1.5k,--,634,Kolkata +81 other locations
485,Novartis,4.1,Pharma,2k,10.3k,87,169,Hyderabad +75 other locations
486,IDBI Bank,3.3,Banking,2k,6.3k,--,86,Mumbai +336 other locations
487,Narayana Health,4.0,Healthcare,2k,6.1k,94,96,Bengaluru +63 other locations
488,HSBC Electronic Data Processing,4.0,IT Services & Consulting,2k,8.6k,--,91,Bengaluru +19 other locations
489,SAP,4.1,Software Product,2k,18k,--,320,Bengaluru +53 other locations
490,Ninjacart,3.8,Internet,2k,5.1k,25,104,Bengaluru +113 other locations
491,State Street Syntel,3.7,Financial Services,2k,6.7k,--,80,Pune +21 other locations
492,Shadowfax Technologies,3.5,Logistics,2k,7.6k,36,168,Bengaluru +245 other locations
493,Trent,3.9,Retail,2k,4.9k,25,109,Mumbai +149 other locations
494,AECOM,4.2,Engineering & Construction,2k,7.1k,204,153,Gurugram +123 other locations
495,Schindler,3.9,Industrial Machinery,2k,6.2k,70,123,Pune +90 other locations
496,L&T Energy Hydrocarbon,3.8,Engineering & Construction,2k,8.4k,--,118,Vadodara +88 other locations
497,Honeywell Automation,3.8,Industrial Automation,2k,12.3k,--,137,Pune +78 other locations
498,R.R. Donnelley,3.6,Marketing & Advertising,2k,10.2k,14,129,Chennai +26 other locations
499,Haier Appliances India,4.0,Consumer Electronics & Appliances,2k,7.1k,38,165,Pune +164 other locations
500,Paisabazaar.com,3.4,Internet,1.9k,7k,62,169,Gurugram +35 other locations
501,NCR Voyix,3.4,IT Services & Consulting,1.9k,9.5k,33,143,Hyderabad +89 other locations
502,Motherson Automotive Technologies and Engineering,3.7,Auto Components,1.9k,7.6k,29,159,Chennai +66 other locations
503,V-Guard Industries,4.3,Consumer Electronics & Appliances,1.9k,4.6k,24,119,Kochi +170 other locations
504,Dr Lal PathLabs,4.2,Healthcare,1.9k,4.6k,93,185,New Delhi +200 other locations
505,Microland,3.5,IT Services & Consulting,1.9k,10.7k,494,146,Bengaluru +46 other locations
506,Philips,3.8,Medical Equipment,1.9k,11.1k,168,178,Bengaluru +97 other locations
507,CMS Infosystems,3.5,Software Product,1.9k,4.8k,7,82,Mumbai +222 other locations
508,Uflex,3.8,Packaging,1.9k,6.8k,60,129,Noida +46 other locations
509,Globiva,3.0,BPO,1.9k,5.3k,186,139,Gurugram +30 other locations
510,Crisil,3.5,Analytics & KPO,1.9k,13.5k,728,215,Mumbai +80 other locations
511,Spinny,3.6,Internet,1.9k,7.6k,44,211,Gurugram +62 other locations
512,Gabriel India Limited,4.1,Auto Components,1.9k,5.9k,3,132,Pune +52 other locations
513,CNH (Case New Holland),3.7,Industrial Machinery,1.9k,6.1k,30,140,Gurugram +137 other locations
514,Parle Products,3.9,FMCG,1.9k,3.6k,20,124,Mumbai +248 other locations
515,Adecco Group,3.8,Recruitment,1.9k,7.3k,--,119,Bengaluru +181 other locations
516,Aye Finance,4.1,NBFC,1.9k,3.5k,68,100,Gurugram +372 other locations
517,HTC Global Services,3.4,IT Services & Consulting,1.9k,13.3k,2,167,Chennai +32 other locations
518,Aadhar Housing Finance,4.0,NBFC,1.9k,4.9k,12,119,Mumbai +328 other locations
519,Angel One,3.6,FinTech,1.9k,7.7k,41,170,Mumbai +133 other locations
520,DHL Supply Chain,4.2,Logistics,1.9k,6.1k,75,125,Mumbai +100 other locations
521,G R Infraprojects,4.1,Engineering & Construction,1.9k,5.4k,26,166,Gurugram +158 other locations
522,Lucas-TVS,3.9,Auto Components,1.9k,6.1k,16,94,Chennai +78 other locations
523,Google,4.4,Software Product,1.9k,34.5k,472,1k,Bengaluru +86 other locations
524,Tekwissen,4.9,IT Services & Consulting,1.9k,593,54,341,Visakhapatnam +5 other locations
525,Thomson Reuters,3.7,Software Product,1.9k,10.8k,116,140,Bengaluru +27 other locations
526,TELUS Digital,3.5,IT Services & Consulting,1.9k,10.1k,27,143,Noida +27 other locations
527,NTPC,4.2,Power,1.9k,4.3k,--,189,New Delhi +124 other locations
528,Infinx,3.7,Software Product,1.9k,5.5k,37,208,Hyderabad +35 other locations
529,Tata Power,3.9,Power,1.9k,7.4k,8,220,Mumbai +153 other locations
530,Iris Software,3.8,IT Services & Consulting,1.9k,8k,506,206,Noida +23 other locations
531,Safexpress,3.9,Logistics,1.9k,5.8k,4,129,New Delhi +158 other locations
532,ICICI Home Finance,3.7,Financial Services,1.9k,5.3k,12,102,Mumbai +220 other locations
533,Trident Group,3.2,Fashion & Textile,1.9k,5.4k,40,136,Barnala +58 other locations
534,Verizon,3.5,Telecom,1.9k,11.8k,3,135,Hyderabad +12 other locations
535,NeoSOFT,3.3,IT Services & Consulting,1.9k,10.8k,39,301,Mumbai +24 other locations
536,PI Industries,3.8,Agro Chemicals,1.9k,6.9k,11,139,Vadodara +107 other locations
537,CSB Bank,3.3,Banking,1.9k,7k,1.1k,108,Mumbai +235 other locations
538,Torrent Power,3.8,Power,1.9k,7.8k,76,167,Ahmedabad +61 other locations
539,Tata Tele Business Services,3.6,Telecom,1.9k,4.5k,41,56,Mumbai +136 other locations
540,Jindal Saw,4.1,Iron & Steel,1.9k,6.6k,48,148,Mundra +77 other locations
541,Hindustan Aeronautics,4.3,Defence & Aerospace,1.9k,4.4k,1,89,Bengaluru +64 other locations
542,TVS Sundram Fasteners,3.6,Auto Components,1.9k,6.6k,15,94,Chennai +64 other locations
543,Polycab Wires,4.0,Electrical Equipment,1.9k,7.3k,69,135,Vadodara +167 other locations
544,Aragen Life Sciences,3.9,Clinical Research,1.8k,6.5k,101,129,Hyderabad +29 other locations
545,KENT RO Systems,3.7,Consumer Electronics & Appliances,1.8k,4.3k,7,103,Noida +152 other locations
546,Medi Assist India,3.5,Insurance,1.8k,7.4k,16,140,Bengaluru +66 other locations
547,First American (India),3.5,Insurance,1.8k,9.5k,66,100,Bengaluru +22 other locations
548,Godrej Properties,3.7,Real Estate,1.8k,9.1k,--,132,Mumbai +34 other locations
549,AXA Global Business Services,3.7,IT Services & Consulting,1.8k,7.2k,6,104,Pune +11 other locations
550,Infra.Market,3.9,Building Material,1.8k,3.8k,--,279,Mumbai +132 other locations
551,Provana,4.0,BPO,1.8k,4.3k,40,210,Noida +11 other locations
552,Fusion CX,3.3,BPO,1.8k,4.4k,187,145,Kolkata +58 other locations
553,Capri Global Capital,3.6,NBFC,1.8k,4.2k,--,74,New Delhi +334 other locations
554,Honda Cars,4.3,Automobile,1.8k,6.4k,--,113,Bhiwadi +114 other locations
555,AkzoNobel,4.1,Chemicals,1.8k,4.4k,20,142,Pune +160 other locations
556,Haldiram Foods International Limited,3.8,FMCG,1.8k,5.9k,--,159,Nagpur +169 other locations
557,Sterling & Wilson,4.0,Engineering & Construction,1.8k,6.7k,56,83,Mumbai +131 other locations
558,DIVI'S Laboratories,3.6,Pharma,1.8k,6.9k,--,103,Visakhapatnam +37 other locations
559,Innovsource Services,3.9,Recruitment,1.8k,4.7k,--,77,Mumbai +252 other locations
560,Cafe Coffee Day,3.7,Hospitality,1.8k,3.8k,8,84,Bengaluru +104 other locations
561,Digit Insurance,3.7,Insurance,1.8k,5.9k,80,233,Bengaluru +89 other locations
562,Hindustan Petroleum,4.2,Oil & Gas,1.8k,6k,--,118,Mumbai +258 other locations
563,MetLife,4.0,Insurance,1.8k,9.3k,92,102,Noida +44 other locations
564,Stellar Migration,1.3,Other,1.8k,--,--,2,Dubai +7 other locations
565,SS&C TECHNOLOGIES,3.2,IT Services & Consulting,1.8k,13.5k,129,199,Mumbai +29 other locations
566,Tata Communications Transformation Services,3.8,Telecom,1.8k,8.5k,--,101,Pune +95 other locations
567,Reckitt Benckiser,4.0,FMCG,1.8k,6.2k,54,107,Gurugram +137 other locations
568,LivSpace,3.3,Architecture & Interior Design,1.8k,8.1k,141,170,Bengaluru +53 other locations
569,USHA International,4.0,Consumer Electronics & Appliances,1.7k,4.8k,16,115,Gurugram +149 other locations
570,Isgec Heavy Engineering,3.8,Engineering & Construction,1.7k,6.9k,66,147,Noida +94 other locations
571,Air India,3.4,Aviation,1.7k,7.9k,55,219,New Delhi +67 other locations
572,Adani Green Energy,3.9,Power,1.7k,6k,1,160,Ahmedabad +115 other locations
573,USV,4.0,Pharma,1.7k,5.7k,98,88,Mumbai +107 other locations
574,Kalyan Jewellers,4.4,Jewellery,1.7k,1.6k,20,81,Thrissur +159 other locations
575,BT Business,3.9,Telecom,1.7k,9.2k,5,90,Gurugram +13 other locations
576,HDFC Securities,3.4,Financial Services,1.7k,5.9k,57,128,Mumbai +185 other locations
577,Security and Intelligence Services (India),4.0,Law Enforcement & Security,1.7k,4.5k,36,83,New Delhi +194 other locations
578,XBP Global,3.2,Internet,1.7k,7.6k,71,103,Chennai +23 other locations
579,Pine Labs,3.3,FinTech,1.7k,7.5k,6,136,Noida +120 other locations
580,Rungta Mines,4.0,Metals & Mining,1.7k,5.6k,1,189,Chaibasa +58 other locations
581,Annapurna Finance,3.8,NBFC,1.7k,3.7k,3,84,Bhubaneswar +401 other locations
582,Vedantu,3.3,EdTech,1.7k,8.1k,9,201,Bengaluru +72 other locations
583,Future Retail,4.4,Retail,1.7k,3.7k,--,58,Mumbai +197 other locations
584,Orchids International School,3.9,Education & Training,1.7k,3.9k,19,360,Bengaluru +35 other locations
585,Dhani Loans and Services,3.9,NBFC,1.7k,4.1k,24,70,Gurugram +185 other locations
586,Bata,3.5,Fashion & Textile,1.7k,4.2k,9,87,Gurugram +149 other locations
587,BVG India,4.2,Facility Management Services,1.7k,3.9k,121,172,Pune +136 other locations
588,Granules India Limited,3.8,Pharma,1.7k,6.4k,13,85,Hyderabad +22 other locations
589,Metro Cash & Carry,4.0,Retail,1.7k,4.8k,4,77,Bengaluru +89 other locations
590,Mother Dairy Fruit & Vegetable,4.0,Food Processing,1.7k,4.9k,4,105,New Delhi +129 other locations
591,Orange Business,4.1,IT Services & Consulting,1.7k,9k,12,119,Gurugram +52 other locations
592,Hitachi Astemo,4.1,Auto Components,1.7k,6.5k,--,140,Neemrana +53 other locations
593,TTEC India,3.7,BPO,1.7k,5.5k,19,193,Ahmedabad +34 other locations
594,Cushman & Wakefield,4.1,Real Estate,1.7k,6.5k,175,123,Gurugram +44 other locations
595,FactSet,3.7,Analytics & KPO,1.7k,10.7k,17,233,Hyderabad +16 other locations
596,NEC,4.0,IT Services & Consulting,1.7k,5.5k,3,79,Noida +54 other locations
597,Indian Navy,4.6,Defence & Aerospace,1.7k,3.4k,--,39,Mumbai +75 other locations
598,Sysnet Global Technologies,3.7,IT Services & Consulting,1.7k,4.3k,5,142,New Delhi +154 other locations
599,Medanta the Medicity,4.0,Healthcare,1.7k,5.1k,99,131,Gurugram +50 other locations
600,Health Care Global Enterprises,4.4,Healthcare,1.7k,2.8k,141,175,Bengaluru +53 other locations
601,HighRadius,2.5,Software Product,1.7k,9k,64,213,Hyderabad +15 other locations
602,Caterpillar Inc,4.1,Industrial Machinery,1.7k,11.2k,229,210,Chennai +43 other locations
603,Cavinkare,3.9,FMCG,1.7k,5k,12,72,Chennai +171 other locations
604,IIFL SAMASTA,3.7,NBFC,1.7k,3.2k,8,84,Bengaluru +410 other locations
605,Frankfinn Institute of Air Hostess Training,3.9,Education & Training,1.7k,3.2k,77,127,Gurugram +61 other locations
606,KONE,4.1,Industrial Machinery,1.7k,5.7k,45,143,Chennai +73 other locations
607,MagicBricks,4.0,Internet,1.6k,4.6k,12,350,Noida +35 other locations
608,Yamaha Motor,4.1,Automobile,1.6k,5.2k,2,92,Chennai +154 other locations
609,L.G.Balakrishnan & Bros,3.5,Auto Components,1.6k,5.8k,12,85,Coimbatore +63 other locations
610,Rane (Madras),3.9,Auto Components,1.6k,4.9k,39,96,Chennai +58 other locations
611,BA Continuum,3.9,IT Services & Consulting,1.6k,10.1k,--,113,Hyderabad +17 other locations
612,Compass Group Support Services,4.0,Facility Management Services,1.6k,5.5k,31,89,Bengaluru +78 other locations
613,NielsenIQ,3.5,Analytics & KPO,1.6k,10.3k,39,235,Chennai +54 other locations
614,DHL Express,4.1,Logistics,1.6k,6.2k,--,79,Mumbai +89 other locations
615,JSW Bhushan Power & Steel,4.0,Iron & Steel,1.6k,4.9k,--,81,Jharsuguda +64 other locations
616,Clover Infotech,3.4,IT Services & Consulting,1.6k,11.9k,128,141,Mumbai +23 other locations
617,Patanjali Foods,3.7,FMCG,1.6k,4.5k,14,107,Haridwar +238 other locations
618,Tata 1mg,3.5,Internet,1.6k,7k,81,223,Gurugram +63 other locations
619,Vardhman Fabrics,4.0,Fashion & Textile,1.6k,5.2k,10,82,Baddi +65 other locations
620,ReNew,4.2,Power,1.6k,6.2k,71,142,Gurugram +105 other locations
621,CG Power and Industrial Solutions,3.8,Electrical Equipment,1.6k,6.6k,2,108,Bhopal +91 other locations
622,Procter & Gamble,4.0,FMCG,1.6k,6k,--,134,Mumbai +253 other locations
623,Johnson & Johnson,3.9,Healthcare,1.6k,5.8k,50,116,Mumbai +169 other locations
624,Matrimony.com,3.9,Internet,1.6k,4.5k,54,103,Chennai +63 other locations
625,Suryoday Small Finance Bank,4.0,Banking,1.6k,4.6k,14,98,Mumbai +232 other locations
626,Arvind Group,4.0,Fashion & Textile,1.6k,5.3k,--,81,Ahmedabad +91 other locations
627,Belrise Industries,3.7,Auto Components,1.6k,6k,10,106,Pune +56 other locations
628,Wipro Enterprises Ltd,3.7,FMCG,1.6k,8.2k,156,207,Bengaluru +121 other locations
629,Chegg,4.1,EdTech,1.6k,3.8k,9,167,New Delhi +78 other locations
630,CMA CGM,3.9,Ports & Shipping,1.6k,7.9k,28,101,Chennai +37 other locations
631,Toyota Kirloskar Motor,4.3,Automobile,1.6k,4.6k,12,82,Bengaluru +92 other locations
632,Krishna Maruti,3.8,Auto Components,1.6k,5.2k,12,133,Gurugram +52 other locations
633,Shriram Life Insurance,3.5,Insurance,1.6k,4.8k,17,113,Hyderabad +330 other locations
634,HERE Technologies,3.8,IT Services & Consulting,1.6k,7.8k,15,112,Mumbai +19 other locations
635,Tata Play,4.0,Broadcasting,1.6k,4.7k,2,90,Mumbai +222 other locations
636,Goldman Sachs,3.4,Financial Services,1.6k,20.6k,306,416,Bengaluru +22 other locations
637,Coronis Ajuba Solutions,4.0,BPO,1.6k,5.7k,21,93,Chennai +31 other locations
638,Hero Motors Company,3.9,Automobile,1.6k,6.2k,2,98,Ghaziabad +228 other locations
639,Dixon Technologies,3.9,Electronics Manufacturing,1.6k,5.7k,19,147,Noida +46 other locations
640,Veritas Finance,4.3,NBFC,1.6k,2.2k,--,89,Chennai +299 other locations
641,Marico,3.8,FMCG,1.6k,5.6k,30,102,Mumbai +184 other locations
642,Satin Creditcare Network,3.9,NBFC,1.6k,3.1k,12,65,Gurugram +330 other locations
643,Welspun Living Limited,3.9,Fashion & Textile,1.6k,5.1k,1,91,Anjar +86 other locations
644,Godrej Industries Group,3.9,Real Estate,1.6k,3.1k,1,152,Mumbai +149 other locations
645,Teva Pharmaceuticals,3.9,Pharma,1.6k,5.7k,17,120,Bengaluru +52 other locations
646,Emami,3.8,FMCG,1.6k,5.2k,10,106,Kolkata +168 other locations
647,ZF Commercial Vehicle Control Systems,3.8,Auto Components,1.6k,3.8k,--,83,Chennai +49 other locations
648,Sanofi,4.0,Pharma,1.6k,5.8k,122,102,Hyderabad +92 other locations
649,PharmEasy,3.7,Internet,1.6k,6.5k,--,119,Bengaluru +69 other locations
650,iOPEX Technologies,3.1,IT Services & Consulting,1.6k,6k,43,91,Chennai +15 other locations
651,Wockhardt,3.8,Pharma,1.6k,4.1k,55,66,Chhatrapati Sambhajinagar +83 other locations
652,Mercer,3.6,Management Consulting,1.6k,10k,106,98,New Delhi +17 other locations
653,Asahi India Glass,3.8,Auto Components,1.6k,5.2k,78,115,Chennai +89 other locations
654,Supreme Industries,4.0,Petrochemicals,1.6k,5.8k,1,100,Gwalior +124 other locations
655,Urban Company,3.3,Internet,1.6k,6.9k,120,170,Gurugram +59 other locations
656,Broadridge Financial Solutions,3.8,FinTech,1.6k,11k,68,163,Hyderabad +15 other locations
657,IFB,3.6,Consumer Electronics & Appliances,1.6k,5.3k,16,124,Bengaluru +178 other locations
658,Cemindia Projects,4.2,Engineering & Construction,1.5k,3.1k,7,92,Kolkata +88 other locations
659,IndiaFirst Life Insurance,3.8,Insurance,1.5k,3.9k,334,84,Mumbai +247 other locations
660,IndiaFirst Life Insurance,3.8,Insurance,1.5k,3.9k,334,84,Mumbai +247 other locations
661,Relaxo Footwear,4.0,Fashion & Textile,1.5k,4.5k,32,111,New Delhi +159 other locations
662,Marriott International,4.1,Hospitality,1.5k,4.7k,774,103,Bengaluru +91 other locations
663,Kotak Mahindra Prime,3.9,NBFC,1.5k,5.1k,--,72,Mumbai +176 other locations
664,Honda,4.1,Automobile,1.5k,3.9k,4,114,Gurugram +228 other locations
665,Amul India,4.0,Food Processing,1.5k,4.2k,1,158,Ahmedabad +206 other locations
666,Gujarat Fluorochemicals,3.9,Chemicals,1.5k,6.7k,18,108,Bharuch +31 other locations
667,Bajaj Capital,3.6,Financial Services,1.5k,3.7k,84,168,New Delhi +171 other locations
668,American Broadcasting Company,4.0,Engineering & Construction,1.5k,35.5k,4,597,Bengaluru +98 other locations
669,Muthoot Microfin,4.2,NBFC,1.5k,2.5k,7,85,Kochi +414 other locations
670,Lumax Industries,3.9,Auto Components,1.5k,5.7k,34,104,Gurugram +41 other locations
671,Dainik Bhaskar Group,4.1,Printing & Publishing,1.5k,4.3k,57,83,Bhopal +136 other locations
672,Nayara Energy,4.2,Oil & Gas,1.5k,6.1k,1,97,Jamnagar +98 other locations
673,Suguna Foods,3.9,Food Processing,1.5k,4.2k,38,97,Coimbatore +205 other locations
674,Patra India,3.5,BPO,1.5k,6.1k,4,119,Visakhapatnam +26 other locations
675,Tesco,3.5,Retail,1.5k,9.1k,8,149,Bengaluru +17 other locations
676,Hinduja Leyland Finance,3.9,NBFC,1.5k,3k,10,60,Chennai +298 other locations
677,Bisleri,4.2,Beverage,1.5k,4.4k,21,119,Mumbai +180 other locations
678,Labmentix,4.5,,1.5k,33,--,538,
679,Tata Consumer Products,3.5,FMCG,1.5k,5.9k,8,99,Bengaluru +226 other locations
680,Karur Vysya Bank,3.5,Banking,1.5k,4.9k,12,108,Chennai +193 other locations
681,SHYAM METALICS AND ENERGY,3.4,Metals & Mining,1.5k,4.8k,6,155,Kolkata +76 other locations
682,Evalueserve,3.0,Analytics & KPO,1.5k,10.4k,62,141,Gurugram +15 other locations
683,Steel Strips Wheels,3.8,Auto Components,1.5k,5.5k,34,89,Chennai +50 other locations
684,XL Dynamics,3.6,IT Services & Consulting,1.5k,3.6k,14,97,Mumbai +31 other locations
685,Oracle Cerner,3.3,Software Product,1.5k,10.1k,--,170,Bengaluru +7 other locations
686,Canara Bank,3.6,Banking,1.5k,4.1k,--,52,Bengaluru +227 other locations
687,Piramal Pharma,3.9,Pharma,1.5k,6.5k,44,122,Mumbai +83 other locations
688,SAI Life Sciences,3.9,Clinical Research,1.5k,6k,46,110,Hyderabad +26 other locations
689,GMR Group,3.9,Engineering & Construction,1.5k,4.6k,11,105,New Delhi +75 other locations
690,GE VERNOVA,4.1,Power,1.5k,5.5k,268,114,Bengaluru +84 other locations
691,HCL Infosystems,4.0,IT Services & Consulting,1.5k,6.9k,--,146,Noida +104 other locations
692,Page Industries,4.1,Fashion & Textile,1.5k,4.9k,9,73,Bengaluru +165 other locations
693,mPokket,4.5,NBFC,1.5k,1.6k,13,368,Kolkata +21 other locations
694,Tata AutoComp Systems,3.8,Auto Components,1.5k,6.9k,51,118,Pune +45 other locations
695,QualityKiosk Technologies,3.2,IT Services & Consulting,1.5k,11.3k,255,166,Mumbai +21 other locations
696,Ashoka Buildcon,4.1,Engineering & Construction,1.5k,4.2k,3,81,Nashik +155 other locations
697,Sonata Software,3.4,IT Services & Consulting,1.5k,11.8k,102,140,Bengaluru +17 other locations
698,Tanishq,4.1,Jewellery,1.5k,3.1k,1,113,Kolkata +238 other locations
699,Max Fashion,4.0,Retail,1.5k,3.4k,14,78,Bengaluru +153 other locations
700,Devyani International,3.8,Hospitality,1.5k,3.4k,15,71,New Delhi +135 other locations
701,Honeywell Technology Solutions,3.6,Industrial Automation,1.5k,11.4k,--,165,Bengaluru +18 other locations
702,Wheelseye Technology,3.4,Internet,1.5k,3.9k,19,119,Gurugram +222 other locations
703,V5 Global Services,3.9,Recruitment,1.5k,3.7k,7,94,New Delhi +216 other locations
704,Gland Pharma,4.0,Pharma,1.5k,5.8k,13,90,Hyderabad +35 other locations
705,Chandigarh University,4.3,Education & Training,1.5k,2.8k,53,108,Chandigarh +47 other locations
706,Acuity Analytics,3.1,Analytics & KPO,1.5k,12.6k,154,181,Bengaluru +16 other locations
707,Taurus BPO Services,4.1,BPO,1.5k,966,1,35,Pune +23 other locations
708,Daimler India Commercial Vehicles,3.9,Automobile,1.5k,6.7k,16,76,Chennai +49 other locations
709,Valeo,4.0,Auto Components,1.5k,8.1k,156,106,Chennai +23 other locations
710,Aon,3.8,Management Consulting,1.4k,6.3k,58,90,Bengaluru +25 other locations
711,Airtel Payments Bank,3.8,Banking,1.4k,5.2k,32,115,Gurugram +334 other locations
712,ISS Facility Services,4.0,Facility Management Services,1.4k,4.2k,14,69,Mumbai +65 other locations
713,Heritage Foods,4.1,Food Processing,1.4k,3.8k,35,103,Hyderabad +124 other locations
714,Apco Infratech,3.7,Engineering & Construction,1.4k,4.3k,41,140,Mumbai +95 other locations
715,Oberoi Group of Hotels,4.0,Hospitality,1.4k,3.8k,--,97,New Delhi +39 other locations
716,Indoco Remedies,3.5,Pharma,1.4k,5.6k,21,89,Mumbai +84 other locations
717,NIIT,3.5,Education & Training,1.4k,6k,19,108,Gurugram +102 other locations
718,Amneal Pharmaceuticals,4.2,Pharma,1.4k,6.1k,67,85,Ahmedabad +44 other locations
719,Apexon,3.3,IT Services & Consulting,1.4k,9.6k,40,177,Bengaluru +22 other locations
720,PNB Housing Finance,3.8,NBFC,1.4k,4.7k,--,55,New Delhi +169 other locations
721,Narayana Educational Society,3.6,Education & Training,1.4k,4.1k,8,68,Hyderabad +146 other locations
722,Bharat Forge,3.8,Auto Components,1.4k,6.4k,5,80,Pune +28 other locations
723,Hyatt Regency,4.0,Hospitality,1.4k,3k,--,61,New Delhi +50 other locations
724,SBFC Finance,3.8,NBFC,1.4k,2.8k,83,100,Mumbai +216 other locations
725,Happiest Minds Technologies,3.4,IT Services & Consulting,1.4k,12.6k,589,151,Bengaluru +17 other locations
726,Altimetrik,3.5,IT Services & Consulting,1.4k,12.1k,89,266,Bengaluru +15 other locations
727,Acmegrade,3.9,EdTech,1.4k,282,--,69,Bengaluru +21 other locations
728,Jaquar,4.1,Building Material,1.4k,5.2k,29,88,Gurugram +117 other locations
729,ALTEN,3.6,IT Services & Consulting,1.4k,8.3k,41,161,Bengaluru +28 other locations
730,Agilus Diagnostics,4.1,Healthcare,1.4k,3.4k,14,86,Mumbai +136 other locations
731,Aumovio,3.8,Auto Components,1.4k,9.3k,19,82,Bengaluru +21 other locations
732,Morningstar,3.7,Financial Services,1.4k,10.2k,50,265,Mumbai +18 other locations
733,Sony,4.2,Consumer Electronics & Appliances,1.4k,4.6k,18,84,New Delhi +143 other locations
734,AB InBev India,3.3,Beverage,1.4k,7.8k,103,114,Bengaluru +76 other locations
735,CIE Automotive India Limited (Formerly known as Mahindra CIE Automotive Limited),3.6,Auto Components,1.4k,4.9k,--,90,Pune +47 other locations
736,Indegene,3.2,Analytics & KPO,1.4k,9.7k,20,172,Bengaluru +32 other locations
737,Tieto,4.1,IT Services & Consulting,1.4k,9.5k,37,105,Pune +13 other locations
738,Fusion Finance,3.9,NBFC,1.4k,3.2k,7,59,New Delhi +346 other locations
739,Amara Raja Energy & Mobility,4.0,Auto Components,1.4k,4.1k,--,110,Tirupati +93 other locations
740,Slk Software Services,3.2,IT Services & Consulting,1.4k,9.4k,61,114,Bengaluru +15 other locations
741,Tata Group,4.2,IT Services & Consulting,1.4k,5.5k,1,383,Mumbai +167 other locations
742,Chetu,3.6,Software Product,1.4k,7.4k,3,232,Noida +14 other locations
743,Xiaomi,3.8,Consumer Electronics & Appliances,1.4k,5.7k,5,112,Bengaluru +213 other locations
744,Adobe,3.7,Software Product,1.4k,13.1k,229,270,Bengaluru +22 other locations
745,Vfs Global Services,3.4,IT Services & Consulting,1.4k,4.3k,6,72,Mumbai +32 other locations
746,IDC Technologies,3.1,IT Services & Consulting,1.4k,6.8k,--,76,Noida +66 other locations
747,J. Kumar Infraprojects,4.1,Engineering & Construction,1.4k,4.4k,3,93,Mumbai +41 other locations
748,Tenarai,3.5,Emerging Technologies,1.4k,11.1k,102,136,Bengaluru +23 other locations
749,Nykaa,3.4,Internet,1.4k,6.8k,15,153,Mumbai +115 other locations
750,VLCC,3.3,Beauty & Personal Care,1.4k,3.3k,32,53,New Delhi +110 other locations
751,DCM Shriram,4.1,Chemicals,1.4k,4.9k,21,109,Bharuch +108 other locations
752,Sansera Engineering,4.0,Auto Components,1.4k,5.5k,9,97,Bengaluru +28 other locations
753,VOIS,3.8,IT Services & Consulting,1.4k,8.4k,41,182,Pune +21 other locations
754,Unisys,3.5,IT Services & Consulting,1.4k,10.2k,32,81,Bengaluru +18 other locations
755,The Muthoot Group,3.6,Financial Services,1.4k,3.7k,--,84,New Delhi +309 other locations
756,AtkinsRealis,3.7,Engineering & Construction,1.4k,6k,358,109,Bengaluru +55 other locations
757,Eaton,4.0,Electronics Manufacturing,1.4k,8k,1,148,Pune +22 other locations
758,Oracle Financial Services Software,3.3,Software Product,1.4k,10.7k,--,194,Bengaluru +22 other locations
759,FedEx Express,4.0,Logistics,1.4k,5.1k,70,112,Mumbai +94 other locations
760,EOSGlobe,2.9,BPO,1.4k,3.9k,11,91,Mumbai +29 other locations
761,Kantar,3.5,Analytics & KPO,1.4k,6.7k,2,118,Bengaluru +44 other locations
762,MedPlus,3.6,Retail,1.4k,4.3k,59,108,Hyderabad +143 other locations
763,TEKsystems,3.1,IT Services & Consulting,1.4k,11k,18,138,Bengaluru +18 other locations
764,City Union Bank,3.0,Banking,1.4k,5.9k,7,123,Chennai +195 other locations
765,TCS iON,3.8,IT Services & Consulting,1.4k,4k,--,407,Hyderabad +113 other locations
766,TÜV SÜD,4.0,"Testing, Inspection and Certification (TIC)",1.4k,3.8k,154,104,Bengaluru +131 other locations
767,Worley,4.1,Engineering & Construction,1.4k,7.4k,104,140,Mumbai +56 other locations
768,Sharekhan,3.7,Financial Services,1.4k,5k,44,100,Mumbai +114 other locations
769,Fino Payments Bank,3.8,Banking,1.4k,4k,8,63,Mumbai +274 other locations
770,Aerial Telecom Solutions,4.2,Telecom,1.4k,2.2k,24,124,Sahibzada Ajit Singh Nagar +112 other locations
771,Rashmi Metaliks,3.1,Iron & Steel,1.4k,4.7k,5,115,Kharagpur +43 other locations
772,Novo Nordisk,3.7,Pharma,1.4k,6.4k,104,100,Bengaluru +74 other locations
773,iMerit,3.2,IT Services & Consulting,1.4k,5.5k,10,118,Kolkata +22 other locations
774,Sunknowledge Services,3.4,BPO,1.4k,3.8k,19,107,Kolkata +13 other locations
775,Bajaj Housing Finance,3.6,NBFC,1.4k,5.8k,86,71,Pune +166 other locations
776,Faurecia,3.9,Auto Components,1.4k,6k,13,72,Pune +28 other locations
777,Aforeserve,3.4,IT Services & Consulting,1.4k,3.7k,15,93,Mumbai +159 other locations
778,Paytm Payments Bank,3.8,Banking,1.4k,5.7k,--,142,Noida +135 other locations
779,Amity University,3.6,Education & Training,1.4k,5.2k,10,115,Noida +85 other locations
780,Incedo,2.9,IT Services & Consulting,1.4k,10.2k,40,203,Gurugram +13 other locations
781,Bharat FIH,3.7,Electronics Manufacturing,1.3k,5.3k,--,91,Chennai +39 other locations
782,Citco,3.1,Management Consulting,1.3k,9.5k,51,169,Pune +13 other locations
783,Sheenlac Paints,4.2,Chemicals,1.3k,1.7k,--,210,Chennai +162 other locations
784,Iffco Tokio General Insurance Co.,3.8,Insurance,1.3k,4.1k,--,50,Gurugram +282 other locations
785,JSW Cement,4.1,Building Material,1.3k,4.4k,19,136,Mumbai +144 other locations
786,DEXIT Global,3.5,IT Services & Consulting,1.3k,5.9k,1,139,Mumbai +151 other locations
787,INDIUM,4.0,IT Services & Consulting,1.3k,7k,128,254,Chennai +13 other locations
788,Unichem Laboratories,3.7,Pharma,1.3k,5.1k,53,95,Ghaziabad +76 other locations
789,Aptara,3.1,Content Development,1.3k,6.3k,9,78,Noida +15 other locations
790,GE,4.1,Defence & Aerospace,1.3k,7.4k,52,113,Bengaluru +76 other locations
791,Burger King,3.9,Hospitality,1.3k,3.5k,5,97,New Delhi +111 other locations
792,Collabera Talent Solutions,3.5,Recruitment,1.3k,6.9k,6,152,Bengaluru +43 other locations
793,TE Connectivity,4.1,Electronics Manufacturing,1.3k,7.4k,126,101,Bengaluru +22 other locations
794,Hindware Limited,3.9,Building Material,1.3k,4.6k,15,86,Hyderabad +133 other locations
795,FDC,3.7,Pharma,1.3k,3.7k,31,70,Mumbai +128 other locations
796,JioMart,3.9,Retail,1.3k,4.2k,--,118,Mumbai +294 other locations
797,The Ramco Cements,4.1,Building Material,1.3k,4.2k,1,426,Chennai +124 other locations
798,Big Bazaar,4.4,Retail,1.3k,2.2k,--,47,New Delhi +158 other locations
799,ZF Steering Gear,3.7,Auto Components,1.3k,7.3k,5,58,Hyderabad +34 other locations
800,CreditAccess Grameen,3.9,NBFC,1.3k,2.6k,16,54,Bengaluru +348 other locations
801,Grant Thornton,3.4,Accounting & Auditing,1.3k,11.4k,267,120,Bengaluru +59 other locations
802,Hatsun Agro Product,3.8,Food Processing,1.3k,4.7k,21,83,Chennai +127 other locations
803,Brillio,3.4,IT Services & Consulting,1.3k,10.6k,4,141,Bengaluru +14 other locations
804,GEP Worldwide,3.6,IT Services & Consulting,1.3k,9.3k,10,154,Mumbai +17 other locations
805,ManpowerGroup,3.6,Recruitment,1.3k,5.1k,273,71,Bengaluru +149 other locations
806,Cinépolis,3.8,Media & Entertainment,1.3k,2.9k,4,81,New Delhi +60 other locations
807,RBL FinServe,3.9,Financial Services,1.3k,3k,--,66,Mumbai +364 other locations
808,VIBGYOR Group of Schools,3.5,Education & Training,1.3k,4.2k,272,100,Bengaluru +37 other locations
809,Nippon Paint India,4.0,Chemicals,1.3k,3.8k,--,81,Chennai +163 other locations
810,Baroda Global Shared Services,3.8,BPO,1.3k,3k,39,130,Gandhinagar +181 other locations
811,Shubham Housing Development Finance,3.9,NBFC,1.3k,2.9k,8,52,New Delhi +159 other locations
812,Punjab National Bank,3.8,Banking,1.3k,3k,--,61,New Delhi +215 other locations
813,R Systems International,3.5,IT Services & Consulting,1.3k,7.4k,78,149,Noida +23 other locations
814,Viraj Profiles,4.0,Iron & Steel,1.3k,4.5k,--,100,Mumbai +28 other locations
815,CenturyPly,3.9,Furniture & Furnishing,1.3k,4.3k,27,94,Kolkata +146 other locations
816,Decathlon,3.7,Retail,1.3k,4.3k,--,119,Bengaluru +71 other locations
817,Atul,3.9,Chemicals,1.3k,5.2k,2,100,Valsad +64 other locations
818,Bluestock ™,4.5,FinTech,1.3k,58,--,386,Pune +44 other locations
819,Spicejet,3.3,Aviation,1.3k,5k,1,105,New Delhi +60 other locations
820,Fabindia,3.8,Retail,1.3k,4.1k,46,61,New Delhi +82 other locations
821,More Supermarket,3.7,Retail,1.3k,3.9k,36,93,Bengaluru +164 other locations
822,OM Logistics,3.9,Logistics,1.3k,3.8k,5,91,New Delhi +124 other locations
823,Mondelez International,4.1,Food Processing,1.3k,4.7k,106,75,Mumbai +199 other locations
824,Astral Pipe,3.9,Building Material,1.3k,4.1k,42,95,Ahmedabad +143 other locations
825,Hindustan Construction Company,4.3,Engineering & Construction,1.3k,3.2k,5,94,Mumbai +93 other locations
826,Troikaa Pharmaceuticals,4.0,Pharma,1.3k,3.8k,14,114,Ahmedabad +106 other locations
827,NetAmbit,4.0,BPO,1.3k,3.1k,2,168,Noida +151 other locations
828,Luminous Power Technologies,4.1,Consumer Electronics & Appliances,1.3k,4k,24,99,Gurugram +132 other locations
829,Pantaloons,4.1,Retail,1.3k,3k,--,69,Mumbai +155 other locations
830,Samsung Research,3.0,IT Services & Consulting,1.3k,9.6k,3,150,Bengaluru +21 other locations
831,Ion Exchange India,3.7,Waste Management,1.3k,5.1k,49,97,Mumbai +126 other locations
832,OpenText Technologies,3.4,Software Product,1.3k,11.9k,10,194,Bengaluru +14 other locations
833,Jakson Group,4.1,Power,1.3k,3.9k,14,105,Noida +103 other locations
834,SK Finance Limited,3.8,NBFC,1.3k,3.5k,--,87,Jaipur +273 other locations
835,Globant,3.4,IT Services & Consulting,1.3k,10.3k,68,204,Pune +17 other locations
836,ICICI Prudential Mutual Fund,3.9,Financial Services,1.3k,5.6k,--,88,Mumbai +170 other locations
837,Sigma Electric Manufacturing Corporation,4.0,Industrial Machinery,1.3k,2.8k,19,78,Pune +23 other locations
838,NxtWave,3.6,EdTech,1.3k,3.2k,208,289,Hyderabad +54 other locations
839,AGS Transact Technologies,2.8,FinTech,1.3k,3.8k,--,43,Mumbai +123 other locations
840,Centre for Development of Advanced Computing,3.7,IT Services & Consulting,1.3k,6.9k,1,126,Pune +41 other locations
841,Vestas,4.1,Power,1.3k,5.4k,21,99,Chennai +51 other locations
842,Panasonic,4.0,Consumer Electronics & Appliances,1.3k,4.8k,19,51,Gurugram +124 other locations
843,ANZ Banking Group,3.8,Banking,1.3k,8.3k,32,107,Bengaluru +17 other locations
844,Tenneco,3.6,Auto Components,1.3k,5.3k,6,72,Pune +45 other locations
845,Automotive Manufacturers,3.8,Automobile,1.2k,5.2k,47,104,Hyderabad +149 other locations
846,T-Systems ICT India,3.8,IT Services & Consulting,1.3k,8.8k,7,111,Pune +16 other locations
847,Hire In Global,4.9,Recruitment,1.3k,8,--,278,Mumbai +57 other locations
848,Dell EMC,3.8,IT Services & Consulting,1.2k,8.6k,1,74,Bengaluru +53 other locations
849,Apex Group,2.7,Financial Services,1.2k,8k,342,183,Pune +28 other locations
850,Aarvee Associates,3.7,Engineering & Construction,1.2k,3.2k,--,99,Hyderabad +178 other locations
851,Electronics Corporation of India Limited,4.2,Electronics Manufacturing,1.2k,3.2k,--,61,Hyderabad +57 other locations
852,Royal Migration Solutions,4.9,Other,1.2k,5,--,1,Dubai +12 other locations
853,Godrej Consumer Products,4.0,FMCG,1.2k,4.8k,--,62,Mumbai +149 other locations
854,SKF,4.0,Auto Components,1.2k,4.5k,48,74,Pune +70 other locations
855,Fresenius Kabi,4.0,Pharma,1.2k,4k,26,58,Pune +65 other locations
856,PNC Infratech,3.8,Engineering & Construction,1.2k,3.4k,1,83,Agra +96 other locations
857,Intertek,3.7,"Testing, Inspection and Certification (TIC)",1.2k,4k,81,83,New Delhi +115 other locations
858,Jindal X,3.5,BPO,1.2k,2.8k,3,113,New Delhi +22 other locations
859,Spandana Sphoorty Financial,3.7,NBFC,1.2k,2.4k,7,51,Hyderabad +357 other locations
860,KIMS Hospital,3.8,Healthcare,1.2k,3.6k,8,62,Hyderabad +60 other locations
861,Mu Sigma,2.5,Analytics & KPO,1.2k,6.8k,--,250,Bengaluru +16 other locations
862,iSON Xperiences,3.2,BPO,1.2k,3.3k,9,79,Chennai +43 other locations
863,H.G. Infra Engineering,4.0,Engineering & Construction,1.2k,3.2k,--,109,Jaipur +99 other locations
864,Synchrony,4.3,Financial Services,1.2k,5.5k,22,93,Hyderabad +9 other locations
865,Prodapt,3.5,IT Services & Consulting,1.2k,9.7k,61,117,Chennai +16 other locations
866,Oil And Natural Gas Corporation,4.3,Oil & Gas,1.2k,3.1k,--,80,Mumbai +84 other locations
867,Dassault Systemes,3.7,Software Product,1.2k,7.2k,1,187,Pune +13 other locations
868,Zoho,4.1,Software Product,1.2k,9.9k,--,583,Chennai +36 other locations
869,Shriram Pistons & Rings,4.0,Auto Components,1.2k,4.5k,1,76,Bhiwadi +62 other locations
870,Kalpataru Limited,4.2,Real Estate,1.2k,4.4k,18,269,Mumbai +83 other locations
871,Rupeek,4.1,FinTech,1.2k,3.3k,26,133,Bengaluru +55 other locations
872,AIIMS,4.1,Education & Training,1.2k,4.5k,--,66,New Delhi +76 other locations
873,Parexel International,3.8,Clinical Research,1.2k,6k,1,87,Hyderabad +25 other locations
874,Wind World,4.0,Power,1.2k,3.3k,3,88,Jaisalmer +82 other locations
875,Rockman Industries,3.8,Auto Components,1.2k,3.8k,15,94,Haridwar +41 other locations
876,DP World,3.8,Logistics,1.2k,5k,109,97,Mumbai +84 other locations
877,Qualcomm,3.7,Semiconductors,1.2k,14.8k,15,299,Hyderabad +18 other locations
878,Fidelity Investments,4.1,Financial Services,1.2k,8.1k,1,127,Bengaluru +18 other locations
879,DLF,3.9,Real Estate,1.2k,4.8k,2,96,Gurugram +35 other locations
880,EbixCash Limited,3.6,Software Product,1.2k,5.1k,9,110,Noida +85 other locations
881,Diageo,3.8,Beverage,1.2k,6.3k,70,93,Bengaluru +99 other locations
882,Colliers India,3.9,Real Estate,1.2k,4.9k,95,95,Bengaluru +48 other locations
883,Indostar Capital Finance Limited,4.3,NBFC,1.2k,2k,1,198,Mumbai +328 other locations
884,Best Sellers,4.1,Retail,1.2k,3k,1,33,Mumbai +92 other locations
885,DENSO,4.1,Auto Components,1.2k,3.8k,1,85,Gurugram +39 other locations
886,PHN Technology,4.3,EdTech,1.2k,367,6,42,Pune +32 other locations
887,ExcelR,3.7,Education & Training,1.2k,1.1k,47,109,Bengaluru +25 other locations
888,JTEKT,4.1,Auto Components,1.2k,4.3k,4,95,Gurugram +30 other locations
889,Kirloskar Oil Engines,4.1,Industrial Machinery,1.2k,4.1k,10,64,Pune +107 other locations
890,Intel,4.1,Semiconductors,1.2k,9.2k,--,242,Bengaluru +38 other locations
891,Ahluwalia Contracts India,4.0,Engineering & Construction,1.2k,3.5k,22,76,New Delhi +55 other locations
892,Fidelity National Financial,3.7,Financial Services,1.2k,6.1k,2,61,Bengaluru +15 other locations
893,Nielsen,3.1,Analytics & KPO,1.2k,6.6k,1,156,Bengaluru +74 other locations
894,Strides Pharma,3.8,Pharma,1.2k,4.3k,--,78,Bengaluru +43 other locations
895,JK Lakshmi Cement,3.7,Building Material,1.2k,3.7k,--,81,New Delhi +141 other locations
896,Genius HRTech,3.8,Recruitment,1.2k,3.9k,--,73,Kolkata +108 other locations
897,ACG Worldwide,3.8,Pharma,1.2k,3.9k,73,86,Mumbai +31 other locations
898,Leadec India,4.1,Facility Management Services,1.2k,3.5k,16,152,Pune +79 other locations
899,FOCUS EDUMATICS,2.9,EdTech,1.2k,3k,--,126,Coimbatore +35 other locations
900,Baazar Retail Private Limited,4.5,Retail,1.2k,1.5k,--,85,Kolkata +109 other locations
901,Thyrocare Technologies,3.7,Healthcare,1.2k,4.3k,21,88,Mumbai +77 other locations
902,Electronica Finance,4.1,NBFC,1.2k,2.8k,26,141,Pune +173 other locations
903,Innova Solutions,3.3,IT Services & Consulting,1.2k,8.1k,85,104,Hyderabad +37 other locations
904,Zetwerk,4.0,Industrial Machinery,1.2k,4.1k,35,116,Bengaluru +122 other locations
905,PayPal,3.7,FinTech,1.2k,10k,--,243,Bengaluru +15 other locations
906,Federal Bank,3.6,Banking,1.2k,5.6k,--,120,Mumbai +153 other locations
907,Barclays Shared Services,3.8,Financial Services,1.2k,4.8k,916,38,Chennai +17 other locations
908,HFCL Limited,3.8,Telecom,1.2k,4.1k,5,86,Hyderabad +111 other locations
909,Sri Chaitanya Techno Schools,3.5,Education & Training,1.2k,3.6k,1,75,Bengaluru +169 other locations
910,Salesforce,3.9,Software Product,1.2k,13.9k,335,251,Hyderabad +39 other locations
911,Podar International School,4.1,Education & Training,1.2k,3.2k,4,81,Mumbai +125 other locations
912,Ocwen Financial Solutions,3.8,Financial Services,1.2k,4.3k,22,53,Bengaluru +9 other locations
913,The Jaypee Group,3.8,Engineering & Construction,1.1k,3.4k,11,51,Noida +106 other locations
914,Coca-Cola Company,4.0,Beverage,1.1k,3.3k,2,106,Bengaluru +207 other locations
915,Prism Johnson,3.7,Building Material,1.1k,4.5k,19,70,Mumbai +145 other locations
916,Johnson Lifts,3.8,Industrial Machinery,1.1k,3.7k,11,48,Chennai +75 other locations
917,Aptiv,3.4,Auto Components,1.1k,8.2k,4,123,Bengaluru +26 other locations
918,Meril,3.6,Medical Equipment,1.1k,4.9k,21,88,Vapi +83 other locations
919,Schaeffler India,4.1,Auto Components,1.1k,5.6k,14,66,Vadodara +28 other locations
920,Aparna Constructions and Estates,3.9,Real Estate,1.1k,4k,59,113,Hyderabad +22 other locations
921,Apollo Health and Lifestyle Limited,4.3,Healthcare,1.1k,3.4k,50,118,Hyderabad +94 other locations
922,Birla Corporation,4.1,Building Material,1.1k,3.7k,12,74,Satna +145 other locations
923,Indira IVF Hospital,3.9,Healthcare,1.1k,3k,38,77,Mumbai +105 other locations
924,MDIndia Health Insurance TPA,3.6,Insurance,1.1k,3.7k,39,70,Pune +92 other locations
925,Nilkamal,3.7,Furniture & Furnishing,1.1k,3.7k,17,82,Mumbai +112 other locations
926,Edelweiss,3.6,Financial Services,1.1k,5.6k,--,63,Mumbai +113 other locations
927,CaratLane - A Tata Product,4.0,Jewellery,1.1k,3k,9,68,Chennai +87 other locations
928,Balkrishna Industries,4.0,Auto Components,1.1k,4.2k,11,66,Bhuj +35 other locations
929,DISH TV,3.4,Broadcasting,1.1k,3.3k,13,77,Noida +150 other locations
930,Dhoot Transmission,3.7,Auto Components,1.1k,3.9k,14,69,Chhatrapati Sambhajinagar +43 other locations
931,London Stock Exchange Group,3.7,Financial Services,1.1k,10.9k,2,157,Bengaluru +11 other locations
932,Bajaj Motors,3.9,Auto Components,1.1k,3.4k,13,69,Gurugram +90 other locations
933,Biocon Biologics,3.7,Biotechnology,1.1k,6.8k,3,109,Bengaluru +27 other locations
934,Motilal Oswal Home Finance,4.3,NBFC,1.1k,1.4k,--,126,Mumbai +129 other locations
935,Imperial Auto Industries,3.8,Auto Components,1.1k,4.8k,16,79,Faridabad +37 other locations
936,Edelweiss Life Insurance,3.7,Insurance,1.1k,3.5k,50,59,Mumbai +123 other locations
937,Deccan Fine Chemicals,3.6,Agro Chemicals,1.1k,5.1k,8,107,Tuni +31 other locations
938,INDO-MIM,4.0,Metals & Mining,1.1k,4.3k,5,78,Bengaluru +35 other locations
939,Barbeque Nation,3.9,Hospitality,1.1k,2.7k,24,50,Bengaluru +83 other locations
940,Piaggio,3.6,Automobile,1.1k,3.8k,39,74,Pune +84 other locations
941,Kohler,3.7,Building Material,1.1k,5.1k,--,76,Pune +52 other locations
942,IIFL Home Finance,3.8,NBFC,1.1k,2.9k,1.6k,57,Gurugram +263 other locations
943,Jacobs Engineering Group,4.2,Engineering & Construction,1.1k,5.1k,20,91,Mumbai +41 other locations
944,Onward Technologies Inc,2.9,IT Services & Consulting,1.1k,6.1k,35,93,Pune +63 other locations
945,Navitasys India,4.1,Electronics Manufacturing,1.1k,2.7k,5,143,Bawal +28 other locations
946,Wistron,4.0,Electronics Manufacturing,1.1k,5.1k,--,93,Bengaluru +22 other locations
947,Wonder Home Finance,4.6,NBFC,1.1k,757,4,192,Jaipur +120 other locations
948,Jabil Circuit India,4.0,Electronics Manufacturing,1.1k,4.3k,73,66,Pune +30 other locations
949,Advantmed,4.1,Healthcare,1.1k,2.7k,30,170,Ahmedabad +16 other locations
950,Asirvad Microfinance,3.8,NBFC,1.1k,2.2k,--,48,Chennai +318 other locations
951,Unicharm,3.9,FMCG,1.1k,2.9k,3,65,Gurugram +191 other locations
952,V2 Retail,3.4,Retail,1.1k,2.6k,45,88,New Delhi +134 other locations
953,TK Elevator,3.8,Industrial Machinery,1.1k,4.2k,14,66,Pune +80 other locations
954,Air India Sats Airport Services,3.6,Aviation,1.1k,2.5k,--,67,New Delhi +46 other locations
955,Hyundai Mobis,3.7,Auto Components,1.1k,5.1k,17,80,Chennai +47 other locations
956,Sundaram Finance,3.9,NBFC,1.1k,2.9k,8,46,Chennai +249 other locations
957,MAHLE ANAND Filter Systems,4.0,Auto Components,1.1k,3.4k,--,42,Pune +39 other locations
958,VMware Software,4.4,Software Product,1.1k,9k,20,146,Bengaluru +17 other locations
959,Stanza Living,3.1,Internet,1.1k,3.6k,12,98,Bengaluru +36 other locations
960,Sri Chaitanya Educational Institutions,3.6,Education & Training,1.1k,3k,2,52,Hyderabad +103 other locations
961,Hikal,3.8,Pharma,1.1k,4.7k,76,76,Bengaluru +22 other locations
962,Svatantra Microfin,3.9,NBFC,1.1k,2.1k,7,45,Mumbai +334 other locations
963,Saipem,4.2,Engineering & Construction,1.1k,3.3k,15,55,Chennai +42 other locations
964,Zydus Wellness,4.1,FMCG,1.1k,2.7k,11,105,Ahmedabad +129 other locations
965,Kirloskar Brothers,3.8,Industrial Machinery,1.1k,4.4k,61,93,Pune +73 other locations
966,MG Motor,3.8,Automobile,1.1k,4.7k,5,79,Vadodara +100 other locations
967,Syngenta,4.2,Agriculture,1.1k,3.7k,20,81,Pune +172 other locations
968,Godrej Agrovet,3.9,Agriculture,1.1k,3.5k,2,63,Mumbai +145 other locations
969,ICON Plc,4.0,Clinical Research,1.1k,4.3k,3,137,Chennai +23 other locations
970,Xyz Company,3.8,Financial Services,1.1k,46.6k,--,533,Bengaluru +91 other locations
971,Tube Investments of India,3.8,Engineering & Construction,1.1k,3.6k,23,70,Chennai +64 other locations
972,Aarvi Encon,3.9,Recruitment,1.1k,3k,--,82,Mumbai +132 other locations
973,Vedanta Aluminium,3.8,Metals & Mining,1.1k,4.5k,--,68,Jharsuguda +45 other locations
974,CALIBEHR,4.0,IT Services & Consulting,1.1k,2.7k,14,69,Mumbai +182 other locations
975,Northcorp Software,4.8,IT Services & Consulting,1.1k,216,5,854,Gurugram +7 other locations
976,Knorr-Bremse,3.3,Auto Components,1.1k,5k,3,70,Pune +32 other locations
977,HPCL-Mittal Energy Limited,4.3,Petrochemicals,1.1k,4.6k,--,47,Bathinda +29 other locations
978,Metropolis Healthcare,3.9,Healthcare,1.1k,3.6k,9,68,Mumbai +104 other locations
979,Jet Airways,4.6,Aviation,1.1k,1.9k,--,24,Mumbai +44 other locations
980,Adani Ports and SEZ,3.6,Ports & Shipping,1.1k,3.9k,--,76,Mundra +60 other locations
981,1point1 Solutions,3.3,BPO,1.1k,3.1k,72,83,Bengaluru +18 other locations
982,Gmmco,4.0,Industrial Machinery,1.1k,2.9k,7,53,Chennai +90 other locations
983,Vayona Energy,4.0,Power,1.1k,4.9k,3,60,Bengaluru +68 other locations
984,GAIL,4.4,Oil & Gas,1.1k,3.2k,--,80,New Delhi +104 other locations
985,Power Grid Corporation of India,4.3,Power,1.1k,2k,--,78,Gurugram +235 other locations
986,Tata Capital Housing Finance,3.9,NBFC,1.1k,3.2k,--,50,Mumbai +169 other locations
987,TKIL,4.1,Industrial Machinery,1.1k,4.5k,7,75,Pune +64 other locations
988,Unity Small Finance Bank,3.6,Banking,1.1k,4.1k,28,80,Mumbai +149 other locations
989,Pernod Ricard,3.5,Beverage,1.1k,4.5k,9,62,Gurugram +120 other locations
990,Nexa,4.0,Automobile,1.1k,2.4k,--,41,New Delhi +215 other locations
991,Klm Axiva Finvest,4.4,NBFC,1.1k,769,4,438,Bengaluru +158 other locations
992,Bajaj Capital Insurance Broking Limited,4.4,Insurance,1.1k,1.3k,22,227,New Delhi +140 other locations
993,Dana Anand,4.0,Auto Components,1.1k,2.9k,--,54,Pune +49 other locations
994,Amazon Sellers Services,4.0,Internet,1.1k,2.5k,--,132,Bengaluru +68 other locations
995,Aspire Systems,3.8,IT Services & Consulting,1k,9.8k,113,129,Chennai +23 other locations
996,Greenko Group,3.9,Power,1k,3.7k,3,72,Hyderabad +82 other locations
997,Thermo Fisher Scientific,3.8,Biotechnology,1k,6.6k,231,108,Bengaluru +36 other locations
998,Zf Rane Automotive,3.9,Auto Components,1k,3.9k,5,65,Chennai +50 other locations
999,Hinduja Housing Finance,3.7,NBFC,1k,2.7k,28,48,New Delhi +212 other locations
1000,Spencer's Retail,3.8,Retail,1k,2.8k,7,67,Kolkata +63 other locations
1001,Nippon Life India Asset Management,4.6,Financial Services,1k,1.6k,63,158,Mumbai +189 other locations
1002,Hindustan Zinc,3.8,Metals & Mining,1k,4.4k,8,54,Udaipur +36 other locations
1003,SLMG Beverages,3.9,Beverage,1k,3.3k,--,67,Lucknow +95 other locations
1004,Bharat Sanchar Nigam,3.9,Telecom,1k,2.6k,--,48,Bengaluru +240 other locations
1005,Fractal Analytics,4.0,Analytics & KPO,1k,10.9k,203,229,Bengaluru +19 other locations
1006,TÜV NORD,3.7,"Testing, Inspection and Certification (TIC)",1k,4k,38,79,Pune +86 other locations
1007,GlobalData,3.3,Analytics & KPO,1k,5.6k,31,93,Hyderabad +21 other locations
1008,Netcracker Technology,3.0,IT Services & Consulting,1k,9.2k,--,143,Hyderabad +12 other locations
1009,ValueMomentum,3.2,IT Services & Consulting,1k,8.8k,12,95,Hyderabad +11 other locations
1010,Gharda Chemicals Limited,4.0,Agro Chemicals,1k,4.6k,62,82,Mumbai +73 other locations
1011,Kinara Capital,4.2,NBFC,1k,2.2k,34,93,Bengaluru +114 other locations
1012,Wheels,3.9,Auto Components,1k,5.1k,--,72,Chennai +47 other locations
1013,Otis Elevator,4.1,Industrial Machinery,1k,4.1k,148,64,Bengaluru +71 other locations
1014,Allianz Technology,4.0,IT Services & Consulting,1k,6.8k,9,72,Pune +14 other locations
1015,QX Global Group,3.1,BPO,1k,4.4k,23,153,Ahmedabad +19 other locations
1016,Crompton Greaves Consumer Electricals,3.7,Consumer Electronics & Appliances,1k,4.2k,33,57,Mumbai +108 other locations
1017,Lakshmi Machine Works,3.8,Industrial Machinery,1k,4.3k,59,61,Coimbatore +30 other locations
1018,BirlaNu,3.9,Building Material,1k,2.9k,31,74,Hyderabad +110 other locations
1019,Encora,3.4,IT Services & Consulting,1k,8.3k,20,112,Bengaluru +19 other locations
1020,Ceasefire Industries,3.1,Industrial Machinery,1k,2.4k,7,121,New Delhi +76 other locations
1021,Hitachi Energy,4.0,Power,1k,7.5k,723,121,Chennai +37 other locations
1022,Malabar Gold and Diamonds,4.0,Jewellery,1k,2.7k,58,102,Hyderabad +132 other locations
1023,GVPR Engineers,3.8,Engineering & Construction,1k,3k,14,73,Hyderabad +93 other locations
1024,Shyam Steel Group,3.5,Iron & Steel,1k,3.7k,10,84,Kolkata +86 other locations
1025,Amara Raja Group,4.1,Auto Components,1k,3.5k,--,75,Tirupati +80 other locations
1026,Vertiv,3.9,Electronics Manufacturing,1k,4.5k,113,58,Pune +54 other locations
1027,Innodata India Private Limited,3.6,IT Services & Consulting,1k,2.9k,42,101,Noida +23 other locations
1028,IB Group,3.7,Food Processing,1k,3.3k,--,79,Rajnandgaon +151 other locations
1029,ALLEN Career Institute,3.8,Education & Training,1k,4.3k,45,72,Kota +71 other locations
1030,NBC Bearings,3.9,Auto Components,1k,3.7k,--,110,Jaipur +28 other locations
1031,iQor Global Services,3.3,BPO,1k,2.6k,43,47,Noida +50 other locations
1032,Uber,4.1,Internet,1k,8.5k,53,174,Hyderabad +52 other locations
1033,SitusAMC,3.2,Financial Services,1k,5.3k,1,73,Bengaluru +18 other locations
1034,Incheon Motors,4.7,Automobile,1k,334,7,297,Kochi +16 other locations
1035,Vistaar Finance,3.9,NBFC,1k,2k,20,34,Bengaluru +202 other locations
1036,Sahara India Pariwar,3.8,Broadcasting,1k,2.5k,--,29,Lucknow +245 other locations
1037,Temenos,3.1,Software Product,1k,8.6k,12,96,Chennai +11 other locations
1038,Atlas Copco,4.1,Industrial Machinery,1k,5.3k,5,100,Pune +59 other locations
1039,Suzuki Motorcycle,4.0,Automobile,1k,3.9k,--,51,Gurugram +120 other locations
1040,Hitachi Payment Services,3.6,FinTech,1k,3.4k,--,55,Mumbai +87 other locations
1041,Fortrea Development India Private Limited,3.9,Clinical Research,1k,4.9k,67,87,Bengaluru +11 other locations
1042,Tata Cummins,4.4,Auto Components,1k,1.4k,--,88,Jamshedpur +44 other locations
1043,MakeMyTrip,3.4,Internet,1k,7.4k,81,142,Gurugram +46 other locations
1044,Perfetti Van Melle,4.2,FMCG,1k,2.8k,20,37,Gurugram +161 other locations
1045,Syrma SGS Technologies,4.0,Electronics Manufacturing,1k,3.4k,5,71,Chennai +23 other locations
1046,Visionet Systems,3.4,IT Services & Consulting,1k,5.9k,41,79,Bengaluru +17 other locations
1047,Lemon Tree Hotels,4.0,Hospitality,1k,2.7k,2,62,New Delhi +79 other locations
1048,Secure Meters,3.9,Electronics Manufacturing,1k,4.5k,36,83,Udaipur +73 other locations
1049,SYSKA LED Lights,2.9,Consumer Electronics & Appliances,1k,2.5k,--,58,Pune +154 other locations
1050,Thomas Cook,4.0,Travel & Tourism,1k,3.7k,--,92,Mumbai +80 other locations
1051,TradeIndia (Infocom Network Private Limited),3.4,Internet,1k,4.3k,24,86,New Delhi +42 other locations
1052,United Breweries,3.3,Beverage,1k,3.4k,39,55,Bengaluru +105 other locations
1053,Bounteous x Accolite,3.2,IT Services & Consulting,1k,8.2k,155,245,Bengaluru +15 other locations
1054,eClinicalWorks,3.6,Software Product,1k,4.9k,9,78,Mumbai +20 other locations
1055,Comviva Technology,2.8,Software Product,999,6.2k,160,85,Gurugram +19 other locations
1056,Vaco Binary Semantics,3.1,IT Services & Consulting,999,5.3k,18,95,Gurugram +49 other locations
1057,AstraZeneca,3.9,Pharma,997,7.3k,1,68,Chennai +49 other locations
1058,Pristyn Care,3.1,Internet,997,4.2k,6,84,Gurugram +33 other locations
1059,Westside,3.8,Retail,996,2k,--,56,Mumbai +108 other locations
1060,Škoda Auto Volkswagen,4.0,Automobile,996,4.6k,12,49,Pune +48 other locations
1061,Colgate Palmolive,4.0,FMCG,995,4.3k,21,86,Mumbai +120 other locations
1062,MasterCard,3.8,FinTech,994,12.4k,419,169,Pune +15 other locations
1063,BDR Pharmaceuticals International,4.1,Pharma,993,2k,18,146,Vadodara +29 other locations
1064,Collins Aerospace,3.8,Defence & Aerospace,993,7.7k,--,85,Bengaluru +11 other locations
1065,Mastek,3.5,IT Services & Consulting,992,6.6k,23,132,Mumbai +23 other locations
1066,Birla Opus,4.0,Chemicals,991,2.4k,--,95,Mumbai +272 other locations
1067,Siemens Energy,4.1,Power,989,5.9k,--,100,Pune +50 other locations
1068,Cult.fit,3.6,Fitness & Wellness,989,4.2k,173,82,Bengaluru +41 other locations
1069,Star Cement,4.0,Building Material,987,3.2k,2,87,Guwahati +79 other locations
1070,JW Marriott,4.2,Hospitality,986,2k,--,49,Mumbai +41 other locations
1071,CarDekho Group,3.6,Internet,986,5k,36,86,Gurugram +81 other locations
1072,Arohan Financial Services,3.9,NBFC,986,2.1k,8,40,Kolkata +236 other locations
1073,Amazon Web Services,3.8,IT Services & Consulting,985,6.7k,--,193,Bengaluru +62 other locations
1074,Aparajitha Corporate Services,3.8,Legal,985,3k,5,52,Madurai +97 other locations
1075,Mahindra Automotives,3.8,Automobile,984,5k,--,48,Pune +131 other locations
1076,Rebel Foods,3.7,Hospitality,984,3.4k,28,75,Mumbai +79 other locations
1077,Xebia,3.0,IT Services & Consulting,983,6.4k,34,95,Gurugram +23 other locations
1078,Everest Industries,3.8,Building Material,982,3.2k,9,60,Mumbai +97 other locations
1079,Softenger,4.0,IT Services & Consulting,981,2.6k,7,73,Pune +32 other locations
1080,C&S Electric,3.9,Electrical Equipment,979,3.7k,12,67,Noida +57 other locations
1081,Pizza Hut,4.0,Hospitality,979,1.9k,--,50,New Delhi +128 other locations
1082,Tiger Analytics,3.7,IT Services & Consulting,979,9.9k,49,253,Bengaluru +17 other locations
1083,Merino Industries,3.8,Building Material,977,3.4k,13,76,New Delhi +82 other locations
1084,Entain,3.6,IT Services & Consulting,974,7.3k,--,142,Hyderabad +13 other locations
1085,Capacit'e Infraprojects,3.7,Engineering & Construction,974,3.3k,6,78,Mumbai +35 other locations
1086,Lumina Datamatics,3.2,IT Services & Consulting,974,4.6k,55,64,Mumbai +20 other locations
1087,Barclays Global Service Centre,3.9,IT Services & Consulting,973,8k,--,101,Pune +13 other locations
1088,Lowe's,4.1,Retail,972,10.2k,44,152,Bengaluru +9 other locations
1089,General Mills,4.1,Food Processing,971,5.1k,9,84,Mumbai +54 other locations
1090,TechnipFMC,3.9,Engineering & Construction,971,4.9k,40,83,Hyderabad +43 other locations
1091,Skipper,3.8,Industrial Machinery,971,3.1k,10,78,Kolkata +92 other locations
1092,Quantiphi Analytics Solutions Private Limited,3.1,IT Services & Consulting,971,7.3k,55,206,Bengaluru +18 other locations
1093,Altisource,3.4,Real Estate,969,3.7k,30,45,Bengaluru +9 other locations
1094,Hiranandani Financial Services,4.4,NBFC,969,1k,48,206,Mumbai +135 other locations
1095,Natco Pharma,4.0,Pharma,968,3.5k,--,56,Hyderabad +65 other locations
1096,J B Chemicals And Pharmaceuticals,3.9,Pharma,968,3.3k,8,62,Mumbai +95 other locations
1097,Wonder Cement,4.2,Building Material,967,3.6k,97,62,Nimbahera +110 other locations
1098,VIP Industries,3.7,Retail,967,3k,40,51,Mumbai +96 other locations
1099,Technip Energies,4.1,Engineering & Construction,967,5.2k,31,93,Noida +42 other locations
1100,Napino Auto & Electronics,3.8,Auto Components,966,4k,1,67,Gurugram +25 other locations
1101,VeeTechnologies,3.9,IT Services & Consulting,965,4.4k,22,119,Bengaluru +39 other locations
1102,Yokohama Off-Highway Tires,3.7,Auto Components,964,4.1k,5,71,Bharuch +38 other locations
1103,Pricol,3.9,Auto Components,964,4.3k,8,54,Coimbatore +34 other locations
1104,Kendriya Vidyalaya Sangathan,4.3,Education & Training,964,1.7k,--,65,New Delhi +233 other locations
1105,Financial Software & Systems,3.6,Software Product,962,5.2k,9,74,Chennai +35 other locations
1106,JSW Group,3.8,Iron & Steel,963,4.3k,--,130,Mumbai +97 other locations
1107,Jyothy Labs,4.1,FMCG,961,2.1k,20,54,Mumbai +195 other locations
1108,National Payments Corporation of India,4.0,FinTech,960,4.2k,30,102,Mumbai +11 other locations
1109,Guidehouse,3.6,Management Consulting,959,5.6k,153,78,Chennai +19 other locations
1110,LOREAL,3.9,Beauty & Personal Care,959,3.8k,42,66,Mumbai +99 other locations
1111,Shriram General Insurance,3.6,Insurance,958,2.9k,24,42,Jaipur +200 other locations
1112,Marsh McLennan,3.8,Management Consulting,958,8.3k,--,53,Mumbai +24 other locations
1113,Salcomp Manufacturing,4.0,Electronics Manufacturing,956,4.4k,5,87,Chennai +28 other locations
1114,Motherson Sumi Wiring,3.7,Electrical Equipment,956,3.9k,--,99,Noida +43 other locations
1115,Astral Adhesives,3.9,Chemicals,956,2.4k,--,56,Ahmedabad +161 other locations
1116,Gannon Dunkerley & Co.,3.3,Engineering & Construction,954,2k,1,44,Kolkata +81 other locations
1117,Defence Research & Development Organisation,4.5,Defence & Aerospace,951,3.9k,--,78,Hyderabad +58 other locations
1118,KEI Industries,4.2,Electrical Equipment,951,3.2k,5,69,New Delhi +104 other locations
1119,Nasser S. Al Hajri Corporation,3.6,Engineering & Construction,951,1.8k,--,42,Chennai +55 other locations
1120,Episource,3.9,IT Services & Consulting,949,3.2k,--,227,Chennai +19 other locations
1121,Mando Automotive,4.0,Auto Components,949,4.3k,--,55,Chennai +21 other locations
1122,Pramerica Life Insurance,3.7,Insurance,948,2.4k,15,42,Gurugram +126 other locations
1123,ICCS,3.0,BPO,945,2.9k,12,66,Noida +31 other locations
1124,Psp Projects,3.9,Engineering & Construction,943,3k,7,78,Ahmedabad +56 other locations
1125,Amphenol Interconnect,4.2,Electrical Equipment,943,3.7k,12,51,Pune +19 other locations
1126,Jubilant Pharmova,3.7,Pharma,941,3.4k,18,62,Noida +60 other locations
1127,SFO Technologies,3.4,Electronics Manufacturing,941,4.7k,53,47,Bengaluru +16 other locations
1128,Petrofac,4.2,Oil & Gas,940,2.4k,--,47,Chennai +42 other locations
1129,Signify,3.4,Consumer Electronics & Appliances,939,4.4k,24,63,Bengaluru +84 other locations
1130,Reliance Power,4.1,Power,937,3.2k,5,66,Singrauli +43 other locations
1131,KMV Projects Limited,4.3,Engineering & Construction,937,2.3k,3,62,Hyderabad +72 other locations
1132,Tikona Infinet,3.4,Telecom,936,2.7k,5,33,Mumbai +45 other locations
1133,Adani Enterprises,3.6,Metals & Mining,935,4.7k,12,106,Ahmedabad +76 other locations
1134,Timken,3.9,Industrial Machinery,935,4.2k,3,58,Jamshedpur +44 other locations
1135,Xceedance,3.6,IT Services & Consulting,935,6.4k,10,133,Gurugram +14 other locations
1136,Jaro Education,3.2,Education & Training,935,2.3k,37,110,Mumbai +24 other locations
1137,Velocis Systems,3.8,IT Services & Consulting,934,5.2k,22,67,New Delhi +52 other locations
1138,Hathway,3.3,Telecom,933,3.5k,5,48,Mumbai +58 other locations
1139,Knight Frank,4.1,Real Estate,933,3.4k,1,59,Mumbai +51 other locations
1140,Aristo Pharmaceuticals,4.0,Pharma,933,2.4k,7,53,Mumbai +108 other locations
1141,FLSmidth,3.6,Industrial Machinery,932,4.2k,20,46,Chennai +25 other locations
1142,Bhanzu,3.8,EdTech,930,1.2k,1,191,Bengaluru +14 other locations
1143,Navayuga Engineering Company,3.9,Engineering & Construction,929,2.4k,8,63,Hyderabad +73 other locations
1144,Cohance Lifesciences,3.8,Pharma,929,3.1k,11,42,Hyderabad +24 other locations
1145,Godfrey Phillips India,4.0,FMCG,926,3.2k,4,42,New Delhi +125 other locations
1146,Naukri,4.1,Internet,923,3.2k,105,223,Noida +71 other locations
1147,Bayer,4.0,Pharma,924,4.4k,--,59,Bengaluru +117 other locations
1148,Aircel,4.4,Telecom,922,1.2k,--,9,New Delhi +113 other locations
1149,FastInfo,4.2,Internet,921,888,--,105,Kolkata +8 other locations
1150,Volvo,4.0,Automobile,920,5.5k,7,81,Bengaluru +39 other locations
1151,Tafe Motors & Tractors,3.9,Industrial Machinery,920,2.9k,--,59,Bhopal +72 other locations
1152,Apotex Research,3.8,Pharma,920,2.8k,30,37,Bengaluru +14 other locations
1153,Sandhar Technologies,3.7,Auto Components,917,3.5k,39,56,Gurugram +31 other locations
1154,LanceSoft,3.2,Recruitment,916,5.5k,22,70,Hyderabad +30 other locations
1155,Sundaram Clayton,3.9,Auto Components,915,2.8k,7,36,Chennai +30 other locations
1156,GE Healthcare,3.9,Medical Equipment,915,6.1k,101,86,Bengaluru +35 other locations
1157,Experis IT,3.0,Recruitment,915,3.7k,1,68,Bengaluru +34 other locations
1158,CIEL HR,3.9,Recruitment,915,3.1k,--,73,Bengaluru +110 other locations
1159,Netscribes,2.7,Analytics & KPO,914,3k,34,94,Kolkata +17 other locations
1160,Medha Servo Drives,4.2,Electrical Equipment,913,3.1k,12,92,Hyderabad +54 other locations
1161,Schlumberger,3.8,Oil & Gas,912,5.4k,67,156,Pune +37 other locations
1162,Nirma,4.2,FMCG,912,3.1k,27,54,Bhavnagar +67 other locations
1163,Test Yantra Software Solutions,3.0,IT Services & Consulting,912,25.7k,9,149,Bengaluru +19 other locations
1164,Medhaj Techno Concept,4.0,Management Consulting,911,2k,2,59,Lucknow +152 other locations
1165,Nityo Infotech,3.3,IT Services & Consulting,911,5k,43,99,Bengaluru +32 other locations
1166,SKH Metals,4.0,Auto Components,911,2.8k,6,80,Gurugram +27 other locations
1167,Deepak Fertilisers and Petrochemicals,4.1,Chemicals,911,3.4k,22,49,Mumbai +58 other locations
1168,OCS Group,4.1,Facility Management Services,910,2.6k,16,60,Mumbai +57 other locations
1169,Intellipaat Software Solutions,3.9,EdTech,910,2k,--,203,Bengaluru +17 other locations
1170,Neel Metal Products,4.0,Auto Components,908,2.7k,--,56,Gurugram +38 other locations
1171,JSW Paints,3.8,Chemicals,908,3.4k,1,101,Mumbai +169 other locations
1172,Target,4.0,Retail,908,6.9k,90,142,Bengaluru +17 other locations
1173,Aviva Life Insurance India,3.5,Insurance,906,2.6k,25,36,Gurugram +122 other locations
1174,Steag Energy Services,4.3,Power,906,2.8k,9,50,Jharsuguda +64 other locations
1175,Re Sustainability Limited,3.8,Waste Management,905,3.1k,55,59,Hyderabad +84 other locations
1176,HomeLane,3.2,Architecture & Interior Design,905,4.2k,61,95,Bengaluru +36 other locations
1177,"Commonwealth Bank of Australia, India",2.8,Financial Services,904,7.8k,7,114,Bengaluru +15 other locations
1178,HT Media,3.1,Media & Entertainment,902,4.7k,--,61,New Delhi +43 other locations
1179,Ashirvad Pipes,3.8,Building Material,900,3k,18,69,Bengaluru +107 other locations
1180,Regulated Council of Immigration Consultants,4.9,Other,899,--,--,--,Dubai +5 other locations
1181,Egis India Consulting Engineers,4.2,Engineering & Construction,899,2.3k,5,57,Gurugram +111 other locations
1182,Alok Industries,3.5,Fashion & Textile,897,3.3k,14,51,Dadra & Nagar Haveli +34 other locations
1183,Yashoda Hospitals,3.9,Healthcare,897,3.4k,27,68,Hyderabad +30 other locations
1184,Bosch Chassis Systems,4.1,Auto Components,896,2.7k,--,47,Pune +25 other locations
1185,Michelin,3.7,Auto Components,895,5k,31,66,Pune +46 other locations
1186,Volkswagen,4.1,Automobile,892,3k,--,53,Pune +102 other locations
1187,Musashi Auto Parts,3.8,Auto Components,891,2.9k,--,43,Bengaluru +26 other locations
1188,Vedanta Resources,3.7,Metals & Mining,889,4.9k,4,94,Jharsuguda +72 other locations
1189,Orient Electric,3.7,Consumer Electronics & Appliances,889,3.3k,11,64,New Delhi +87 other locations
1190,Greenlam Industries,4.1,Furniture & Furnishing,888,3.1k,18,64,New Delhi +118 other locations
1191,Vijay Sales,4.1,Retail,887,2.8k,7,66,Mumbai +51 other locations
1192,M3M India,4.0,Real Estate,886,3.3k,--,65,Gurugram +11 other locations
1193,Updater Services,3.7,Facility Management Services,886,2.9k,27,48,Chennai +100 other locations
1194,Sona Comstar,4.0,Auto Components,885,4k,6,80,Gurugram +26 other locations
1195,AJIO,3.6,Internet,885,2.8k,--,65,Bengaluru +199 other locations
1196,ACL Digital,3.6,IT Services & Consulting,884,6.5k,90,91,Bengaluru +27 other locations
1197,BGR Energy Systems,3.9,Engineering & Construction,883,3.2k,--,47,Chennai +53 other locations
1198,TNQ Tech Private Limited,3.5,Printing & Publishing,883,4k,22,66,Chennai +13 other locations
1199,Wakefit,4.0,Furniture & Furnishing,882,3k,30,81,Bengaluru +58 other locations
1200,Marks & Spencer,3.9,Retail,882,3.1k,96,36,New Delhi +61 other locations
1201,MAS Financial Services,3.7,NBFC,882,2.2k,53,55,Ahmedabad +143 other locations
1202,Carborundum Universal Limited,3.7,Industrial Machinery,879,3.6k,--,39,Chennai +132 other locations
1203,Tata Chemicals,3.9,Chemicals,878,2.8k,3,77,Jamnagar +84 other locations
1204,Zudio,3.9,Retail,877,1.9k,--,54,New Delhi +139 other locations
1205,RAMTeCH Software Solutions,3.7,IT Services & Consulting,876,3.4k,7,46,Hyderabad +35 other locations
1206,Centum Electronics,3.5,Electronics Manufacturing,875,3.7k,5,30,Bengaluru +18 other locations
1207,Satya MicroCapital,3.6,NBFC,875,2.1k,5,68,New Delhi +189 other locations
1208,WSP,4.2,Management Consulting,871,3.9k,41,108,Bengaluru +32 other locations
1209,Ageas Federal Life Insurance,3.4,Insurance,871,2.3k,17,57,Mumbai +124 other locations
1210,Acme Cleantech Solutions,4.0,Power,870,2.6k,14,84,Gurugram +101 other locations
1211,Magna International,3.8,Auto Components,870,5.6k,54,54,Pune +22 other locations
1212,H&M,3.8,Fashion & Textile,869,3.2k,40,119,Bengaluru +57 other locations
1213,Next Education India,3.2,EdTech,869,2.7k,36,50,Hyderabad +95 other locations
1214,Nibav Lifts,4.0,Industrial Machinery,868,1.7k,143,103,Chennai +41 other locations
1215,Tata Starbucks,4.1,Hospitality,868,1.9k,392,62,Mumbai +58 other locations
1216,Athena BPO,3.3,BPO,868,2.8k,1,57,Mumbai +37 other locations
1217,Epsilon,3.6,Marketing & Advertising,868,7.3k,98,105,Bengaluru +16 other locations
1218,Torry Harris Integration Solutions,4.1,IT Services & Consulting,867,4.6k,27,190,Bengaluru +10 other locations
1219,Silaris Informations,3.0,BPO,867,2.9k,9,61,New Delhi +22 other locations
1220,Apar Industries,4.1,Semiconductors,867,3.4k,1,61,Mumbai +71 other locations
1221,C.R.I. Pumps,3.9,Industrial Machinery,866,2.8k,11,34,Coimbatore +70 other locations
1222,Shilpa Medicare,3.5,Pharma,866,3.9k,2,64,Hyderabad +30 other locations
1223,Ups Logistics,3.6,Logistics,866,4.4k,178,85,Pune +37 other locations
1224,IDEMIA,3.8,Electronics Manufacturing,866,3.7k,21,62,Noida +53 other locations
1225,Panacea Biotec,3.6,Biotechnology,865,2.8k,15,67,Baddi +72 other locations
1226,Future Focus Infotech,3.3,IT Services & Consulting,865,4.1k,--,58,Bengaluru +58 other locations
1227,Parag Milk Foods,4.0,Food Processing,862,2.6k,3,81,Mumbai +90 other locations
1228,Parekh Integrated Services,4.0,Logistics,862,2.7k,16,42,Mumbai +75 other locations
1229,Truhome Finance,3.7,Financial Services,860,2.6k,36,61,Mumbai +161 other locations
1230,National Health Mission,3.4,Healthcare,860,2.3k,--,35,Guwahati +281 other locations
1231,Wipro PARI,3.3,Industrial Automation,860,3.6k,22,65,Pune +27 other locations
1232,MOURI Tech,3.6,IT Services & Consulting,860,6.3k,121,75,Hyderabad +10 other locations
1233,Fedbank Financial Services,4.0,NBFC,859,3k,6,47,Mumbai +164 other locations
1234,Precision Infomatic M Pvt Ltd,3.8,IT Services & Consulting,857,2.8k,9,56,Chennai +90 other locations
1235,LEAD School,3.2,EdTech,856,3.2k,--,95,Mumbai +103 other locations
1236,Ather Energy,4.1,Automobile,855,4.5k,9,75,Bengaluru +72 other locations
1237,Bechtel,3.9,Engineering & Construction,855,3.7k,22,74,Gurugram +31 other locations
1238,Nlb Services,3.6,Recruitment,855,3.2k,1,36,Noida +20 other locations
1239,Simplilearn,3.7,EdTech,854,4.6k,37,138,Bengaluru +10 other locations
1240,Alorica,3.1,BPO,854,3.2k,63,93,Bengaluru +15 other locations
1241,Tata Hitachi Construction Machinery,4.0,Industrial Machinery,853,3.1k,12,66,Kharagpur +76 other locations
1242,Nexdigm,3.7,Management Consulting,852,3.4k,41,69,Pune +13 other locations
1243,Impact Infotech Pvt. Ltd.,3.4,IT Services & Consulting,851,2.8k,--,58,Mumbai +76 other locations
1244,India Shelter Finance Corporation,3.8,NBFC,851,2.3k,5,37,Gurugram +184 other locations
1245,Porter,3.5,Internet,851,3.8k,125,103,Bengaluru +32 other locations
1246,Rico Auto Industries,3.8,Auto Components,850,3.5k,9,61,Gurugram +32 other locations
1247,Shaktiman Tirth Agro Technology,3.9,Industrial Machinery,849,3k,1,64,Rajkot +66 other locations
1248,Swaraj Tractors,4.0,Automobile,849,2.9k,--,40,Sahibzada Ajit Singh Nagar +107 other locations
1249,Tata Power Solar,4.1,Power,849,3.2k,--,85,Bengaluru +90 other locations
1250,enGen Global,3.9,IT Services & Consulting,848,5.7k,46,75,Chennai +6 other locations
1251,Jaya Hind Industries,3.7,Auto Components,847,2.7k,2,64,Pune +37 other locations
1252,KGISL,3.0,IT Services & Consulting,847,5.3k,24,93,Coimbatore +21 other locations
1253,Mahindra First Choice Wheels,3.8,Internet,846,3k,6,41,Mumbai +118 other locations
1254,Rohan Builders,4.1,Real Estate,846,2.3k,83,61,Pune +67 other locations
1255,Casagrand,3.8,Real Estate,843,4.3k,104,74,Chennai +19 other locations
1256,Clarivate,3.7,Analytics & KPO,843,6.7k,71,95,Bengaluru +17 other locations
1257,Serco,4.2,Analytics & KPO,842,1.2k,--,33,Mumbai +41 other locations
1258,Metso,4.1,Metals & Mining,840,3.2k,8,82,Alwar +47 other locations
1259,Guardian India,3.8,Insurance,839,4.5k,2,63,Chennai +13 other locations
1260,Duck Creek Technologies,4.5,Software Product,838,1.3k,11,87,Mumbai +9 other locations
1261,Victora Auto Private Limited,3.9,Auto Components,838,3.3k,--,48,Faridabad +31 other locations
1262,Mahindra Tractors,4.1,Automobile,837,2.6k,--,57,Nagpur +125 other locations
1263,AuthBridge Research Services,3.2,IT Services & Consulting,837,3.2k,9,51,Gurugram +21 other locations
1264,Union Bank of India,3.8,Banking,837,2.8k,--,40,Mumbai +149 other locations
1265,Fareportal,3.0,Internet,836,3.5k,10,46,Gurugram +14 other locations
1266,UKG,3.0,Software Product,836,6.2k,10,125,Noida +12 other locations
1267,Sanden Vikas,3.9,Auto Components,835,2.7k,9,58,Faridabad +33 other locations
1268,Royal Sundaram General Insurance,3.8,Insurance,835,2.9k,14,24,Chennai +105 other locations
1269,IBS Software Services,3.5,Software Product,834,6.6k,52,121,Kochi +19 other locations
1270,Sutherland Healthcare Solutions,3.7,Analytics & KPO,834,4k,--,49,Hyderabad +14 other locations
1271,Bank of India,3.9,Banking,832,2.8k,--,56,Mumbai +184 other locations
1272,Arvind Lifestyle Brands,4.0,Fashion & Textile,832,1.9k,32,22,Bengaluru +86 other locations
1273,HP India,3.8,Consumer Electronics & Appliances,831,5.9k,1,164,Bengaluru +63 other locations
1274,FIITJEE,3.2,Education & Training,831,2k,--,56,New Delhi +47 other locations
1275,Greaves Cotton,4.0,Auto Components,831,2.9k,10,32,Chhatrapati Sambhajinagar +50 other locations
1276,Lumen Technologies,3.9,Hardware & Networking,830,3.9k,6,56,Bengaluru +14 other locations
1277,Luxoft,3.6,IT Services & Consulting,829,5.2k,403,138,Bengaluru +22 other locations
1278,Ford Business Solutions,4.1,IT Services & Consulting,827,4.1k,10,54,Chennai +51 other locations
1279,Rockwell Automation,3.7,Industrial Automation,827,5.8k,408,88,Pune +22 other locations
1280,Eris Lifesciences,3.6,Pharma,826,2.4k,9,45,Ahmedabad +91 other locations
1281,Feedback Infrastructure Services,3.4,Engineering & Construction,826,2.4k,8,47,Gurugram +128 other locations
1282,Medusind Solutions,3.4,IT Services & Consulting,826,3k,25,36,Chennai +11 other locations
1283,Consolidated Contractors,4.3,Engineering & Construction,826,1.3k,--,38,Mumbai +55 other locations
1284,Encore Capital Group,3.9,Financial Services,826,1.6k,11,48,Gurugram +8 other locations
1285,Baxter International,3.8,Healthcare,823,3.7k,56,53,Bengaluru +32 other locations
1286,Artech Infosystems,3.3,Recruitment,823,3.9k,--,83,Bengaluru +21 other locations
1287,Teamware Solutions,4.2,Recruitment,822,3.2k,--,71,Hyderabad +24 other locations
1288,Ramco Systems,3.8,Software Product,821,5.3k,3,73,Chennai +28 other locations
1289,Poly Medicure,3.5,Medical Equipment,820,2.9k,13,79,Faridabad +46 other locations
1290,eTeam,3.2,Recruitment,820,3.7k,--,53,Bengaluru +20 other locations
1291,Y-Axis Overseas Careers,4.2,Other,818,1.5k,28,152,Hyderabad +17 other locations
1292,Bpo Convergence,3.4,BPO,817,2.1k,6,67,Hyderabad +36 other locations
1293,Punj Lloyd,3.9,Engineering & Construction,817,1.6k,--,20,Gurugram +70 other locations
1294,Five-Star Business Finance,4.1,NBFC,816,2.1k,2,31,Chennai +249 other locations
1295,Rodic Consultants,4.2,Engineering & Construction,815,1.9k,14,46,Patna +134 other locations
1296,Rashmi Group,3.5,Iron & Steel,813,3.2k,2,54,Kharagpur +31 other locations
1297,Sunbeam Auto,3.9,Auto Components,813,2.9k,--,54,Gurugram +30 other locations
1298,BDO,3.2,Accounting & Auditing,813,5.8k,2,58,Mumbai +34 other locations
1299,RR kabel,4.1,Electrical Equipment,813,2.9k,3,72,Vadodara +115 other locations
1300,Qinecsa Solutions,2.7,Clinical Research,813,3k,2,63,Mysuru +18 other locations
1301,Zydus Healthcare,4.0,Pharma,812,2.2k,--,70,Mumbai +108 other locations
1302,Linde India,3.9,Chemicals,812,3.7k,--,58,Vadodara +56 other locations
1303,Integra Software Services,3.7,IT Services & Consulting,812,3.1k,11,41,Puducherry +19 other locations
1304,Huhtamaki,3.9,Packaging,812,2.7k,7,27,Mumbai +44 other locations
1305,Freshworks,3.4,Software Product,811,7.3k,8,183,Chennai +46 other locations
1306,DBG Technology,3.7,Electronics Manufacturing,811,2.2k,1,87,Rewari +25 other locations
1307,Syneos Health,3.6,Clinical Research,810,3.6k,192,61,Gurugram +17 other locations
1308,Waaree Energies,4.0,Power,809,3.4k,24,75,Surat +54 other locations
1309,Advik Hi Tech,3.7,Auto Components,808,3.1k,12,59,Pune +30 other locations
1310,Principal Global Services,3.7,Insurance,808,6.1k,46,86,Pune +11 other locations
1311,Praj Industries,4.0,Biotechnology,807,3.3k,5,45,Pune +46 other locations
1312,Bill Gosling Outsourcing India,3.5,,806,2.9k,68,51,
1313,K Raheja Corp,4.2,Real Estate,806,3.2k,48,72,Mumbai +16 other locations
1314,Vastu Housing Finance,4.2,NBFC,804,2.2k,11,57,Mumbai +174 other locations
1315,Prama Hikvision India,3.5,Electronics Manufacturing,803,3.1k,13,67,Mumbai +56 other locations
1316,JK Paper,3.8,Pulp & Paper,802,2.8k,16,65,Rayagada +52 other locations
1317,Investors Clinic,3.6,Real Estate,802,1.6k,26,75,Noida +34 other locations
1318,Vijaya Diagnostic Centre,3.8,Healthcare,802,2.2k,16,46,Hyderabad +40 other locations
1319,Qualitest,3.6,IT Services & Consulting,802,6.9k,17,92,Bengaluru +22 other locations
1320,Fluor Corporation,4.1,Engineering & Construction,800,1.8k,111,32,Gurugram +24 other locations
1321,Eveready Industries,3.9,Consumer Electronics & Appliances,797,2.4k,1,44,Kolkata +111 other locations
1322,Border Security Force,4.4,Law Enforcement & Security,795,1.4k,--,17,New Delhi +112 other locations
1323,PUMA,4.1,Fashion & Textile,795,2.6k,10,71,Bengaluru +100 other locations
1324,Zidio Development,4.4,IT Services & Consulting,795,105,--,173,Bengaluru +35 other locations
1325,RenewBuy,3.3,Internet,794,2.9k,--,63,Gurugram +107 other locations
1326,Shivalik Small Finance Bank,4.1,Banking,794,1.7k,9,89,Noida +42 other locations
1327,Chennai Radha Engineering Works,3.9,Engineering & Construction,794,2.3k,7,38,Chennai +58 other locations
1328,Intex Technologies,3.7,Consumer Electronics & Appliances,793,1.5k,5,18,New Delhi +77 other locations
1329,Aequs,3.4,Defence & Aerospace,793,3.5k,19,57,Belagavi +13 other locations
1330,Hitachi,3.9,Industrial Machinery,793,4.8k,34,96,Bengaluru +88 other locations
1331,Dineshchandra R. Agrawal Infracon,4.0,Engineering & Construction,793,2.6k,25,59,Ahmedabad +82 other locations
1332,Prince Pipes & Fittings,4.2,Building Material,792,2.5k,15,55,Mumbai +85 other locations
1333,Wipro Consumer Care & Lighting,3.7,FMCG,792,3.7k,16,76,Bengaluru +118 other locations
1334,IFFCO,4.1,Agro Chemicals,792,1.9k,--,56,New Delhi +117 other locations
1335,THE LEELA PALACES HOTELS & RESORTS,4.0,Hospitality,792,2.3k,--,41,New Delhi +33 other locations
1336,Credence Resource Management,3.0,BPO,791,3.3k,21,36,Pune +9 other locations
1337,Somany Ceramics,4.2,Building Material,790,2.7k,15,27,New Delhi +87 other locations
1338,Zuventus Healthcare,3.9,Pharma,790,2.2k,5,62,Mumbai +99 other locations
1339,Maveric Systems,3.3,IT Services & Consulting,790,7.3k,4,132,Chennai +11 other locations
1340,Novac Technology Solutions,3.6,Software Product,790,5.4k,34,76,Chennai +24 other locations
1341,Ramkrishna Forgings,3.4,Auto Components,790,3k,2,66,Jamshedpur +28 other locations
1342,Rallis India,4.0,Agro Chemicals,790,2.5k,12,46,Ankleshwar +120 other locations
1343,Reliance BP Mobility,3.6,Oil & Gas,789,2.8k,31,77,Mumbai +104 other locations
1344,Franklin Templeton Investments,3.9,Financial Services,788,3.9k,76,33,Hyderabad +33 other locations
1345,Indo Autotech,3.9,Auto Components,788,2.8k,--,53,Faridabad +34 other locations
1346,AISIN,4.1,Auto Components,787,2.6k,8,57,Rohtak +27 other locations
1347,Universal Sompo General Insurance,4.3,Insurance,787,2.2k,5,152,Mumbai +125 other locations
1348,Amber Enterprises India,3.9,Electronics Manufacturing,787,3k,31,60,Gurugram +44 other locations
1349,Ugro Capital,3.7,NBFC,787,2.8k,96,47,Mumbai +168 other locations
1350,Careernet,3.6,Recruitment,786,4.6k,--,49,Bengaluru +24 other locations
1351,Engineers India,4.2,Engineering & Construction,785,3.4k,10,90,New Delhi +84 other locations
1352,Cigniti Technologies,3.8,IT Services & Consulting,785,6.8k,--,86,Hyderabad +9 other locations
1353,Patel Infrastructure Limited,4.3,Engineering & Construction,785,2.1k,12,76,Vadodara +60 other locations
1354,Microtek International,3.7,Consumer Electronics & Appliances,784,2.7k,4,53,New Delhi +119 other locations
1355,NTT,3.8,IT Services & Consulting,783,4.9k,--,72,Mumbai +43 other locations
1356,Nippon Koei India,4.8,Engineering & Construction,783,1.3k,7,165,New Delhi +70 other locations
1357,Radical Minds,2.9,BPO,783,2.6k,21,66,Gurugram +13 other locations
1358,Ask Automotive,4.2,Auto Components,782,3k,--,37,Gurugram +29 other locations
1359,Travel Food Services Ltd,4.1,Hospitality,781,2.1k,1,47,Mumbai +35 other locations
1360,Jai Balaji Group,3.2,Iron & Steel,781,3.1k,--,54,Durgapur +41 other locations
1361,Petpooja,4.0,Software Product,781,1.7k,39,87,Ahmedabad +76 other locations
1362,Skill Lync,3.1,EdTech,780,3.5k,--,92,Chennai +17 other locations
1363,Action Construction Equipment,3.7,Industrial Machinery,780,2.8k,--,73,Faridabad +59 other locations
1364,Edubridge Learning,3.9,EdTech,780,1.3k,13,67,Mumbai +63 other locations
1365,Hilti,3.4,Industrial Machinery,779,3.7k,12,72,Gurugram +48 other locations
1366,Allied Digital Services,3.1,IT Services & Consulting,778,3.3k,10,68,Mumbai +57 other locations
1367,Progressive Infotech,3.3,IT Services & Consulting,778,2.7k,4,43,Noida +68 other locations
1368,Denave,3.5,Marketing & Advertising,779,2.8k,10,46,Noida +71 other locations
1369,First Advantage,3.4,Recruitment,778,4.7k,72,32,Bengaluru +12 other locations
1370,Axtria,2.8,Software Product,777,7.6k,129,135,Gurugram +8 other locations
1371,Ascendion,3.2,IT Services & Consulting,777,3.9k,132,122,Bengaluru +16 other locations
1372,Hitachi Digital Services,3.5,IT Services & Consulting,777,2.1k,232,69,Hyderabad +16 other locations
1373,Toyo Engineering,4.0,Engineering & Construction,776,3.6k,1,61,Mumbai +45 other locations
1374,Creative Synergies Group,3.9,IT Services & Consulting,776,2.3k,14,30,Bengaluru +9 other locations
1375,Pratap Technocrats,3.8,Telecom,775,1.9k,--,35,Pune +121 other locations
1376,Reliance Smart,4.1,Retail,774,2.2k,--,35,Hyderabad +251 other locations
1377,Fleetguard Filters Private Limited,4.3,Auto Components,774,2.7k,15,52,Pune +85 other locations
1378,People Tech Group,2.3,IT Services & Consulting,774,5.4k,35,86,Hyderabad +13 other locations
1379,Lenovo,4.0,Consumer Electronics & Appliances,771,4.1k,6,57,Bengaluru +83 other locations
1380,Ksb Pumps,3.7,Industrial Machinery,771,3.3k,101,57,Pune +38 other locations
1381,Lea Associates South Asia,4.3,Engineering & Construction,770,1.8k,--,34,New Delhi +140 other locations
1382,JioStar,3.5,Media & Entertainment,769,4.7k,260,64,Mumbai +42 other locations
1383,Forever Living Products,4.3,Fitness & Wellness,767,1.6k,--,77,Mumbai +95 other locations
1384,Fidelity International,3.6,Financial Services,767,5.7k,75,60,Gurugram +14 other locations
1385,Neurealm,3.4,IT Services & Consulting,766,6.5k,31,102,Chennai +18 other locations
1386,Alivus Life Sciences,3.8,Pharma,766,4.1k,3,42,Ankleshwar +22 other locations
1387,JM Financial,3.8,Financial Services,766,3.8k,2,60,Mumbai +70 other locations
1388,Creambell,3.9,Food Processing,766,2.1k,3,44,New Delhi +105 other locations
1389,Quatrro Business Support Services,3.3,Recruitment,766,2.6k,2,62,Gurugram +14 other locations
1390,Forvia Hella,3.8,Auto Components,765,3.4k,90,51,Pune +32 other locations
1391,Central Industrial Security Force,4.3,Law Enforcement & Security,764,1.8k,--,24,New Delhi +89 other locations
1392,VA Tech Wabag,3.8,Waste Management,764,2.9k,13,59,Chennai +54 other locations
1393,Bses Rajdhani Power,3.8,Power,763,2.7k,1,59,New Delhi +22 other locations
1394,Wapcos,3.2,Engineering & Construction,763,2.3k,--,40,New Delhi +147 other locations
1395,BNP Paribas India Solutions,3.6,IT Services & Consulting,763,6.4k,--,80,Mumbai +9 other locations
1396,Wabtec,3.9,Auto Components,763,4k,5,62,Bengaluru +31 other locations
1397,Bunge India,3.9,Food Processing,763,3.1k,314,50,Sahibzada Ajit Singh Nagar +70 other locations
1398,Amadeus,3.7,Software Product,762,7.3k,18,127,Bengaluru +14 other locations
1399,Assystem,3.2,Engineering & Construction,762,2.1k,142,50,Chennai +68 other locations
1400,ManipalCigna Health Insurance,3.8,Insurance,762,2.9k,77,44,Mumbai +135 other locations
1401,Orion Edutech,3.3,EdTech,761,1.4k,--,23,Kolkata +115 other locations
1402,Wipro Infrastructure Engineering,3.7,Industrial Machinery,761,3.9k,16,63,Bengaluru +37 other locations
1403,Times Internet,3.5,Internet,759,5.5k,14,74,Noida +24 other locations
1404,Better.com,3.0,Financial Services,758,3.9k,8,56,Gurugram +9 other locations
1405,McDermott International,4.2,Engineering & Construction,758,3.5k,55,64,Chennai +33 other locations
1406,National Informatics Centre,3.9,Government,756,4.1k,--,42,New Delhi +77 other locations
1407,Brane Enterprises,2.1,Software Product,756,3.4k,--,150,Hyderabad +12 other locations
1408,Celebal Technologies,3.0,IT Services & Consulting,756,4.5k,24,140,Jaipur +22 other locations
1409,Zee Entertainment Enterprises,3.4,Media & Entertainment,756,4.4k,44,55,Mumbai +35 other locations
1410,HSBC Software Development,4.1,Software Product,755,8.1k,--,28,Pune +8 other locations
1411,Protiviti,3.0,Management Consulting,754,5.3k,--,73,Gurugram +28 other locations
1412,TO THE NEW,3.6,IT Services & Consulting,754,5.8k,42,154,Noida +19 other locations
1413,Padget Electronics,3.8,Electronics Manufacturing,753,2.7k,--,81,Noida +17 other locations
1414,Dunzo,3.5,Internet,753,3.2k,--,71,Bengaluru +21 other locations
1415,Samsung E&A,3.9,Engineering & Construction,752,2.4k,--,72,Noida +47 other locations
1416,Ameriprise Financial,3.7,Financial Services,751,5.1k,3,74,Gurugram +11 other locations
1417,BCD Travel,4.3,Travel & Tourism,751,1.7k,36,148,Bengaluru +11 other locations
1418,India Japan Lighting,4.1,Auto Components,751,2.6k,6,66,Chennai +29 other locations
1419,CMS Computers Limited (INDIA),3.6,IT Services & Consulting,750,3.2k,6,42,New Delhi +78 other locations
1420,Finolex Cables,3.7,Electrical Equipment,750,2.6k,15,44,Pune +76 other locations
1421,Sharda Motor Industries,3.7,Auto Components,750,2.8k,24,54,Chennai +27 other locations
1422,1 India Family Mart,4.6,Retail,749,1.5k,1,39,New Delhi +98 other locations
1423,Steel Authority Of India,4.1,Iron & Steel,749,2.2k,--,48,Bokaro +54 other locations
1424,Vaaman Engineers,3.8,Engineering & Construction,749,2.2k,18,73,Jharsuguda +46 other locations
1425,Veradigm,3.7,Software Product,749,3.6k,54,43,Pune +9 other locations
1426,UnitedLex,2.7,Analytics & KPO,748,3.7k,54,72,New Delhi +13 other locations
1427,India Cements,3.8,Building Material,747,2.7k,8,52,Chennai +93 other locations
1428,CADD Centre Training Services,4.0,Education & Training,747,2k,6,38,Chennai +132 other locations
1429,Exicom,4.0,Semiconductors,747,3.1k,6,58,Gurugram +31 other locations
1430,Hapag-Lloyd,3.8,Ports & Shipping,747,3.1k,10,30,Chennai +16 other locations
1431,Bitwise Solutions,3.7,IT Services & Consulting,744,4.4k,4,57,Pune +9 other locations
1432,Transrail Lighting,4.0,Engineering & Construction,744,2.6k,--,60,Mumbai +98 other locations
1433,Mindsprint,3.6,IT Services & Consulting,744,4.2k,24,70,Chennai +10 other locations
1434,Mott MacDonald,4.0,Management Consulting,744,2.8k,191,57,Mumbai +49 other locations
1435,Livguard,3.9,Electronics Manufacturing,744,2.3k,--,45,Gurugram +86 other locations
1436,ESL Steel,3.8,Iron & Steel,742,2.1k,--,37,Bokaro +24 other locations
1437,Aurigo Software Technologies,4.6,Software Product,742,1k,24,36,Bengaluru +6 other locations
1438,Integreon,3.2,BPO,742,4.1k,31,57,Mumbai +12 other locations
1439,LifeCell International,3.4,Biotechnology,741,2.8k,42,52,Chennai +76 other locations
1440,Primus Global Technologies,3.7,IT Services & Consulting,741,3.1k,--,24,Bengaluru +27 other locations
1441,Neuland Laboratories,4.0,Pharma,741,3k,13,53,Hyderabad +7 other locations
1442,Religare,3.6,Financial Services,741,2.5k,168,34,New Delhi +98 other locations
1443,Isuzu Motors,4.1,Automobile,741,3k,1,56,Chennai +39 other locations
1444,SLK Global Services,4.0,BPO,740,2.6k,--,34,Bengaluru +9 other locations
1445,Stellantis,3.4,Automobile,740,5.1k,--,66,Chennai +17 other locations
1446,EMERSON PROCESS MANAGEMENT,4.1,Industrial Automation,740,4.5k,--,66,Pune +31 other locations
1447,Greenply,3.8,Building Material,739,2.4k,12,57,Kolkata +97 other locations
1448,Writer Information Management Services,3.1,BPO,741,2.7k,--,39,Mumbai +69 other locations
1449,Galfar,3.9,Engineering & Construction,738,1.8k,--,32,Muscat +39 other locations
1450,Deepak Nitrite,3.9,Chemicals,738,3.1k,23,52,Vadodara +20 other locations
1451,Google Operations Center,3.6,BPO,738,4.2k,--,101,Hyderabad +14 other locations
1452,Sterling Tools,4.5,Auto Components,738,1.2k,12,233,Faridabad +16 other locations
1453,Boeing,3.8,Aviation,737,6.9k,22,102,Bengaluru +13 other locations
1454,Mswipe Technologies,3.2,FinTech,736,2.3k,5,35,Mumbai +97 other locations
1455,Care Hospital,4.1,Healthcare,736,2.1k,87,35,Hyderabad +43 other locations
1456,Smollan Group,3.9,Marketing & Advertising,734,1.8k,21,48,Mumbai +143 other locations
1457,Rackspace,3.8,IT Services & Consulting,734,4.4k,23,84,Gurugram +15 other locations
1458,OLX India,3.7,Internet,734,3.2k,9,68,Gurugram +57 other locations
1459,Sun Life Financial,3.8,Financial Services,734,4.2k,179,53,Gurugram +12 other locations
1460,RITES,3.9,Engineering & Construction,732,2.5k,3,40,Gurugram +88 other locations
1461,GirnarSoft,3.6,IT Services & Consulting,731,3.3k,7,35,Gurugram +53 other locations
1462,The Akshaya Patra Foundation,4.4,Non-Profit,730,1.9k,12,61,Bengaluru +68 other locations
1463,ASG Eye Hospital,3.5,Healthcare,730,1.7k,100,62,Jaipur +76 other locations
1464,Indusind Marketing & Financial Services,3.7,Financial Services,730,1.6k,--,32,Chennai +273 other locations
1465,Electrosteel Casting,3.6,Building Material,729,2.8k,1,57,Kolkata +29 other locations
1466,Volkswagen Group Digital Solutions [India],3.9,IT Services & Consulting,729,4.8k,122,80,Pune +14 other locations
1467,LG Soft India,2.8,IT Services & Consulting,728,4.6k,2,113,Bengaluru +15 other locations
1468,V-Trans,3.8,Logistics,728,1.9k,--,34,Mumbai +94 other locations
1469,Redcliffe Labs,4.0,Healthcare,726,1.8k,18,69,New Delhi +83 other locations
1470,Delta Electronics,3.9,Electronics Manufacturing,725,3.6k,9,66,Bengaluru +45 other locations
1471,Evision Technoserve,4.8,IT Services & Consulting,726,214,--,315,Pune +44 other locations
1472,Lavender Technology,4.9,IT Services & Consulting,724,19,--,4,Bengaluru +8 other locations
1473,Vertex Customer Solutions,3.5,IT Services & Consulting,724,1.1k,--,15,Chennai +33 other locations
1474,BDO India LLP,3.2,Accounting & Auditing,724,3.8k,102,91,Mumbai +36 other locations
1475,McKinsey & Company,3.8,Management Consulting,724,8.5k,8,249,Gurugram +25 other locations
1476,B. G. Shirke Construction Technology,4.2,Engineering & Construction,723,2.7k,6,43,Pune +26 other locations
1477,Sterlite Power,4.0,Power,723,3.2k,33,38,New Delhi +84 other locations
1478,Molex,3.8,Electronics Manufacturing,722,3.9k,--,70,Bengaluru +17 other locations
1479,Turtlemint,3.7,Internet,722,2.5k,7,58,Mumbai +115 other locations
1480,Eugia Pharma Specialities,4.0,Pharma,722,2.8k,--,46,Hyderabad +18 other locations
1481,Expleo Solutions,3.5,IT Services & Consulting,720,4.9k,--,74,Chennai +15 other locations
1482,Ag Industries,3.9,Auto Components,720,2.8k,10,56,Gurugram +32 other locations
1483,AI Airport Services,3.3,Aviation,720,1.7k,--,46,Mumbai +60 other locations
1484,Mitsubishi Electric India,4.2,Electronics Manufacturing,719,2.9k,9,46,Pune +52 other locations
1485,Adidas,3.9,Fashion & Textile,719,3.8k,36,83,Gurugram +69 other locations
1486,Nvidia,3.5,Hardware & Networking,718,5.4k,238,132,Pune +19 other locations
1487,Koch Business Solutions,3.1,IT Services & Consulting,717,5.1k,1,68,Bengaluru +11 other locations
1488,DuPont,4.2,Waste Management,717,3k,16,45,Hyderabad +46 other locations
1489,TDK India Private Limited,3.9,Semiconductors,716,2.2k,27,46,Nashik +26 other locations
1490,Home First Finance Company India,3.5,NBFC,716,2.6k,305,66,Mumbai +105 other locations
1491,Bristlecone,3.7,IT Services & Consulting,715,6.1k,154,71,Bengaluru +14 other locations
1492,R.V.R. PROJECTS,3.9,Engineering & Construction,714,1.8k,13,68,Hyderabad +69 other locations
1493,ffreedom app,3.5,Internet,714,1.5k,--,64,Bengaluru +26 other locations
1494,Bikanervala,3.9,FMCG,714,2k,--,30,New Delhi +70 other locations
1495,Trianz,3.5,IT Services & Consulting,713,4.8k,16,61,Hyderabad +9 other locations
1496,BSH Home Appliances Group,3.8,Consumer Electronics & Appliances,713,2.5k,4,39,Bengaluru +60 other locations
1497,NecLife,3.6,Pharma,711,2.3k,2,62,Chandigarh +30 other locations
1498,Tavant Technologies,3.8,IT Services & Consulting,711,6.3k,71,81,Bengaluru +13 other locations
1499,URC Construction,3.6,Engineering & Construction,711,2.5k,2,75,Chennai +51 other locations
1500,Razorpay,3.4,FinTech,710,6.5k,61,177,Bengaluru +27 other locations
1501,Biba Apparels,3.5,Fashion & Textile,709,2.2k,--,50,New Delhi +97 other locations
1502,uFaber,2.2,Education & Training,709,1.4k,--,54,Mumbai +24 other locations
1503,Medreich,3.9,Pharma,709,3k,3,62,Bengaluru +14 other locations
1504,JSW Energy,4.1,Power,709,3.7k,--,58,Mumbai +79 other locations
1505,Genus Power Infrastructures,3.9,Electronics Manufacturing,708,2.9k,--,69,Jaipur +85 other locations
1506,Rentokil Pest Control,3.6,Facility Management Services,708,2k,328,43,Mumbai +111 other locations
1507,Eastman Auto and Power Limited,3.9,Electronics Manufacturing,707,2.1k,9,95,Gurugram +71 other locations
1508,XcelServ Solutions,4.4,IT Services & Consulting,706,419,--,11,New Delhi +33 other locations
1509,Goodyear,3.5,Auto Components,704,2.6k,3,74,Chhatrapati Sambhajinagar +66 other locations
1510,Gartner,3.8,Management Consulting,704,6.6k,51,98,Gurugram +18 other locations
1511,Diebold Nixdorf,3.6,Software Product,704,3.6k,27,55,Hyderabad +45 other locations
1512,Thriveni Earthmovers,3.9,Metals & Mining,703,2.5k,--,63,Jamshedpur +47 other locations
1513,Bahwan CyberTek,3.4,IT Services & Consulting,703,4.9k,60,53,Chennai +21 other locations
1514,Cotiviti,3.5,Analytics & KPO,702,4.6k,29,90,Hyderabad +10 other locations
1515,Visteon,3.1,Auto Components,701,4.6k,39,61,Chennai +21 other locations
1516,Amrit Cement,3.9,Building Material,701,1.5k,21,84,Guwahati +49 other locations
1517,Raychem RPG,3.7,Electrical Equipment,701,2.5k,2,33,Mumbai +34 other locations
1518,Tredence,3.4,IT Services & Consulting,701,6.6k,95,151,Bengaluru +9 other locations
1519,Wow Momo Foods,4.1,Hospitality,701,1.9k,6,92,Kolkata +66 other locations
1520,Lovely Professional University,3.3,Education & Training,700,2k,3,63,Jalandhar +30 other locations
1521,Shalby Hospitals,4.2,Healthcare,700,2.1k,50,99,Ahmedabad +23 other locations
1522,Kissht Finance,4.0,FinTech,700,2.1k,19,82,Mumbai +95 other locations
1523,Ness Digital Engineering,3.3,IT Services & Consulting,700,5.6k,41,73,Bengaluru +11 other locations
1524,KreditBee,3.4,Internet,700,3.4k,28,58,Bengaluru +25 other locations
1525,ReSource Pro,3.8,BPO,699,3.6k,52,133,Bengaluru +9 other locations
1526,Mynd Solutions Private,3.7,BPO,698,3.2k,--,36,Gurugram +33 other locations
1527,Apple,4.3,Consumer Electronics & Appliances,697,5.5k,228,169,Bengaluru +107 other locations
1528,Wolters Kluwer,3.8,Software Product,697,5k,4,95,Pune +16 other locations
1529,PrimEra Medical Technologies,3.6,IT Services & Consulting,695,3.8k,54,72,Hyderabad +14 other locations
1530,Infor Global Solution,3.9,Software Product,696,6.7k,7,84,Hyderabad +9 other locations
1531,Ramky Infrastructure,4.2,Engineering & Construction,694,1.9k,1,54,Hyderabad +51 other locations
1532,Asb International,3.6,Industrial Machinery,694,2.7k,--,35,Mumbai +23 other locations
1533,Patel Engineering,4.1,Engineering & Construction,693,2.3k,--,47,Mumbai +70 other locations
1534,LEAP India Limited,4.6,Packaging,693,1.3k,4,32,Mumbai +47 other locations
1535,HRH Next Services,2.9,BPO,693,2k,8,53,Hyderabad +23 other locations
1536,Moglix,3.3,Internet,693,3.7k,41,68,Noida +39 other locations
1537,TCNS Clothing Company,4.1,Fashion & Textile,693,1.5k,2,27,New Delhi +110 other locations
1538,Sykes Business Services Of India,3.4,BPO,693,2.6k,31,53,Hyderabad +15 other locations
1539,Central Bank of India,3.9,Banking,692,1.5k,--,44,Mumbai +209 other locations
1540,Central Bank of India,3.9,Banking,692,1.5k,--,44,Mumbai +209 other locations
1541,CtrlS,3.6,IT Services & Consulting,692,3.2k,8,57,Hyderabad +17 other locations
1542,Transsion,4.0,Consumer Electronics & Appliances,691,2.6k,3,39,Noida +65 other locations
1543,Radico Khaitan,4.0,Beverage,690,2.1k,--,67,Rampur +80 other locations
1544,Samunnati,4.5,NBFC,690,917,--,84,Chennai +61 other locations
1545,Csc E Governance Services,3.8,Government,690,1.7k,22,46,New Delhi +202 other locations
1546,Bharat Serums and Vaccines,4.0,Pharma,689,2.3k,6,31,Mumbai +66 other locations
1547,North East Small Finance Bank,3.5,Banking,689,1.8k,--,29,Guwahati +92 other locations
1548,Vindhya Telelinks,4.0,Hardware & Networking,689,2.1k,--,49,Rewa +93 other locations
1549,Jubilant Ingrevia,3.7,Chemicals,689,2.9k,--,52,Bharuch +33 other locations
1550,Technotask Business Solutions,3.5,BPO,690,2k,3,63,Bhopal +21 other locations
1551,HSBC Bank,4.0,Banking,689,3k,2,44,Hyderabad +37 other locations
1552,Writer Corporation,3.4,Logistics,688,2.1k,45,36,Mumbai +83 other locations
1553,Micro Turners,3.8,Auto Components,688,2.2k,2,35,Baddi +42 other locations
1554,Flash Electronics,3.5,Electronics Manufacturing,688,2.5k,1,36,Pune +22 other locations
1555,TTK Prestige,3.8,Consumer Electronics & Appliances,687,2.5k,19,52,Bengaluru +83 other locations
1556,NSB Bpo Solutions,2.8,BPO,687,1.7k,--,36,Noida +83 other locations
1557,Wuerth,3.5,Industrial Machinery,686,2.3k,13,46,Pune +65 other locations
1558,Nomura Holdings,3.7,Investment Banking / Venture Capital / Private Equity,686,6.9k,273,81,Mumbai +11 other locations
1559,PPG Asian Paints,3.9,Chemicals,686,2.9k,4,45,Mumbai +58 other locations
1560,Lohia Corp,4.0,Industrial Machinery,686,2.5k,5,80,Kanpur +21 other locations
1561,Dodla Dairy,4.2,Food Processing,685,1.9k,9,46,Hyderabad +72 other locations
1562,IHG,3.5,Hospitality,685,2.7k,77,40,New Delhi +46 other locations
1563,Leverage Edu,4.1,EdTech,685,1.8k,48,69,Noida +22 other locations
1564,Embibe,3.4,EdTech,684,2.6k,--,61,Bengaluru +19 other locations
1565,Autoliv,3.9,Auto Components,684,2.8k,--,42,Bengaluru +23 other locations
1566,Cohesity,3.9,Software Product,684,5.1k,19,87,Pune +47 other locations
1567,Titan Eye Plus,4.1,Other,684,1.4k,--,39,Kolkata +131 other locations
1568,TransUnion,3.6,Financial Services,684,6.3k,35,104,Chennai +10 other locations
1569,Nephroplus,3.8,Healthcare,683,3k,104,52,Hyderabad +112 other locations
1570,Toppr,3.4,EdTech,682,3.2k,--,66,Mumbai +42 other locations
1571,Kurlon,4.3,Furniture & Furnishing,682,2.1k,8,37,Bengaluru +88 other locations
1572,Vizag Steel,4.0,Iron & Steel,682,1.7k,--,36,Visakhapatnam +29 other locations
1573,Emami Agrotech,3.9,Food Processing,682,2.5k,12,44,Kolkata +67 other locations
1574,Caparo Engineering India,4.0,Auto Components,682,2.5k,--,35,Chennai +34 other locations
1575,Quislex Legal Services,4.1,Legal,681,1.8k,1,38,Hyderabad +11 other locations
1576,Neeyamo Enterprise Solutions,3.6,,681,4k,2,71,
1577,Keventer,3.7,FMCG,681,2.2k,4,35,Kolkata +65 other locations
1578,Bisk Farm,4.0,Food Processing,681,1.6k,16,30,Kolkata +138 other locations
1579,VRL Logistics,3.7,Logistics,680,1.7k,--,25,Bengaluru +119 other locations
1580,Progressive Infovision,3.8,Recruitment,680,1.1k,--,52,New Delhi +78 other locations
1581,ChannelPlay,3.9,Marketing & Advertising,680,1.9k,2,31,Gurugram +93 other locations
1582,Orient Cement,4.4,Building Material,680,2.4k,6,48,Hyderabad +70 other locations
1583,BASF,4.2,Chemicals,680,2.4k,6,35,Mumbai +96 other locations
1584,Doosan Power Systems,4.3,Power,680,2.5k,--,44,Gurugram +31 other locations
1585,Bayer Crop Science Vegetable Seeds,4.1,,680,958,--,38,
1586,Teamlease Digital,3.3,Recruitment,681,3.2k,--,39,Bengaluru +68 other locations
1587,TVS Electronics,3.8,Electronics Manufacturing,678,2.3k,8,33,Chennai +72 other locations
1588,Office Beacon,4.6,BPO,678,887,5,68,Vadodara +20 other locations
1589,YOKOGAWA,3.8,Industrial Automation,678,3.7k,74,60,Bengaluru +25 other locations
1590,SG Analytics,2.6,Analytics & KPO,677,3.6k,17,82,Pune +12 other locations
1591,Capco Technologies,3.7,IT Services & Consulting,677,5k,169,92,Bengaluru +18 other locations
1592,InternEzy,4.9,EdTech,676,5,4,126,Chennai +6 other locations
1593,Surya Roshni,4.1,Building Material,676,2.2k,11,23,New Delhi +74 other locations
1594,Rane NSK Steering Systems,4.0,Auto Components,676,2k,--,41,Chennai +26 other locations
1595,Medtronic,3.9,Medical Equipment,676,4.6k,143,81,Hyderabad +46 other locations
1596,Testbook.com,3.3,EdTech,676,4.5k,--,111,Noida +30 other locations
1597,Bridgestone - Global Capability Center,4.0,Auto Components,676,2.8k,21,49,Pune +61 other locations
1598,Solv,3.5,Internet,675,1.7k,--,46,Bengaluru +142 other locations
1599,Blue Yonder,3.6,Software Product,675,7.4k,168,72,Bengaluru +14 other locations
1600,Orient Technologies,3.7,IT Services & Consulting,675,3k,8,49,Mumbai +50 other locations
1601,Livpure,3.8,Consumer Electronics & Appliances,674,2.3k,14,41,Gurugram +82 other locations
1602,Quess IT Staffing Solutions,3.2,,674,1.6k,--,45,
1603,Lionbridge Technologies,3.5,Content Development,673,3.8k,2,51,Mumbai +14 other locations
1604,Elite Elevators,4.2,Industrial Machinery,673,989,2,51,Chennai +41 other locations
1605,Wissen Infotech,3.6,IT Services & Consulting,672,4.8k,101,64,Bengaluru +15 other locations
1606,MPS Limited,3.5,Content Development,672,2.9k,29,38,Dehradun +24 other locations
1607,Dhanuka Agritech,3.7,Agro Chemicals,671,1.9k,1,50,Gurugram +109 other locations
1608,Redington,4.0,Hardware & Networking,671,3.1k,3,37,Chennai +48 other locations
1609,R.S. Infraprojects,4.0,Engineering & Construction,671,1.7k,2,38,Noida +98 other locations
1610,Osource Global,3.5,BPO,670,2.7k,19,27,Mumbai +28 other locations
1611,Mahindra Integrated Business Solutions,3.4,BPO,669,2.6k,4,46,Mumbai +85 other locations
1612,NextComm Corporation,4.8,Software Product,669,37,--,6,Bengaluru +8 other locations
1613,Triveni Engineering & Industries,4.2,Food Processing,668,2.5k,2,49,Noida +57 other locations
1614,CJ Darcl Logistics Limited,4.0,Logistics,668,1.9k,--,44,Gurugram +83 other locations
1615,L&T Power,3.9,Power,668,3.4k,--,37,Vadodara +98 other locations
1616,PCBL Chemical Limited,3.9,Petrochemicals,667,2.6k,6,72,Vadodara +25 other locations
1617,Vasudha Pharma Chem,4.0,Pharma,667,2.2k,3,37,Visakhapatnam +9 other locations
1618,Housing.com,3.6,Internet,667,2.9k,19,80,Gurugram +44 other locations
1619,EPL Limited,3.8,Packaging,667,1.8k,5,30,Mumbai +34 other locations
1620,Tejas Networks,3.8,Hardware & Networking,666,4k,--,91,Bengaluru +35 other locations
1621,Magic EdTech,3.5,EdTech,666,3.6k,14,86,Noida +11 other locations
1622,Future Supply Chain Solutions,4.4,Logistics,665,2.1k,--,22,Nagpur +70 other locations
1623,DAV Public School,3.9,Education & Training,665,1.3k,--,36,New Delhi +153 other locations
1624,Snapdeal,3.8,Internet,665,2.8k,36,76,Gurugram +31 other locations
1625,Government of India,4.2,Government,664,3.8k,--,67,New Delhi +157 other locations
1626,Saint Gobain Glass,3.9,Building Material,664,2k,--,31,Chennai +57 other locations
1627,HCL Healthcare,4.6,Healthcare,664,959,17,171,Noida +40 other locations
1628,BDO RISE Private Limited,3.6,Accounting & Auditing,664,3k,13,85,Bengaluru +9 other locations
1629,Ingram Micro,3.6,IT Services & Consulting,663,3.3k,--,33,Mumbai +47 other locations
1630,Corteva Agriscience,4.3,Agro Chemicals,663,2.6k,1,41,Hyderabad +107 other locations
1631,SMC Global Securities,3.5,Financial Services,663,2.6k,23,59,New Delhi +90 other locations
1632,Optimum Infosystem,3.2,IT Services & Consulting,663,3.5k,34,59,Chennai +16 other locations
1633,CSC,3.6,Financial Services,662,4.6k,64,66,Bengaluru +24 other locations
1634,JoulestoWatts Business Solutions,3.4,IT Services & Consulting,662,3.3k,--,79,Bengaluru +17 other locations
1635,bp,3.7,Oil & Gas,661,4.3k,23,92,Pune +14 other locations
1636,ANAROCK Property Consultants,3.5,Real Estate,659,3.1k,49,64,Mumbai +31 other locations
1637,Welspun World,3.6,Building Material,659,2.5k,96,60,Anjar +52 other locations
1638,Omaxe,4.2,Real Estate,659,2.2k,4,41,New Delhi +24 other locations
1639,Kutumbh Care,4.0,Recruitment,658,1.6k,--,33,Noida +161 other locations
1640,Magic Bus India Foundation,3.8,Non-Profit,658,1.7k,18,44,Mumbai +77 other locations
1641,Licious,3.6,Internet,658,3k,17,77,Bengaluru +38 other locations
1642,Epicenter Technologies,3.4,BPO,657,2.3k,4,43,Mumbai +8 other locations
1643,Krsnaa Diagnostics,3.6,Healthcare,657,1.6k,12,50,Pune +96 other locations
1644,Indorama,3.9,Agro Chemicals,657,2.3k,12,41,Haldia +46 other locations
1645,BrightCHAMPS,4.3,EdTech,657,1.1k,4,98,Bengaluru +28 other locations
1646,PeopleStrong,3.4,Recruitment,656,3.2k,8,54,Gurugram +20 other locations
1647,My Home Industries,4.0,Building Material,656,2.3k,10,44,Hyderabad +70 other locations
1648,Narayana e-Techno School,3.6,Education & Training,655,2k,--,54,Bengaluru +104 other locations
1649,Healthians,4.1,Internet,655,1.9k,1,145,Gurugram +48 other locations
1650,DeHaat,3.6,Internet,655,2.1k,5,68,Gurugram +116 other locations
1651,Cogoport,3.2,Internet,655,1.8k,--,56,Mumbai +13 other locations
1652,Celebi Aviation Holding,4.0,Aviation,654,1.1k,--,37,New Delhi +19 other locations
1653,TCI Express,3.9,Logistics,653,1.9k,2,47,Gurugram +77 other locations
1654,Nihilent,3.1,IT Services & Consulting,652,4.9k,29,65,Pune +8 other locations
1655,BankBazaar,3.2,FinTech,651,2.9k,24,62,Chennai +15 other locations
1656,Sintex BAPL,3.6,Petrochemicals,651,2.4k,2,40,Ahmedabad +70 other locations
1657,Careon Healthcare Solutions,3.9,Medical Equipment,650,2.9k,--,9,Bengaluru +14 other locations
1658,Marlabs,3.5,IT Services & Consulting,650,5.2k,3,40,Bengaluru +12 other locations
1659,Centaur Pharmaceuticals,3.5,Pharma,650,2.8k,8,34,Pune +67 other locations
1660,Quality Austria Central Asia,3.5,Other,649,1.8k,21,29,New Delhi +74 other locations
1661,Qatar Airways,3.5,Aviation,649,2k,10,72,Ahmedabad +29 other locations
1662,Tata Power Delhi Distribution,3.8,Power,649,2.8k,--,35,New Delhi +31 other locations
1663,Surin Automotive,3.9,Industrial Machinery,648,2k,--,57,Pune +22 other locations
1664,TIAA Global Business Services,3.8,Financial Services,648,5k,9,52,Pune +9 other locations
1665,Carrier,3.7,Industrial Machinery,647,4.6k,12,55,Hyderabad +52 other locations
1666,Videocon d2h,3.8,Internet,645,1.2k,--,31,New Delhi +118 other locations
1667,Grihum Housing Finance,3.7,NBFC,645,2.1k,3,31,Pune +151 other locations
1668,Impetus Technologies,3.4,IT Services & Consulting,645,6.2k,43,113,Indore +14 other locations
1669,Fiat India Automobiles,3.6,Automobile,644,2.3k,4,46,Pune +23 other locations
1670,Yatra,3.3,Travel & Tourism,643,3k,1,37,Gurugram +20 other locations
1671,Forbes Marshall,3.9,Industrial Machinery,643,2.7k,23,47,Pune +24 other locations
1672,Times Group,3.8,Printing & Publishing,643,4.7k,13,33,Mumbai +47 other locations
1673,NiCE,3.6,Software Product,643,4.5k,49,100,Pune +15 other locations
1674,ICA Edu Skills,3.8,Education & Training,643,1.4k,17,42,Kolkata +119 other locations
1675,TDS Lithium-Ion Battery,4.2,Auto Components,643,2.2k,--,95,Ahmedabad +20 other locations
1676,Pennar Industries,3.5,Engineering & Construction,642,3k,4,36,Hyderabad +31 other locations
1677,Inspirisys Solution,3.7,IT Services & Consulting,642,3.8k,73,64,Chennai +56 other locations
1678,Corporate Infotech,3.7,IT Services & Consulting,642,2.2k,2,85,New Delhi +54 other locations
1679,Revolut,2.6,FinTech,642,3.1k,--,121,Bengaluru +18 other locations
1680,Hetero Healthcare,3.5,Pharma,642,2.3k,10,37,Hyderabad +82 other locations
1681,Corporate Infotech,3.7,IT Services & Consulting,642,2.2k,2,85,New Delhi +54 other locations
1682,Alshaya Group,3.7,Retail,641,2.3k,--,50,Bengaluru +29 other locations
1683,Sandvik Asia,4.0,Industrial Machinery,641,1.6k,--,33,Pune +37 other locations
1684,Anudip Foundation,4.1,Non-Profit,641,1.3k,17,212,Kolkata +64 other locations
1685,Uno Mindarika,4.0,Auto Components,641,2k,--,50,Gurugram +27 other locations
1686,Talentpro,3.8,Recruitment,640,2.4k,24,33,Chennai +126 other locations
1687,Collegedunia,3.2,Internet,640,3.3k,14,135,Gurugram +28 other locations
1688,3M,4.0,Electronics Manufacturing,639,3.2k,93,41,Bengaluru +54 other locations
1689,Vikram Solar,3.6,Power,638,2.3k,10,41,Kolkata +42 other locations
1690,MAQ Software,3.2,IT Services & Consulting,637,4k,3,175,Noida +9 other locations
1691,Welspun Corp,4.0,Iron & Steel,636,2.1k,14,35,Anjar +31 other locations
1692,RealPage,3.6,Software Product,636,4.1k,9,78,Hyderabad +8 other locations
1693,FCC Clutch,3.8,Auto Components,635,2.3k,--,44,Gurugram +26 other locations
1694,Mount Litera Zee School,3.7,Education & Training,635,1.5k,16,41,Bengaluru +125 other locations
1695,GKN,3.9,Defence & Aerospace,634,2.3k,47,38,Pune +30 other locations
1696,Wissen Technology,3.7,IT Services & Consulting,634,5.3k,101,203,Bengaluru +9 other locations
1697,Philips Innovation Campus,3.7,Software Product,634,4.5k,--,57,Bengaluru +20 other locations
1698,Kaizen IT Services,3.9,IT Services & Consulting,633,1.3k,--,38,Kolkata +93 other locations
1699,Gainwell Commosales,4.0,Industrial Machinery,633,2.3k,3,46,Kolkata +82 other locations
1700,National Stock Exchange of India,3.6,Financial Services,633,4.5k,--,55,Mumbai +34 other locations
1701,The Lalit,3.5,Hospitality,633,1.6k,13,26,New Delhi +32 other locations
1702,Global Healthcare Billing Partners,3.3,BPO,633,3.6k,431,47,Chennai +15 other locations
1703,Geojit Financial Services,3.3,Financial Services,632,2.2k,3,54,Kochi +142 other locations
1704,Sigma Engineered Solutions,3.9,Industrial Machinery,632,2.5k,--,30,Pune +16 other locations
1705,Ferrero,3.9,Food Processing,632,2.1k,12,31,Pune +103 other locations
1706,ExportersIndia,4.9,Internet,632,130,--,32,New Delhi +2 other locations
1707,NoBrokerHood,2.8,Software Product,632,2.1k,2,67,Bengaluru +33 other locations
1708,NRB Bearings,4.1,Auto Components,631,2k,44,53,Chhatrapati Sambhajinagar +21 other locations
1709,Ebixcash Global Services,3.1,BPO,631,2.1k,--,57,Mumbai +40 other locations
1710,Danfoss Industries,3.8,Industrial Machinery,631,3.4k,12,44,Chennai +21 other locations
1711,Me n Moms,4.2,Retail,631,1.1k,5,149,Mumbai +66 other locations
1712,TVS Eurogrip,3.7,Auto Components,631,2.1k,12,33,Madurai +83 other locations
1713,Continental,3.6,Auto Components,630,3.6k,82,58,Bengaluru +50 other locations
1714,Electrotherm,4.1,Iron & Steel,630,2.8k,1,40,Ahmedabad +41 other locations
1715,UKB Electronics Limited,3.5,Electronics Manufacturing,630,2.2k,27,54,Noida +24 other locations
1716,Khazana Jewellery,3.9,Jewellery,630,1.7k,27,65,Chennai +50 other locations
1717,Finova Capital,3.8,NBFC,629,1.5k,4,29,Jaipur +185 other locations
1718,Airports Authority of India,4.2,Aviation,629,1.8k,--,54,New Delhi +91 other locations
1719,Chaitanya India Fin Credit,4.1,NBFC,629,1.5k,--,36,Bengaluru +175 other locations
1720,Avalon Technologies,3.8,Electronics Manufacturing,629,3.4k,16,43,Chennai +17 other locations
1721,B.L. Kashyap & Sons,3.7,Engineering & Construction,628,1.7k,23,68,Bengaluru +25 other locations
1722,Belstar Microfinance,4.0,NBFC,628,1.5k,--,41,Chennai +224 other locations
1723,Data Entry,4.2,BPO,628,1.9k,--,131,New Delhi +109 other locations
1724,Suroj Buildcon,4.1,Engineering & Construction,628,1.6k,4,35,Pune +49 other locations
1725,Varthana,4.0,NBFC,628,1.4k,3,46,Bengaluru +80 other locations
1726,Turbo Energy,4.1,Auto Components,627,2k,--,25,Chennai +25 other locations
1727,Sl Lumax,3.4,Auto Components,627,2.4k,6,31,Chennai +19 other locations
1728,Reliance Jewels,3.9,Jewellery,627,1.3k,--,37,Mumbai +131 other locations
1729,Sir H. N. Reliance Foundation Hospital and Research,4.2,Healthcare,627,1.2k,39,168,Mumbai +10 other locations
1730,Suraksha Diagnostic,3.7,Healthcare,626,1.6k,22,49,Kolkata +35 other locations
1731,NetConnectGlobal,3.1,IT Services & Consulting,626,2.7k,229,33,Bengaluru +44 other locations
1732,InsuranceDekho,3.5,Internet,626,2.2k,40,81,Gurugram +85 other locations
1733,ACKO,3.4,Insurance,626,3k,22,64,Bengaluru +14 other locations
1734,Monte Carlo,4.2,Fashion & Textile,625,2.5k,3,36,Ahmedabad +104 other locations
1735,Annalect,3.4,Marketing & Advertising,624,4.3k,--,83,Bengaluru +15 other locations
1736,Manjushree Technopack,3.5,,623,2.8k,13,48,
1737,Varun Motors,3.8,Automobile,623,2.1k,2,24,Hyderabad +42 other locations
1738,Sapphire Foods India,3.8,Hospitality,623,2k,37,37,Mumbai +66 other locations
1739,SOLAR INDUSTRIES INDIA,3.6,Defence & Aerospace,623,3k,17,73,Nagpur +39 other locations
1740,South Indian Bank,3.3,Banking,622,3.1k,--,49,Kochi +85 other locations
1741,Tecnimont,3.9,Engineering & Construction,622,2.8k,74,43,Mumbai +29 other locations
1742,Suma Soft,3.5,IT Services & Consulting,622,3.2k,15,52,Pune +11 other locations
1743,Crowne Plaza,4.1,Hospitality,622,1.3k,--,23,New Delhi +36 other locations
1744,IDBI Intech Limited,3.2,IT Services & Consulting,621,3k,--,55,Mumbai +28 other locations
1745,Karvy Stock Broking,3.6,,620,1.5k,--,9,
1746,Sasken,3.6,IT Services & Consulting,620,4.3k,42,92,Bengaluru +12 other locations
1747,Maharashtra Seamless,3.5,Building Material,619,2.2k,3,62,Mumbai +25 other locations
1748,Serum Institute of India,4.1,Biotechnology,619,3.3k,4,42,Pune +26 other locations
1749,Motilal Oswal Wealth Management,4.4,Financial Services,619,397,26,42,Mumbai +26 other locations
1750,Kiya.ai,3.9,IT Services & Consulting,619,4.2k,152,51,Mumbai +18 other locations
1751,Medcode,3.8,IT Services & Consulting,618,419,19,13,Hyderabad +10 other locations
1752,Trigent Software,3.4,IT Services & Consulting,617,3.9k,--,80,Bengaluru +29 other locations
1753,IRB Infrastructure,3.9,Engineering & Construction,617,1.4k,27,28,Mumbai +72 other locations
1754,Emids Technologies Limited,3.6,IT Services & Consulting,617,5.1k,27,49,Bengaluru +9 other locations
1755,Shriram Automall,4.0,Internet,616,1.4k,--,47,New Delhi +109 other locations
1756,Pyramid IT Consulting,3.1,Recruitment,616,2.8k,2,28,Noida +25 other locations
1757,Super Smelters,3.7,Iron & Steel,615,2.1k,3,42,Asansol +24 other locations
1758,Vedanta Limited,3.8,Metals & Mining,615,2.7k,10,57,Lanjigarh +54 other locations
1759,Okaya Power,3.8,Electrical Equipment,615,2.2k,5,42,New Delhi +87 other locations
1760,Hamilton Housewares,3.8,Consumer Electronics & Appliances,615,2.7k,20,41,Mumbai +54 other locations
1761,Aster Dm Healthcare,3.7,Healthcare,615,2.9k,201,58,Bengaluru +39 other locations
1762,Central Reserve Police Force,4.6,Government,614,1.3k,--,9,New Delhi +95 other locations
1763,Blackrock,3.5,Financial Services,614,7.2k,--,120,Gurugram +18 other locations
1764,Action Tesa,3.9,Building Material,614,1.4k,6,111,Sitarganj +62 other locations
1765,Shivam Autotech,3.6,Auto Components,613,2.3k,4,37,Gurugram +21 other locations
1766,HDFC Asset Management Company,4.1,Financial Services,613,2.5k,--,46,Mumbai +139 other locations
1767,Kajaria Ceramics,3.9,Building Material,613,2.1k,--,32,New Delhi +83 other locations
1768,Renovision Automation Services,3.3,IT Services & Consulting,613,1.9k,22,26,New Delhi +71 other locations
1769,Nucleus Software Exports,3.4,Software Product,613,4.2k,39,47,Noida +12 other locations
1770,CSM Technologies,4.0,IT Services & Consulting,613,2.1k,18,35,Bhubaneswar +22 other locations
1771,Sapiens,3.1,Software Product,613,5.4k,2,67,Bengaluru +8 other locations
1772,Schwing Stetter,3.8,Industrial Machinery,613,2.5k,92,46,Chennai +44 other locations
1773,Hitachi Systems Micro Clinic,4.0,IT Services & Consulting,612,2.7k,--,32,Mumbai +78 other locations
1774,Dr. Batras' Positive Health Clinic,3.8,Healthcare,612,1.1k,17,23,Mumbai +88 other locations
1775,Myk Laticrete,3.9,Building Material,612,2.2k,10,26,Hyderabad +88 other locations
1776,Einfochips,3.5,IT Services & Consulting,612,3.9k,155,77,Ahmedabad +13 other locations
1777,Royaloak Incorporation,3.6,Furniture & Furnishing,612,1.5k,15,40,Bengaluru +47 other locations
1778,EaseMyTrip.com,4.1,Internet,611,1.4k,68,69,New Delhi +10 other locations
1779,ThoughtWorks,3.9,IT Services & Consulting,611,7k,12,175,Bengaluru +11 other locations
1780,Sintex Industries,3.9,Industrial Machinery,611,2k,12,25,Ahmedabad +58 other locations
1781,Becton Dickinson,4.0,Medical Equipment,611,3.4k,105,37,Bengaluru +38 other locations
1782,Cashify,3.8,Internet,610,2.7k,8,51,Gurugram +58 other locations
1783,Avaada Group,4.3,Power,610,2.2k,54,63,Noida +68 other locations
1784,Agrostar,4.0,Internet,610,1.5k,17,63,Pune +52 other locations
1785,Finastra,3.7,Software Product,610,4.5k,41,61,Bengaluru +13 other locations
1786,Kirloskar Ferrous Industries,3.7,Iron & Steel,609,2.1k,2,33,Koppal +22 other locations
1787,Mavenir Systems,3.3,IT Services & Consulting,609,3.6k,8,63,Bengaluru +19 other locations
1788,Godrej Industries,4.0,Real Estate,608,2.8k,120,59,Mumbai +68 other locations
1789,Gestamp,3.6,Auto Components,608,2.1k,--,23,Pune +14 other locations
1790,Fiem Industries,3.6,Auto Components,608,2.7k,11,29,Hosur +29 other locations
1791,BMC Software,4.0,Software Product,607,3.9k,46,52,Pune +10 other locations
1792,Family Health Plan,3.7,Insurance,607,2.1k,8,45,Hyderabad +36 other locations
1793,Finolex Industries,3.7,Building Material,606,2.4k,--,48,Pune +71 other locations
1794,Sudarshan Chemical Industries,3.9,Chemicals,607,2.7k,15,34,Roha +25 other locations
1795,ITC Limited Foods Division,3.9,Food Processing,606,2k,--,76,Bengaluru +74 other locations
1796,Netmeds.com,3.9,Pharma,606,2.3k,--,49,Chennai +125 other locations
1797,Royal Caribbean International,4.2,Sports & Recreation,605,713,1,32,Mumbai +26 other locations
1798,BT E Serv,3.9,BPO,605,2.7k,--,54,Kolkata +6 other locations
1799,Holiday Inn,4.0,Hospitality,605,1.4k,2,18,New Delhi +61 other locations
1800,Ongc Petro Additions,4.1,Petrochemicals,605,3.3k,--,35,Bharuch +29 other locations
1801,Nspira Management Services,3.7,Management Consulting,605,2.5k,20,38,Hyderabad +59 other locations
1802,Mrs Bector's Food Specialities,3.8,Food Processing,604,1.9k,14,31,Greater Noida +88 other locations
1803,MothersonSumi INfotech & Designs,3.4,IT Services & Consulting,604,3.7k,6,37,Noida +18 other locations
1804,Grab A Grub Services,3.9,Logistics,603,1.9k,--,35,Mumbai +115 other locations
1805,CSG International,3.4,IT Services & Consulting,603,4.2k,20,60,Bengaluru +13 other locations
1806,Cyfuture,3.0,IT Services & Consulting,603,2.7k,19,108,Noida +37 other locations
1807,Vyapar,3.6,Software Product,602,2.3k,133,78,Bengaluru +40 other locations
1808,Rocket India,4.0,Financial Services,602,3.6k,30,114,Chennai +11 other locations
1809,Jain Irrigation Systems,3.7,Agriculture,601,1.9k,--,32,Jalgaon +89 other locations
1810,Polaris Consulting,4.2,IT Services & Consulting,601,2.8k,--,33,Hyderabad +18 other locations
1811,Carnival Cruise Lines,4.2,Sports & Recreation,601,685,--,23,Mumbai +31 other locations
1812,DHL Global Forwarding,3.9,Logistics,600,3.1k,--,39,Chennai +21 other locations
1813,Dhani Services,3.7,,601,1.2k,1,22,
1814,Bharat Biotech International,3.1,Biotechnology,600,2.3k,5,64,Hyderabad +29 other locations
1815,Jayaswal Neco Industries,4.1,Iron & Steel,600,2.1k,13,37,Raipur +31 other locations
1816,Blackberrys,3.7,Fashion & Textile,600,1.8k,6,33,Gurugram +92 other locations
1817,VDA Infosolutions,3.8,IT Services & Consulting,599,1.9k,2,55,Pune +34 other locations
1818,Toyoda Gosei Minda,4.2,Auto Components,599,1.8k,--,33,Neemrana +24 other locations
1819,Hpl Electric & Power,3.7,Electrical Equipment,599,2.2k,6,69,Gurugram +70 other locations
1820,AML RightSource,2.6,IT Services & Consulting,599,3.4k,28,60,New Delhi +9 other locations
1821,Heidelberg Cement,4.0,Building Material,598,1.9k,1,36,Damoh +79 other locations
1822,Infinity Learn,4.2,EdTech,598,2k,66,102,Hyderabad +18 other locations
1823,Sterling Oil Exploration & Energy Production,3.5,Oil & Gas,598,1.3k,2,69,Lagos +23 other locations
1824,Varindera Constructions,4.4,Engineering & Construction,597,1.3k,14,51,New Delhi +26 other locations
1825,Jubilant Agri and Consumer Products,4.0,Chemicals,596,1.9k,--,38,Gurugram +114 other locations
1826,IKEA,4.0,Retail,596,2.2k,--,50,Bengaluru +24 other locations
1827,Anmol Industries,3.9,FMCG,595,1.8k,--,65,Kolkata +88 other locations
1828,HashedIn by Deloitte,3.9,IT Services & Consulting,595,5.7k,3,146,Bengaluru +16 other locations
1829,APL Apollo Tubes,4.0,Iron & Steel,595,1.9k,7,54,Raipur +47 other locations
1830,Ofbusiness,3.0,Internet,595,2.6k,67,50,Gurugram +42 other locations
1831,Vedang Cellular Services,3.8,Telecom,595,1.7k,12,30,Mumbai +69 other locations
1832,Ugam Solution,3.6,IT Services & Consulting,594,3.5k,--,51,Mumbai +14 other locations
1833,Columbia Asia,4.6,Healthcare,594,1.4k,--,19,Bengaluru +18 other locations
1834,Eli Lilly and Company,3.3,Pharma,594,4.8k,73,82,Bengaluru +19 other locations
1835,Maxicus,4.0,BPO,593,717,--,135,Vadodara +15 other locations
1836,Sanghi Industries,4.0,Building Material,592,2.2k,--,77,Ahmedabad +29 other locations
1837,Bridge & Roof Co,3.4,Engineering & Construction,592,2.5k,--,27,Kolkata +64 other locations
1838,United Colors of Benetton,4.3,Fashion & Textile,591,1.3k,4,24,Gurugram +74 other locations
1839,Perficient,3.7,IT Services & Consulting,591,4.5k,10,48,Chennai +11 other locations
1840,Perficient,3.7,IT Services & Consulting,591,4.5k,10,48,Chennai +11 other locations
1841,Medley Pharmaceuticals,3.9,Pharma,591,1.8k,21,38,Mumbai +76 other locations
1842,Lulu International Shopping Mall,3.7,Retail,591,2.5k,29,43,Bengaluru +42 other locations
1843,DealShare,3.5,Internet,591,2.6k,--,42,Bengaluru +43 other locations
1844,Pathkind Diagnostics Private Limited,4.0,Healthcare,590,1.8k,11,54,New Delhi +98 other locations
1845,Consulting Engineers Group,4.1,Engineering & Construction,590,1.7k,10,48,Jaipur +70 other locations
1846,Inspira Enterprise India Limited,3.6,IT Services & Consulting,590,3.5k,3,51,Mumbai +35 other locations
1847,EdgeVerve Systems,3.2,Software Product,590,4.1k,24,68,Bengaluru +15 other locations
1848,The Saraswat Co-operative Bank,3.2,Banking,589,3k,8,28,Mumbai +35 other locations
1849,Accion Labs,3.5,IT Services & Consulting,590,4.8k,52,82,Bengaluru +13 other locations
1850,IDP Education Limited,3.6,Education & Training,589,2.5k,20,69,Chennai +50 other locations
1851,ShareChat,3.6,Internet,588,2.6k,10,87,Bengaluru +39 other locations
1852,Vadilal Industries,4.1,FMCG,588,1.7k,5,38,Ahmedabad +84 other locations
1853,Affinity Express,2.8,Marketing & Advertising,587,2.4k,--,39,Pune +12 other locations
1854,Excitel Broadband,3.6,Telecom,587,1.9k,4,58,New Delhi +43 other locations
1855,Kellogg,4.2,FMCG,587,2.2k,4,31,Mumbai +84 other locations
1856,Saudi Aramco,4.5,Oil & Gas,587,1.4k,--,61,Mumbai +38 other locations
1857,NLC India Limited,4.4,Metals & Mining,585,1.2k,--,29,Neyveli +27 other locations
1858,HLL Lifecare,3.7,Healthcare,585,1.8k,--,45,Thiruvananthapuram +113 other locations
1859,Cvent,3.3,Software Product,585,4.8k,124,102,Gurugram +9 other locations
1860,Cvent,3.3,Software Product,585,4.8k,124,102,Gurugram +9 other locations
1861,Orra Fine Jewellery,3.5,Jewellery,585,1.7k,21,50,Mumbai +51 other locations
1862,Ascent HR Technologies Private Limited,3.6,Software Product,584,1.7k,--,46,Bengaluru +15 other locations
1863,Pamac Finserve,3.2,BPO,583,1.7k,1,32,Mumbai +60 other locations
1864,Maharashtra State Electricity Distribution Company,4.2,Power,583,1.2k,--,24,Pune +91 other locations
1865,FNP,3.7,Retail,583,2.4k,20,71,New Delhi +19 other locations
1866,Efs Facilities Services,3.7,Facility Management Services,583,1.4k,19,36,New Delhi +60 other locations
1867,Apitoria Pharma,4.2,Pharma,583,829,7,39,Hyderabad +12 other locations
1868,Gandhi Automations,4.0,Industrial Machinery,582,1.3k,1,41,Mumbai +24 other locations
1869,BAXY Limited,4.1,Auto Components,582,2k,--,30,Bhiwadi +37 other locations
1870,Aurionpro Solutions,3.5,Software Product,582,3.6k,18,38,Mumbai +49 other locations
1871,Hettich,3.6,Furniture & Furnishing,582,2.4k,15,44,Mumbai +45 other locations
1872,C5i,4.2,Analytics & KPO,582,2.8k,22,54,Bengaluru +16 other locations
1873,Expleo Group,3.5,IT Services & Consulting,582,5.7k,52,48,Pune +10 other locations
1874,Coal India,3.9,Metals & Mining,581,1.9k,--,52,Kolkata +60 other locations
1875,Capital Numbers Infotech,4.1,IT Services & Consulting,580,1.2k,11,47,Kolkata +9 other locations
1876,Jindal Poly Films,3.7,Packaging,580,2.4k,--,39,Nashik +18 other locations
1877,Alcon,3.8,Medical Equipment,580,2.9k,25,44,Bengaluru +38 other locations
1878,BEML,3.7,Industrial Machinery,579,1.7k,--,29,Bengaluru +36 other locations
1879,Dr. Reddy's Foundation,3.7,Non-Profit,579,1.7k,38,56,Hyderabad +88 other locations
1880,PTC,4.2,Software Product,579,3.9k,175,69,Pune +39 other locations
1881,Colt Technology Services,4.2,Hardware & Networking,579,3.3k,11,25,Gurugram +13 other locations
1882,Axiscades,3.1,IT Services & Consulting,579,3.8k,3,64,Bengaluru +13 other locations
1883,Jubilant Generics,4.0,Pharma,578,2.3k,--,20,Roorkee +24 other locations
1884,Hilton,4.1,Hospitality,578,1.5k,271,28,Bengaluru +40 other locations
1885,Fenesta Building Systems,4.0,Building Material,577,2k,19,40,Gurugram +74 other locations
1886,Allianz Services,4.1,Insurance,577,2.4k,12,33,Thiruvananthapuram +13 other locations
1887,Country Delight,3.9,Food Processing,577,2.4k,5,43,Gurugram +36 other locations
1888,Army Public School,4.0,Education & Training,576,1.2k,--,41,New Delhi +97 other locations
1889,Iron Mountain Inc,3.7,IT Services & Consulting,576,3k,123,31,Bengaluru +49 other locations
1890,PureSoftware,2.9,Software Product,576,3.7k,49,68,Noida +10 other locations
1891,HUDL,3.2,Software Product,576,1.9k,3,62,Mumbai +16 other locations
1892,GAMMON INDIA,3.7,Engineering & Construction,576,1.1k,--,31,Mumbai +72 other locations
1893,Quest Retail Private Limited,4.1,Retail,575,916,2,15,Gurugram +64 other locations
1894,Damco Solutions,3.5,IT Services & Consulting,575,2.2k,15,44,Noida +22 other locations
1895,PayU Payments,3.3,FinTech,575,4.3k,140,68,Gurugram +22 other locations
1896,Kauvery Hospital,4.0,Healthcare,575,2.2k,11,37,Chennai +20 other locations
1897,Crystal Crop Protection,3.9,Agro Chemicals,574,1.8k,2,25,New Delhi +89 other locations
1898,Prochant,3.8,Analytics & KPO,573,2.3k,46,68,Chennai +9 other locations
1899,Wood Group,3.8,Engineering & Construction,573,2.8k,61,68,Chennai +29 other locations
1900,WayCool Foods and Products,3.4,FMCG,572,2.8k,--,42,Chennai +42 other locations
1901,Maxop Engineering Co.,4.1,Auto Components,572,2.3k,6,49,Gurugram +17 other locations
1902,AVIOM,4.0,NBFC,571,1.2k,1,31,New Delhi +188 other locations
1903,Matrimonialsindia,4.9,Internet,571,117,--,13,New Delhi +1 other locations
1904,J K Fenner,3.9,Engineering & Construction,571,2k,11,36,Chennai +56 other locations
1905,Ambit Finvest,4.0,NBFC,570,1.9k,2,28,Mumbai +116 other locations
1906,HBL Power Systems,4.0,Electrical Equipment,570,2.1k,8,33,Hyderabad +49 other locations
1907,Jaipur Rugs,4.3,Fashion & Textile,569,845,4,64,Jaipur +20 other locations
1908,Applied Materials,3.7,Semiconductors,569,4.8k,140,90,Bengaluru +11 other locations
1909,McCain Foods,4.0,FMCG,569,1.7k,4,37,Mahesana +73 other locations
1910,QSpiders,3.7,Education & Training,569,1.8k,--,98,Bengaluru +26 other locations
1911,Pinnacle Infotech,3.4,IT Services & Consulting,568,2.8k,19,61,Durgapur +19 other locations
1912,Laxmi Organic Industries,3.8,Chemicals,568,2.1k,13,45,Mahad +19 other locations
1913,AVEVA,4.0,Software Product,568,1.9k,52,31,Hyderabad +14 other locations
1914,TSYS|Total System Services,4.1,FinTech,567,4.2k,2,68,Pune +11 other locations
1915,Amway India Enterprises,4.1,Fitness & Wellness,567,2.1k,14,19,Gurugram +80 other locations
1916,Transport Corporation Of India,3.8,Logistics,567,1.9k,--,38,Gurugram +83 other locations
1917,ArcelorMittal,4.0,Iron & Steel,567,3.1k,26,42,Surat +50 other locations
1918,Empower,4.0,Financial Services,567,4.2k,77,60,Bengaluru +12 other locations
1919,Toyota Industries Engine India,4.3,Auto Components,566,1.5k,--,31,Bengaluru +15 other locations
1920,Micromax Informatics,3.9,Consumer Electronics & Appliances,566,1.3k,--,23,New Delhi +118 other locations
1921,Paras Dairy,3.4,Food Processing,566,1.6k,3,31,New Delhi +60 other locations
1922,Lear Corporation,4.0,Auto Components,566,2.9k,11,25,Pune +19 other locations
1923,Baker Hughes,4.0,Oil & Gas,566,4.1k,95,65,Bengaluru +38 other locations
1924,Genesys International Corporation,3.4,IT Services & Consulting,566,2.4k,2,21,Mumbai +15 other locations
1925,"DATAMARK, Inc.",3.4,BPO,566,1.7k,43,34,Chennai +13 other locations
1926,Dishman Carbogen Amcis,3.6,Pharma,565,2.1k,51,36,Ahmedabad +15 other locations
1927,Paramount Health Services Tpa,3.8,Insurance,565,2.3k,21,35,Mumbai +40 other locations
1928,SAEL Industries Limited,4.0,Power,565,2k,34,50,New Delhi +65 other locations
1929,Congruex Asia Pacific,3.7,Engineering & Construction,565,2.3k,4,68,Sahibzada Ajit Singh Nagar +24 other locations
1930,Andritz Hydro Location India,3.9,Industrial Machinery,565,2.8k,11,34,Chennai +28 other locations
1931,Voyants Solutions,3.7,Engineering & Construction,564,1.7k,207,58,Gurugram +96 other locations
1932,DB Schenker,4.3,Logistics,564,2.3k,--,26,Gurugram +40 other locations
1933,SoftAge Information Technology,3.6,IT Services & Consulting,564,912,12,23,Gurugram +127 other locations
1934,BUSINESSNEXT,3.5,Software Product,563,3.8k,17,76,Noida +9 other locations
1935,UTL Solar,3.6,Electronics Manufacturing,563,1.8k,45,62,New Delhi +80 other locations
1936,Levi Strauss & Co.,4.2,Fashion & Textile,563,2k,17,33,Bengaluru +80 other locations
1937,Magma General Insurance Limited,3.8,Insurance,563,2.3k,30,41,Mumbai +87 other locations
1938,Vishwa Samudra Engineering,3.6,Engineering & Construction,562,1.6k,10,36,Hyderabad +45 other locations
1939,Western Refrigeration,3.8,Industrial Machinery,560,2.3k,37,41,Vapi +43 other locations
1940,MR.DIY,3.4,Retail,560,1.4k,5,51,Mumbai +86 other locations
1941,Prestige Group,4.3,Real Estate,559,2.6k,16,50,Bengaluru +30 other locations
1942,Mahendra NextWealth IT,3.4,IT Services & Consulting,559,1.9k,6,26,Salem +26 other locations
1943,Marelli,3.5,Auto Components,559,2.8k,--,45,Gurugram +18 other locations
1944,United Spirits,4.1,Beverage,559,1.5k,7,15,Bengaluru +95 other locations
1945,Sandoz,4.0,Pharma,559,2.4k,7,26,Hyderabad +21 other locations
1946,Titan Engineering & Automation,3.8,Engineering & Construction,558,2.8k,11,37,Hosur +18 other locations
1947,Artemis Hospitals,4.1,Healthcare,558,1.5k,9,20,Gurugram +20 other locations
1948,Solara Active Pharma Sciences,3.7,Pharma,558,2.8k,2,44,Chennai +19 other locations
1949,Icl Fincorp,4.7,NBFC,557,623,4,130,Thrissur +58 other locations
1950,Bajaj Consumer Care,3.8,FMCG,557,1.4k,4,34,Mumbai +112 other locations
1951,NAV Backoffice,3.8,Accounting & Auditing,557,2.4k,2,37,Jaipur +10 other locations
1952,Toothsi,2.7,Internet,557,2.2k,--,67,Mumbai +20 other locations
1953,MITS Global Consulting,4.5,Recruitment,557,925,--,43,Mumbai +12 other locations
1954,Renault,4.0,Automobile,556,1.9k,--,33,Chennai +148 other locations
1955,Harman Finochem,3.6,Pharma,557,2.8k,19,44,Chhatrapati Sambhajinagar +14 other locations
1956,Unified Mentor,4.1,IT Services & Consulting,555,401,4,128,Bengaluru +44 other locations
1957,Navin Fluorine International,3.8,Chemicals,555,2.6k,3,30,Surat +17 other locations
1958,LendingKart,3.6,NBFC,555,2.6k,35,39,Ahmedabad +46 other locations
1959,Datamatics Business Solutions,3.3,Management Consulting,555,2.5k,15,46,Mumbai +13 other locations
1960,Courtyard by Marriott,4.2,Hospitality,554,1.1k,--,25,Mumbai +41 other locations
1961,Premier Energies,4.0,Electronics Manufacturing,554,2k,14,47,Hyderabad +26 other locations
1962,Kirloskar Pneumatic,4.0,Industrial Machinery,553,2.6k,--,38,Pune +22 other locations
1963,Innominds Software,3.2,IT Services & Consulting,553,4.7k,42,49,Hyderabad +7 other locations
1964,Z X Learning,4.3,EdTech,553,359,--,44,Lucknow +89 other locations
1965,The Times of India,3.6,Media & Entertainment,552,2.9k,--,45,New Delhi +53 other locations
1966,Carlsberg,3.9,Beverage,552,1.8k,13,38,Gurugram +67 other locations
1967,Herbalife International,4.0,Healthcare,552,2.6k,10,30,Bengaluru +85 other locations
1968,FiveS Digital,3.3,BPO,551,1.5k,7,57,Jamshedpur +27 other locations
1969,Practo,3.0,Internet,551,3k,36,83,Bengaluru +24 other locations
1970,Kellogg Brown and Root,4.1,Engineering & Construction,551,2.3k,43,41,Chennai +36 other locations
1971,L & W Constructions,3.9,Engineering & Construction,551,1.8k,1,28,Bengaluru +19 other locations
1972,Bharat Fritz Werner,3.9,Industrial Machinery,551,2.4k,11,33,Bengaluru +18 other locations
1973,Hitachi Cash Management Services,3.2,Other,550,1.3k,9,42,Mumbai +103 other locations
1974,Unimoni,3.8,FinTech,550,2k,3,18,Chennai +136 other locations
1975,BLK Super Speciality Hospital,3.9,Healthcare,550,1.5k,--,34,New Delhi +16 other locations
1976,Indecomm Global Services,4.1,IT Services & Consulting,550,2.6k,1,29,Bengaluru +13 other locations
1977,GSPANN Technologies,4.1,IT Services & Consulting,550,3.6k,78,49,Hyderabad +9 other locations
1978,Propertypistol Realty,3.8,Internet,550,2k,43,80,Mumbai +25 other locations
1979,Craftsman Automation,3.9,Auto Components,549,2.4k,--,24,Coimbatore +26 other locations
1980,AM Infoweb,3.8,BPO,549,1.4k,34,87,Pune +8 other locations
1981,WPP Media,3.6,Marketing & Advertising,549,4k,5,43,Gurugram +27 other locations
1982,Virtual Employee,3.3,Recruitment,549,3.1k,--,51,Noida +22 other locations
1983,Enco Engineers Combine,3.7,Auto Components,549,1.5k,--,36,Gurugram +17 other locations
1984,Inox Wind,3.7,Power,548,1.8k,4,49,Noida +41 other locations
1985,Macawber Beekay,4.2,Industrial Machinery,547,1.7k,18,25,Noida +56 other locations
1986,Sulzer,3.9,Industrial Machinery,546,2.7k,2,36,Pune +26 other locations
1987,My Home Constructions,4.3,Real Estate,546,2.2k,12,35,Hyderabad +19 other locations
1988,Maini Precision Products,3.4,Auto Components,545,2.8k,16,40,Bengaluru +11 other locations
1989,RAK Ceramics,3.7,Building Material,545,1.7k,12,32,Mumbai +62 other locations
1990,IKF Finance,3.9,NBFC,545,1.4k,6,28,Hyderabad +131 other locations
1991,Utility Powertech,3.8,Power,544,1.7k,--,30,New Delhi +93 other locations
1992,Gayatri Projects,3.9,Engineering & Construction,544,1.8k,11,40,Hyderabad +71 other locations
1993,General Motors,4.0,Automobile,544,2.1k,12,34,Pune +35 other locations
1994,RuralShores,3.6,BPO,543,1.1k,5,23,Bengaluru +47 other locations
1995,Yokohama,3.6,Auto Components,543,2.1k,3,27,Bahadurgarh +44 other locations
1996,Hi Tech Gears,3.9,Auto Components,543,2.1k,--,32,Bhiwadi +28 other locations
1997,Offshore Infrastructures,4.2,Engineering & Construction,543,1.7k,--,25,Mumbai +52 other locations
1998,Fena,4.0,FMCG,543,1.5k,9,33,New Delhi +87 other locations
1999,Roop Polymers,3.9,Auto Components,542,1.8k,16,30,Gurugram +25 other locations
2000,Haldiram Snacks,3.9,Food Processing,542,1.8k,22,23,Noida +69 other locations
2001,Tracxn,2.6,Internet,542,2.5k,71,113,Bengaluru +10 other locations
2002,RadiSys,3.8,Telecom,541,2.5k,--,51,Bengaluru +11 other locations
2003,Kidzee,4.0,EdTech,541,1.2k,1,25,Kolkata +121 other locations
2004,Vimta Labs,3.5,Clinical Research,541,2.2k,12,42,Hyderabad +30 other locations
2005,Zolo,3.4,Internet,541,2.1k,9,60,Bengaluru +25 other locations
2006,Sanmina Sci,4.1,Electronics Manufacturing,541,2.7k,23,33,Chennai +16 other locations
2007,Eicher Motors,4.0,Automobile,541,1.6k,--,42,Indore +96 other locations
2008,Welspun Enterprises,4.2,Engineering & Construction,540,1.8k,3,54,Mumbai +48 other locations
2009,Regalix,2.7,Marketing & Advertising,540,2.8k,57,58,Hyderabad +7 other locations
2010,Allianz Partners,3.7,Insurance,540,2.7k,--,39,Gurugram +19 other locations
2011,Maxgen Technologies,4.5,IT Services & Consulting,540,1.1k,--,14,Pune +8 other locations
2012,Dhani Healthcare,3.4,FinTech,540,2.3k,--,59,Gurugram +81 other locations
2013,Innovatiview India Ltd,4.2,Emerging Technologies,540,1.3k,22,80,Noida +15 other locations
2014,Micron Electricals,4.1,Engineering & Construction,539,2.3k,2,37,Bengaluru +18 other locations
2015,NMDC Limited,4.1,Metals & Mining,539,2k,--,46,Jagdalpur +41 other locations
2016,Ralson Tyres Limited,3.7,Auto Components,539,2.2k,8,48,Ludhiana +54 other locations
2017,Dusters Total Solutions Services,3.9,Facility Management Services,538,1.6k,2,21,Bengaluru +64 other locations
2018,Insuremile,4.7,Internet,538,77,1,83,Bengaluru +16 other locations
2019,Zycus Infotech,2.6,Software Product,538,3.2k,48,76,Mumbai +9 other locations
2020,S P Singla Constructions,3.5,Engineering & Construction,537,1.6k,--,37,Patna +64 other locations
2021,GUS Education India,3.1,Education & Training,537,2.1k,15,50,Hyderabad +8 other locations
2022,Sterling,4.0,Healthcare,536,1k,--,37,Mumbai +64 other locations
2023,MUTHOOT HOMEFIN (I) LTD.,3.8,NBFC,536,1.4k,4,32,Mumbai +110 other locations
2024,Scaler Academy,3.5,EdTech,536,2.5k,5,92,Bengaluru +8 other locations
2025,Brigade Group,4.1,Real Estate,536,2.6k,37,45,Bengaluru +11 other locations
2026,Adani Cement,3.5,Building Material,536,2k,--,57,Ahmedabad +144 other locations
2027,Cpf India,4.1,Food Processing,535,1.7k,1,25,Bengaluru +59 other locations
2028,RMC Readymix,3.6,Building Material,535,1.4k,5,42,Mumbai +67 other locations
2029,Bharti Infratel,4.7,Telecom,535,1.1k,--,6,Gurugram +68 other locations
2030,BOBCARD Ltd.,4.0,NBFC,535,1.4k,33,30,Mumbai +109 other locations
2031,5paisa Capital Ltd.,4.1,Financial Services,534,1.6k,5,46,Mumbai +9 other locations
2032,DFM Foods,4.0,FMCG,534,1.6k,19,37,New Delhi +80 other locations
2033,Mecon,3.9,Metals & Mining,533,1.8k,--,45,Ranchi +50 other locations
2034,Reliance Life Sciences,3.6,Clinical Research,532,2.6k,6,30,Mumbai +34 other locations
2035,Legrand,3.7,Electrical Equipment,532,2.3k,--,28,Mumbai +58 other locations
2036,ExxonMobil,3.8,Oil & Gas,532,3.9k,377,83,Bengaluru +38 other locations
2037,Infiniti Research,3.4,Analytics & KPO,532,1.7k,11,38,Bengaluru +8 other locations
2038,Vidal Health Insurance,3.7,Insurance,532,1.9k,--,22,Bengaluru +38 other locations
2039,Hitachi Systems,3.9,IT Services & Consulting,532,2.8k,3,19,Mumbai +41 other locations
2040,Pierian Services,3.3,Management Consulting,531,2.8k,21,40,Bengaluru +19 other locations
2041,Bharat Gears,4.0,Auto Components,531,2.1k,3,27,Faridabad +25 other locations
2042,Canon,4.0,Consumer Electronics & Appliances,530,2k,5,22,Gurugram +66 other locations
2043,Amara Raja Infra,4.0,Engineering & Construction,530,1.5k,--,56,Hyderabad +52 other locations
2044,CompuCom,3.8,IT Services & Consulting,530,3.1k,12,37,Pune +7 other locations
2045,India Private Driver,3.8,Travel & Tourism,529,2,--,--,Pune +164 other locations
2046,DM Immigration Consultant,1.0,Other,529,34,--,--,Bengaluru +3 other locations
2047,Systra Consulting,4.0,Engineering & Construction,529,1.6k,466,37,New Delhi +39 other locations
2048,Aptus Value Housing Finance India,4.1,NBFC,529,1.3k,7,22,Chennai +155 other locations
2049,Saksoft,3.5,IT Services & Consulting,529,3.5k,9,50,Bengaluru +18 other locations
2050,Vestige,4.3,Fitness & Wellness,529,1.4k,--,40,New Delhi +111 other locations
2051,Emaar India Limited,3.6,Real Estate,529,2.4k,4,28,Gurugram +18 other locations
2052,FMC Corporation,3.9,Agro Chemicals,529,1.7k,1,42,Bharuch +114 other locations
2053,Satyam Auto Components,3.9,Auto Components,529,2.3k,3,40,Gurugram +28 other locations
2054,N.C.L. Industries,3.7,Building Material,528,1.6k,3,38,Hyderabad +70 other locations
2055,Uttar Pradesh Power Corporation,4.0,Power,528,1.3k,--,11,Lucknow +88 other locations
2056,Chemplast Sanmar,3.4,Chemicals,528,2.4k,9,47,Salem +20 other locations
2057,Wellness Forever Medicare,3.8,Retail,528,1.7k,2,56,Mumbai +41 other locations
2058,Consero Global Solutions,3.0,Financial Services,527,2.6k,--,101,Bengaluru +10 other locations
2059,V.S.T Tillers Tractors,3.5,Industrial Machinery,527,1.9k,5,42,Bengaluru +56 other locations
2060,Castrol,4.3,Petrochemicals,527,1.9k,84,24,Mumbai +122 other locations
2061,CDK Global,3.8,IT Services & Consulting,526,3.5k,26,40,Hyderabad +7 other locations
2062,CTS Consulting & Technical Support,3.7,Engineering & Construction,526,6.6k,--,174,Chennai +31 other locations
2063,Capital Business Systems,3.6,IT Services & Consulting,526,1.6k,13,37,New Delhi +109 other locations
2064,House Of Anita Dongre,4.0,Fashion & Textile,526,1.4k,4,19,Mumbai +48 other locations
2065,Stock Holding Corporation of India,3.5,Financial Services,525,1.7k,--,35,Mumbai +100 other locations
2066,Indian Bank,3.4,Banking,525,1.8k,--,27,Chennai +124 other locations
2067,Telenor,4.1,Telecom,525,582,--,9,Gurugram +114 other locations
2068,Tuaman Engineering,4.3,Engineering & Construction,525,1.5k,--,75,Kolkata +38 other locations
2069,Chaayos,3.4,Retail,524,1.6k,12,38,New Delhi +21 other locations
2070,Wockhardt Hospital,3.9,Healthcare,524,1.7k,23,23,Mumbai +26 other locations
2071,Metro Group of Hospitals,3.8,Healthcare,524,1.3k,53,16,New Delhi +32 other locations
2072,Hafele,3.9,Furniture & Furnishing,523,2.3k,4,32,Mumbai +44 other locations
2073,Suprajit Engineering,3.9,Auto Components,523,2.4k,13,40,Bengaluru +39 other locations
2074,Spectrum Talent Management,3.5,Recruitment,523,2.1k,--,36,Noida +86 other locations
2075,Metalman Auto,3.9,Auto Components,522,1.9k,27,25,Chhatrapati Sambhajinagar +24 other locations
2076,JK Tech,3.8,IT Services & Consulting,522,3.2k,4,39,Bengaluru +20 other locations
2077,EC-Council,4.1,EdTech,522,2.5k,15,50,Hyderabad +19 other locations
2078,RSB Transmissions,3.9,Auto Components,522,2.1k,--,38,Pune +23 other locations
2079,Tradeshala,4.5,Education & Training,521,35,--,119,Bengaluru +8 other locations
2080,Williams Lea,3.6,BPO,521,3.1k,13,49,Chennai +18 other locations
2081,Hitech Projects Limited,4.6,Engineering & Construction,521,669,--,58,Ahmedabad +9 other locations
2082,ACTE,4.6,Education & Training,520,114,--,9,Chennai +10 other locations
2083,OutworX,3.5,IT Services & Consulting,520,2.2k,4,35,Pune +40 other locations
2084,Insolutions Global,3.4,FinTech,520,2.7k,11,36,Mumbai +20 other locations
2085,Mobikwik,3.4,FinTech,520,2.5k,34,63,Gurugram +50 other locations
2086,Foray Software,3.5,IT Services & Consulting,520,3.5k,39,39,Hyderabad +17 other locations
2087,Galaxy Surfactants,3.9,Chemicals,519,2k,7,28,Mumbai +25 other locations
2088,Morepen Laboratories,3.8,Pharma,519,1.9k,38,24,New Delhi +47 other locations
2089,Ramraj Cotton,4.1,Fashion & Textile,519,1.1k,11,42,Tiruppur +49 other locations
2090,Metriqe Solutions,3.9,BPO,519,1.4k,3,28,Chennai +5 other locations
2091,Coats,3.6,Fashion & Textile,520,1.9k,56,27,Bengaluru +56 other locations
2092,Ge India Industrial,4.1,Industrial Machinery,519,2k,--,19,Pune +23 other locations
2093,Pitti Engineering,3.8,Industrial Machinery,519,2k,--,28,Hyderabad +14 other locations
2094,African Industries,4.0,Iron & Steel,520,1.1k,5,41,Lagos +24 other locations
2095,SunTec Web Services,3.2,BPO,518,1.8k,14,51,New Delhi +10 other locations
2096,Kokilaben Dhirubhai Ambani Hospital,3.7,Healthcare,518,1.7k,46,31,Mumbai +20 other locations
2097,Dr. Agarwal's Eye Hospital,3.8,Healthcare,518,1.7k,61,37,Chennai +83 other locations
2098,Equifax,4.0,Analytics & KPO,517,2.5k,19,77,Pune +12 other locations
2099,Ziqitza Health Care,3.9,Healthcare,517,1.2k,--,25,Mumbai +60 other locations
2100,DiGibizz,,,--,1,--,--,
2101,F1 Info Solutions and Services,3.7,IT Services & Consulting,516,1.2k,--,27,Noida +47 other locations
2102,AT&T,3.7,Telecom,516,4.6k,11,65,Bengaluru +19 other locations
2103,CMR Green Technologies,3.4,Metals & Mining,516,1.7k,75,57,Faridabad +35 other locations
2104,Atomberg Technologies,3.8,Consumer Electronics & Appliances,516,2.4k,18,41,Pune +65 other locations
2105,Amar Ujala,3.9,Printing & Publishing,515,1.7k,1,20,Noida +54 other locations
2106,Macquarie Group,3.1,Financial Services,515,4.6k,109,54,Gurugram +17 other locations
2107,Hero Cycles,3.2,Automobile,515,1.9k,9,59,Ludhiana +49 other locations
2108,Stylebaazar,4.0,Retail,515,1.1k,13,38,Kolkata +96 other locations
2109,LearningMate Solutions,2.9,EdTech,515,3.6k,42,50,Mumbai +12 other locations
2110,Lakme,4.2,Beauty & Personal Care,515,1.6k,11,25,Mumbai +77 other locations
2111,ATS Infrastructure,4.1,Real Estate,515,1.8k,1,34,Noida +12 other locations
2112,OMICS International,2.5,Printing & Publishing,514,1.6k,--,25,Hyderabad +6 other locations
2113,Karvy Data Management Services,3.8,Analytics & KPO,514,2.2k,--,19,Hyderabad +79 other locations
2114,Quikr,3.6,Internet,514,2.1k,10,33,Bengaluru +24 other locations
2115,PEGATRON,3.9,Electronics Manufacturing,514,2.1k,1,30,Chennai +13 other locations
2116,Safari Industries India,4.0,Retail,514,1.8k,7,36,Mumbai +75 other locations
2117,Hamdard,4.0,FMCG,514,1.4k,3,43,New Delhi +75 other locations
2118,FinThrive,3.5,Analytics & KPO,513,1.5k,12,21,Chennai +9 other locations
2119,Vivanta by Taj,4.2,Hospitality,513,1k,--,28,New Delhi +48 other locations
2120,Vivanta by Taj,4.2,Hospitality,513,1k,--,28,New Delhi +48 other locations
2121,Webskitters,3.8,IT Services & Consulting,513,841,--,19,Kolkata +4 other locations
2122,Hindusthan National Glass,3.7,Packaging,513,2k,--,33,Bahadurgarh +23 other locations
2123,Addverb Technologies,3.5,Industrial Automation,513,2.4k,12,88,Noida +23 other locations
2124,Nivea,4.1,Beauty & Personal Care,512,1.8k,12,32,Mumbai +67 other locations
2125,RSM India,3.3,Accounting & Auditing,511,2.6k,13,67,Mumbai +36 other locations
2126,Adda 247,3.6,EdTech,511,1.8k,33,78,Gurugram +23 other locations
2127,Innovaccer,3.3,Software Product,511,3.5k,15,96,Noida +8 other locations
2128,BharatPe,3.4,FinTech,512,2.6k,4,52,Gurugram +83 other locations
2129,Great Learning,3.4,EdTech,510,3.8k,28,69,Bengaluru +12 other locations
2130,National Australia Bank,2.9,Banking,510,3.8k,29,58,Gurugram +9 other locations
2131,Dalmia Bharat Group,3.9,Building Material,510,2k,--,35,New Delhi +102 other locations
2132,Cuemath,3.4,EdTech,510,1.9k,30,49,Bengaluru +22 other locations
2133,Axa XL,3.6,Insurance,510,3.7k,66,51,Gurugram +6 other locations
2134,HSBC Global Banking and Markets,3.9,Banking,510,3.5k,--,29,Bengaluru +15 other locations
2135,Cairn Energy,3.6,Oil & Gas,509,2.9k,--,33,Barmer +31 other locations
2136,Centum Learning,3.8,Education & Training,509,1.3k,6,26,New Delhi +82 other locations
2137,Alight Solutions,3.4,IT Services & Consulting,509,2.8k,6,31,Gurugram +14 other locations
2138,Securitas,3.8,Law Enforcement & Security,509,1.9k,7,38,Gurugram +44 other locations
2139,Voya India,3.7,Financial Services,509,3.1k,6,31,Bengaluru +13 other locations
2140,Mobile Programming,2.9,IT Services & Consulting,508,3.6k,264,80,Bengaluru +23 other locations
2141,RapiPay,3.6,FinTech,507,1.7k,--,39,Noida +111 other locations
2142,Muthoottu Mini Financiers,3.5,NBFC,508,1.3k,11,27,Bengaluru +101 other locations
2143,Ministry of Defence,4.4,Government,507,1.8k,--,19,New Delhi +75 other locations
2144,Walkaroo International,3.6,Fashion & Textile,507,2.3k,100,48,Coimbatore +54 other locations
2145,TÜV Rheinland,4.1,"Testing, Inspection and Certification (TIC)",507,1.8k,4,21,Bengaluru +68 other locations
2146,Poorvika Mobiles,4.0,Retail,507,1.7k,3,33,Chennai +61 other locations
2147,Sheela Foam,3.9,Furniture & Furnishing,507,1.5k,16,31,Noida +93 other locations
2148,Sarovar Hotels & Resorts,4.1,Hospitality,506,1.4k,--,20,New Delhi +71 other locations
2149,QHTalbros,3.8,Auto Components,506,1.4k,--,18,Gurugram +26 other locations
2150,Kandhari Beverages,3.8,Beverage,506,1.6k,7,32,Jammu +48 other locations
2151,Johnson Matthey,3.8,Metals & Mining,505,1.9k,9,42,Gurugram +23 other locations
2152,Voltech,3.5,Electrical Equipment,505,1.6k,--,34,Chennai +44 other locations
2153,Pace Setters Business Solutions,3.4,BPO,504,1.3k,2,23,Mumbai +24 other locations
2154,ServiceNow,3.9,Software Product,504,5.8k,1,138,Hyderabad +15 other locations
2155,Alchemy Techsol India,3.4,IT Services & Consulting,504,2.1k,--,91,Bengaluru +21 other locations
2156,BKT Tyres,4.2,Auto Components,504,2k,5,79,Bhuj +32 other locations
2157,BCG,3.6,Management Consulting,503,7.9k,20,221,Gurugram +8 other locations
2158,Nelito System,3.2,IT Services & Consulting,503,2.4k,36,30,Mumbai +42 other locations
2159,Gyan Dairy,4.0,Food Processing,503,1.3k,7,49,Lucknow +45 other locations
2160,ThoughtSol Infotech Limited,4.6,IT Services & Consulting,502,585,4,97,New Delhi +18 other locations
2161,Rakuten,3.5,IT Services & Consulting,502,5.5k,10,93,Bengaluru +11 other locations
2162,CARE,4.3,Non-Profit,501,1.2k,--,41,Patna +114 other locations
2163,Akal Information Systems,4.4,Software Product,501,1.8k,17,26,New Delhi +53 other locations
2164,Jindal Power Limited,4.3,Power,501,1.6k,12,54,Raigarh +38 other locations
2165,Deloitte Digital,3.8,IT Services & Consulting,501,3.2k,--,62,Bengaluru +27 other locations
2166,Kalyani Technoforge,3.8,Auto Components,501,1.9k,8,22,Pune +18 other locations
2167,Lotus Herbals Private Limited,4.1,Beauty & Personal Care,500,1.5k,2,46,New Delhi +74 other locations
2168,BharatMatrimony.com,3.9,Internet,500,1.4k,--,24,Chennai +30 other locations
2169,QBurst Technologies,4.2,Software Product,501,4.1k,2,87,Kochi +16 other locations
2170,Markets and Markets,2.7,Analytics & KPO,500,2.7k,12,63,Pune +17 other locations
2171,MindGate Solutions,3.1,IT Services & Consulting,500,3.2k,1,78,Mumbai +10 other locations
2172,Emerson Electric Co.,4.0,Software Product,500,3.2k,185,58,Pune +25 other locations
2173,Communications Test Design,3.7,IT Services & Consulting,499,1.7k,29,31,Bengaluru +51 other locations
2174,ZEISS India,3.6,Industrial Machinery,499,2.7k,16,34,Bengaluru +35 other locations
2175,TRINAMIX,4.4,IT Services & Consulting,499,945,37,64,Pune +5 other locations
2176,Rusan Pharma,3.5,Pharma,499,1.9k,15,25,Dehradun +24 other locations
2177,LIC Housing Finance,3.9,NBFC,498,1.5k,--,21,Mumbai +121 other locations
2178,Vakrangee,3.5,BPO,498,1.1k,--,9,Mumbai +89 other locations
2179,Yardi Systems,3.6,Software Product,498,2.6k,--,78,Pune +3 other locations
2180,Epiroc,4.1,Industrial Machinery,498,2.4k,52,44,Bengaluru +28 other locations
2181,Mars International India,4.1,Food Processing,498,1.7k,23,19,Hyderabad +87 other locations
2182,Future Lifestyle Fashion,4.2,Retail,497,1.6k,--,8,Bengaluru +63 other locations
2183,Aparna Enterprises,3.9,Building Material,497,1.8k,11,39,Hyderabad +44 other locations
2184,Varuna Integrated Logistics,3.7,Logistics,497,1.6k,8,37,Gurugram +53 other locations
2185,InCred Finance,3.9,NBFC,497,2.5k,26,33,Mumbai +68 other locations
2186,Hinduja Tech,3.1,IT Services & Consulting,497,3.2k,105,34,Chennai +17 other locations
2187,Techwave Consulting,3.7,IT Services & Consulting,497,3.6k,22,42,Hyderabad +5 other locations
2188,Pepperfry,3.1,Furniture & Furnishing,496,2k,--,34,Mumbai +38 other locations
2189,2COMS,3.1,Recruitment,495,1.4k,381,60,Kolkata +50 other locations
2190,Value Point Systems,3.5,IT Services & Consulting,495,2.2k,51,29,Bengaluru +44 other locations
2191,Global Autotech,4.0,Auto Components,495,2.1k,2,52,Greater Noida +16 other locations
2192,QUICK HEAL TECHNOLOGIES,3.6,Software Product,494,2.6k,2,31,Pune +46 other locations
2193,Orcapod Consulting Services,3.1,IT Services & Consulting,493,1.9k,6,34,Hyderabad +22 other locations
2194,Romsons Group Of Industries,3.7,Medical Equipment,493,1.7k,15,37,Agra +58 other locations
2195,Kirby Building Systems,4.0,Building Material,493,1.9k,3,25,Hyderabad +38 other locations
2196,Head Field Solutions,4.3,Recruitment,493,1.3k,--,66,Noida +6 other locations
2197,HealthifyMe,2.7,Internet,492,1.6k,11,51,Bengaluru +18 other locations
2198,Tractebel,4.0,Engineering & Construction,492,1.7k,11,46,Gurugram +89 other locations
2199,Par Health,4.1,Pharma,492,2.1k,1,28,Indore +11 other locations
2200,India Post,3.7,Government,492,1.5k,--,24,Bengaluru +189 other locations
2201,Athenahealth Technology,4.0,Software Product,492,4k,113,91,Chennai +10 other locations
2202,Medikabazaar,4.2,Medical Equipment,491,945,1,14,Mumbai +32 other locations
2203,Think Gas Ludhiana,3.6,Oil & Gas,491,2.3k,1,51,Chennai +51 other locations
2204,Texmo Industries,3.8,Industrial Machinery,491,1.6k,2,27,Coimbatore +35 other locations
2205,Maersk Line,4.1,Logistics,490,2.4k,--,34,Pune +27 other locations
2206,Sri Krishna Pharmaceuticals,3.9,Pharma,490,1.8k,3,17,Hyderabad +15 other locations
2207,Signature Global,3.9,Real Estate,490,2.2k,7,45,Gurugram +14 other locations
2208,Ascent Business Solutions,3.3,Healthcare,490,2.8k,--,32,Nagpur +14 other locations
2209,NJ India Invest,3.7,Financial Services,489,1k,33,55,Surat +82 other locations
2210,GD Goenka Public School,3.4,Education & Training,489,1.3k,23,48,New Delhi +72 other locations
2211,SUEZ Group,4.1,Waste Management,489,2k,3,21,New Delhi +49 other locations
2212,Mahanagar Gas,4.2,Oil & Gas,488,2.2k,3,32,Mumbai +26 other locations
2213,Gilbarco Veeder Root,3.8,Industrial Machinery,488,2.1k,14,29,Mumbai +62 other locations
2214,MediBuddy,3.3,Healthcare,488,2.4k,57,42,Bengaluru +18 other locations
2215,CollegeDekho,2.7,EdTech,488,2.5k,6,66,Gurugram +24 other locations
2216,N+A,3.9,Financial Services,487,18.3k,5,173,Bengaluru +65 other locations
2217,India Glycols,4.0,Chemicals,486,1.9k,1,39,Kashipur +25 other locations
2218,MathCo,3.0,Analytics & KPO,487,3k,29,134,Bengaluru +7 other locations
2219,LogixHealth,3.4,Analytics & KPO,487,2.2k,16,21,Bengaluru +10 other locations
2220,Bira 91,3.3,Beverage,487,1.5k,--,30,New Delhi +56 other locations
2221,Infotact Solutions,4.4,IT Services & Consulting,487,47,--,117,Bengaluru +17 other locations
2222,Juniper Networks,4.2,Hardware & Networking,487,4.4k,--,76,Bengaluru +8 other locations
2223,Invesco,3.7,Financial Services,487,3.3k,64,52,Hyderabad +7 other locations
2224,PC Solutions,4.1,IT Services & Consulting,487,1.3k,22,57,New Delhi +17 other locations
2225,Otsuka Pharmaceutical India Private Limited,4.1,Pharma,487,1.6k,33,28,Ahmedabad +40 other locations
2226,Protium Finance,3.7,NBFC,488,2.1k,6,37,Mumbai +78 other locations
2227,Ivrcl Infrastructures & Projects,4.3,Engineering & Construction,486,844,3,9,Hyderabad +55 other locations
2228,Vindhya e-Info Media,3.5,BPO,486,1.1k,2,28,Bengaluru +18 other locations
2229,Leighton Contractors,4.0,Engineering & Construction,486,1.1k,12,24,Mumbai +21 other locations
2230,Go First,3.9,Aviation,486,2k,--,50,Mumbai +35 other locations
2231,ASM Technologies,3.5,Engineering & Construction,486,3.5k,29,46,Bengaluru +21 other locations
2232,Sterling Holiday Resort,3.8,Hospitality,485,1.5k,6,23,Chennai +64 other locations
2233,Paytm Payments Services,3.2,FinTech,486,1.1k,3,22,Noida +147 other locations
2234,Flowserve,3.7,Industrial Machinery,485,3.3k,21,36,Bengaluru +15 other locations
2235,C-Edge Technologies,3.6,IT Services & Consulting,485,2.7k,5,27,Mumbai +20 other locations
2236,Vishvaraj Environment,4.0,Waste Management,485,1.9k,6,35,Nagpur +53 other locations
2237,Matrix Business Services,3.5,Analytics & KPO,484,2k,11,44,Chennai +25 other locations
2238,KRBL Limited,3.7,Food Processing,484,1.6k,2,38,Noida +60 other locations
2239,Trimax IT Infrastructure Services,3.6,IT Services & Consulting,484,1.1k,--,13,Mumbai +70 other locations
2240,Symbiotec Pharmalab,4.0,Pharma,484,2k,8,30,Indore +15 other locations
2241,Cosmo Films,3.7,Packaging,484,2.1k,16,40,Chhatrapati Sambhajinagar +12 other locations
2242,Jiva Ayurvedic Pharmacy,3.7,,484,1.2k,38,43,
2243,Siemens Healthineers,4.0,Healthcare,483,4.1k,--,70,Bengaluru +19 other locations
2244,Quinnox,3.9,IT Services & Consulting,483,3.4k,37,41,Bengaluru +8 other locations
2245,Sadbhav Engineering,4.2,Engineering & Construction,483,1.2k,--,10,Ahmedabad +65 other locations
2246,EID Parry (India),3.9,Food Processing,483,1.5k,11,26,Chennai +42 other locations
2247,Buzzworks Business Services,3.6,Recruitment,483,2.1k,6,20,Chennai +69 other locations
2248,Saud Bahwan Group,3.7,Automobile,482,984,--,14,Muscat +26 other locations
2249,Bridgestone India Automotive Products,4.1,Auto Components,482,2.2k,--,29,Gurugram +48 other locations
2250,Lite Bite Foods,4.4,Hospitality,482,1.3k,11,22,New Delhi +25 other locations
2251,Grindwell Norton,3.5,Industrial Machinery,482,1.7k,--,28,Bengaluru +44 other locations
2252,Cadbury,4.3,Food Processing,482,1k,67,28,Mumbai +116 other locations
2253,Namaste India Foods,3.9,Food Processing,482,1.2k,--,27,Kanpur +42 other locations
2254,Bluestone.com,3.4,Jewellery,482,2.1k,6,59,Bengaluru +66 other locations
2255,Plastic Omnium,3.8,Automobile,482,2k,21,31,Pune +17 other locations
2256,Giesecke & Devrient,3.4,IT Services & Consulting,481,2.2k,8,33,Gurugram +53 other locations
2257,Ppap Automotive,3.7,Auto Components,481,1.8k,--,43,Noida +18 other locations
2258,Xerox,3.6,Printing & Publishing,481,2.1k,36,25,Bengaluru +34 other locations
2259,Kellton,2.9,IT Services & Consulting,481,3.4k,5,64,Gurugram +19 other locations
2260,Visa,3.3,FinTech,480,6.7k,--,162,Bengaluru +18 other locations
2261,Jumbotail Technologies,3.7,Retail,480,1.7k,4,39,Bengaluru +29 other locations
2262,L. N. Malviya Infra Projects Group,3.1,Engineering & Construction,480,1.2k,9,27,Bhopal +127 other locations
2263,Knowledgeworks Global,3.0,Printing & Publishing,480,2.2k,15,34,Mumbai +14 other locations
2264,Alpla,4.0,Packaging,479,1.7k,24,35,Hyderabad +27 other locations
2265,AIG Hospital,4.2,Healthcare,480,1.6k,--,33,Hyderabad +9 other locations
2266,Equiniti,3.7,Financial Services,479,3.2k,15,44,Chennai +4 other locations
2267,Allana Group of Companies,3.8,Food Processing,479,1.5k,--,39,Mumbai +39 other locations
2268,Tetra Pak,4.1,Packaging,478,2.4k,24,43,Pune +19 other locations
2269,Akamai Technologies,4.4,Software Product,478,4.3k,24,79,Bengaluru +7 other locations
2270,Westin,4.1,Hospitality,478,1.2k,4,21,Mumbai +31 other locations
2271,National Commodities Management Services,4.1,Agriculture,478,1.4k,3,16,Gurugram +87 other locations
2272,Clix Capital Services,4.1,NBFC,478,1.5k,835,30,Gurugram +38 other locations
2273,Iol Chemicals & Pharmaceuticals,3.8,Pharma,477,1.9k,2,32,Barnala +17 other locations
2274,Mikuni,4.1,Auto Components,477,1.4k,1,27,Neemrana +18 other locations
2275,Riya Travel,3.6,Travel & Tourism,477,1.5k,5,14,Mumbai +38 other locations
2276,Fynd,3.0,Software Product,477,2.2k,17,74,Mumbai +10 other locations
2277,ESDS Software Solutions,3.3,IT Services & Consulting,477,3k,67,38,Nashik +14 other locations
2278,Encube Ethicals,3.7,Pharma,477,2.4k,17,28,Mumbai +29 other locations
2279,Thought Focus,3.3,IT Services & Consulting,477,3.5k,44,49,Bengaluru +11 other locations
2280,Common Service Centres,4.4,Government,476,1.2k,--,16,New Delhi +186 other locations
2281,Gopal Snacks Limited,4.2,FMCG,475,1.2k,2,41,Rajkot +97 other locations
2282,Suzlon Global Services,3.8,,475,1.3k,--,54,
2283,Realty Assistant,3.6,Real Estate,474,679,16,51,Noida +18 other locations
2284,Numeric UPS,3.9,Electrical Equipment,474,1.2k,33,14,Chennai +80 other locations
2285,Avery Dennison,3.7,Packaging,474,2k,26,42,Bengaluru +33 other locations
2286,ZF Friedrichshafen,3.8,Auto Components,473,2.1k,--,33,Chennai +18 other locations
2287,Paradeep Phosphates,3.9,Agro Chemicals,473,1.5k,2,61,Paradip +49 other locations
2288,Onshore Construction,3.7,Engineering & Construction,473,1.6k,8,31,Mumbai +43 other locations
2289,Central Public Works Department,4.1,Government,473,1.3k,--,15,New Delhi +124 other locations
2290,Prime Focus Technologies,3.1,Software Product,473,2.2k,--,41,Bengaluru +17 other locations
2291,Welspun Transformation Services Limited,4.0,IT Services & Consulting,473,815,--,49,Ahmedabad +12 other locations
2292,Honda Logistics,3.6,Logistics,473,1.5k,5,32,Bhiwadi +27 other locations
2293,Keysight Technologies,3.8,Electronics Manufacturing,473,2.6k,55,36,Gurugram +12 other locations
2294,Clove Dental,4.1,Healthcare,473,1.3k,1,75,New Delhi +18 other locations
2295,Landis+Gyr,2.8,Electrical Equipment,473,2.7k,48,34,Noida +11 other locations
2296,Brainvire,3.0,IT Services & Consulting,473,1.7k,36,78,Ahmedabad +10 other locations
2297,Moon Beverages,3.9,Beverage,472,1.6k,--,26,New Delhi +39 other locations
2298,Mediterranean Shipping Company,4.0,Ports & Shipping,472,2.4k,--,26,Chennai +38 other locations
2299,Technico Industries,3.5,Auto Components,472,2k,2,42,Gurugram +20 other locations
2300,Technico Industries,3.5,Auto Components,472,2k,2,42,Gurugram +20 other locations
2301,Sany Heavy Industry,3.7,Industrial Machinery,472,1.9k,3,41,Pune +58 other locations
2302,Aludecor Lamination,3.9,Building Material,472,1.7k,29,43,Haridwar +50 other locations
2303,Ramco Industries,4.0,Building Material,472,1.8k,3,22,Chennai +77 other locations
2304,RND Softech,3.0,BPO,472,2k,--,42,Coimbatore +12 other locations
2305,Sayaji Hotels,4.1,Hospitality,471,1k,1,14,Indore +38 other locations
2306,Star Bazaar,3.8,Retail,471,1.5k,--,22,Mumbai +40 other locations
2307,Greenpanel Industries,3.9,Furniture & Furnishing,471,1.8k,--,25,Srikalahasti +74 other locations
2308,Shalimar Paints,3.5,Chemicals,471,1.6k,7,31,Gurugram +86 other locations
2309,iNurture Education Solutions,2.5,EdTech,471,1.4k,3,45,Bengaluru +39 other locations
2310,Bhilosa Industries,3.7,Fashion & Textile,471,2.2k,--,37,Dadra & Nagar Haveli +13 other locations
2311,Oriental Structural Engineers,4.3,Engineering & Construction,470,1.2k,2,10,New Delhi +63 other locations
2312,Samsung Display,3.8,Electronics Manufacturing,470,2.2k,1,51,Noida +12 other locations
2313,Meghmani Organics,3.7,Chemicals,470,2.3k,4,46,Bharuch +27 other locations
2314,Jindal Aluminium,3.9,Metals & Mining,470,1.9k,21,48,Bengaluru +20 other locations
2315,Tata International,3.5,Import & Export,470,2.1k,18,24,Mumbai +40 other locations
2316,Comcast,3.9,Telecom,470,5.4k,1,94,Chennai +12 other locations
2317,Bahwan Engineering,4.0,Engineering & Construction,470,990,1,25,Muscat +24 other locations
2318,Nash Industries,3.4,Industrial Machinery,470,2.3k,6,35,Bengaluru +15 other locations
2319,Cloud4C,3.5,IT Services & Consulting,470,3k,--,40,Hyderabad +9 other locations
2320,Godrej Interio,3.8,Furniture & Furnishing,469,2k,--,32,Mumbai +68 other locations
2321,Aditya Birla Housing Finance,3.8,NBFC,469,1.7k,--,20,Mumbai +95 other locations
2322,Xanadu,3.7,Real Estate,469,1.9k,3,63,Mumbai +13 other locations
2323,MagicPin,2.5,Internet,469,1.9k,7,61,Gurugram +20 other locations
2324,British Council,3.5,Education & Training,469,2k,20,27,New Delhi +24 other locations
2325,SBI Mutual Fund,3.7,Financial Services,469,1.8k,7,30,Mumbai +153 other locations
2326,Gulf Oil Lubricants,4.1,Oil & Gas,469,1.7k,3,29,Mumbai +82 other locations
2327,Thales,3.6,IT Services & Consulting,469,3.4k,165,52,Noida +18 other locations
2328,WM Universal Solutions Private Limited,3.6,Waste Management,469,2.2k,161,47,Indore +18 other locations
2329,Dana India,4.0,Auto Components,469,1.7k,5,38,Pune +26 other locations
2330,Paharpur Cooling Towers,3.9,Industrial Machinery,468,1.9k,6,29,Kolkata +51 other locations
2331,Magneti Marelli Motherson Auto System,3.8,Auto Components,468,1.3k,--,24,Pune +19 other locations
2332,McNally Bharat Engineering,3.9,Engineering & Construction,468,1.4k,1,13,Kolkata +57 other locations
2333,Qcon,4.4,Engineering & Construction,468,1.1k,--,42,Mumbai +28 other locations
2334,Saxo Bank,3.7,Financial Services,468,2.5k,16,72,Gurugram +5 other locations
2335,Atyati Technologies,4.0,IT Services & Consulting,468,1.5k,1,34,Bengaluru +103 other locations
2336,Visaka Industries,3.8,Building Material,468,1.7k,16,31,Hyderabad +59 other locations
2337,NBTC GROUP,3.2,Oil & Gas,467,1.1k,3,23,Chennai +27 other locations
2338,Liberty General Insurance,3.7,Insurance,467,1.9k,1,21,Mumbai +85 other locations
2339,Anthem Biosciences,3.9,Pharma,467,2.6k,--,37,Bengaluru +15 other locations
2340,Marble Box,3.7,BPO,467,905,--,29,Kolkata +6 other locations
2341,Mediamint,2.8,Marketing & Advertising,467,3k,63,44,Hyderabad +8 other locations
2342,Symphony,4.6,Consumer Electronics & Appliances,467,1.1k,1,63,Ahmedabad +88 other locations
2343,Allied Blenders & Distillers,4.0,Beverage,467,1.5k,1,21,Mumbai +83 other locations
2344,Hyundai Glovis,3.7,Logistics,466,1.9k,1,26,Anantapur +22 other locations
2345,smartData Enterprises,2.9,IT Services & Consulting,466,1.6k,4,39,Nagpur +12 other locations
2346,Cera Sanitaryware,4.0,Building Material,466,1.7k,12,34,Ahmedabad +79 other locations
2347,CommScope,3.8,Telecom,465,3.1k,11,41,Bengaluru +20 other locations
2348,Jupiter Hospital,3.9,Healthcare,465,1.6k,8,23,Pune +14 other locations
2349,Zaalima Development,4.3,IT Services & Consulting,464,12,--,158,Bengaluru +16 other locations
2350,Dow Chemical International Private Limited,3.6,Chemicals,464,2.3k,78,38,Mumbai +16 other locations
2351,GM Modular,3.8,Electrical Equipment,464,1.9k,34,27,Mumbai +72 other locations
2352,Yethi Consulting,3.4,IT Services & Consulting,463,3.3k,3,65,Bengaluru +11 other locations
2353,CS TECH Ai,3.9,IT Services & Consulting,463,1.6k,--,39,Nagpur +47 other locations
2354,NKG Infrastructure,3.2,Engineering & Construction,463,1.4k,8,27,New Delhi +47 other locations
2355,Kaynes Technology,3.2,Electronics Manufacturing,463,1.7k,8,51,Mysuru +17 other locations
2356,MKC Infrastructure Ltd.,3.5,Engineering & Construction,463,1.4k,10,39,Gandhinagar +51 other locations
2357,Revent Group,3.8,Auto Components,462,717,--,17,Gurugram +30 other locations
2358,GHCL Limited,3.9,Chemicals,462,1.6k,7,37,Sutrapada +29 other locations
2359,Essjay Ericsson,4.2,Analytics & KPO,462,874,--,11,New Delhi +79 other locations
2360,Bandhan Life,3.2,Insurance,462,1.3k,47,15,Mumbai +88 other locations
2361,Titagarh Rail Systems,2.7,Railways,462,1.8k,6,35,Kolkata +18 other locations
2362,Bharat Seats,3.7,Auto Components,462,1.6k,7,32,Gurugram +21 other locations
2363,IDS Infotech,3.5,IT Services & Consulting,462,1.4k,9,63,Chandigarh +23 other locations
2364,Sulekha.com,3.3,Internet,462,1.6k,1,22,Chennai +19 other locations
2365,Venky's,3.7,Food Processing,462,1.5k,4,26,Pune +69 other locations
2366,Aimil Pharmaceuticals,3.6,Pharma,461,1.8k,2,24,New Delhi +60 other locations
2367,Stryker,3.8,Medical Equipment,461,3.6k,132,51,Gurugram +23 other locations
2368,Confidence Petroleum India,3.2,Oil & Gas,461,1.7k,10,35,Nagpur +52 other locations
2369,LuLu Group International,3.4,Retail,462,2.3k,1,34,Kochi +40 other locations
2370,Seoyon E-hwa Automotive,3.5,Auto Components,460,2.3k,4,27,Chennai +19 other locations
2371,Subex,3.4,Software Product,460,3.2k,11,36,Bengaluru +9 other locations
2372,Texmaco Rail and Engineering,3.8,Engineering & Construction,460,1.7k,16,26,Kolkata +50 other locations
2373,In Time Tec Visionsoft,3.2,IT Services & Consulting,460,2.4k,25,50,Jaipur +9 other locations
2374,Iksula,3.2,IT Services & Consulting,459,1.9k,4,34,Mumbai +11 other locations
2375,Stovekraft,4.0,Consumer Electronics & Appliances,459,1.8k,12,33,Bengaluru +57 other locations
2376,Grant Thornton Bharat,3.5,Accounting & Auditing,459,2.5k,1,89,Gurugram +37 other locations
2377,Torrent Gas,3.1,Oil & Gas,459,2.3k,--,57,Ahmedabad +32 other locations
2378,Novotel Hotels,4.0,Hospitality,458,1.3k,--,27,Mumbai +31 other locations
2379,TresVista,2.4,Analytics & KPO,458,3.1k,33,140,Pune +11 other locations
2380,Bada Business,4.0,Internet,458,1.6k,541,61,New Delhi +54 other locations
2381,TresVista,2.4,Analytics & KPO,458,3.1k,33,140,Pune +11 other locations
2382,Railtel Corporation Of India,3.6,Hardware & Networking,457,2k,--,29,New Delhi +75 other locations
2383,Henkel Adhesives Technologies,4.1,Chemicals,457,2k,4,22,Pune +29 other locations
2384,TAO Digital,3.6,IT Services & Consulting,458,1.4k,61,119,Hyderabad +8 other locations
2385,Saudi Binladin Group,4.3,Engineering & Construction,457,727,--,33,Jeddah +32 other locations
2386,Del Monte Foods,4.0,Food Processing,457,1.5k,10,18,Gurugram +61 other locations
2387,St. Xavier's High School,3.7,Pharma,457,1.5k,34,19,Gurugram +127 other locations
2388,Kiswok Industries,3.3,Iron & Steel,457,1.8k,4,41,Kolkata +8 other locations
2389,Avalara Technologies,2.8,Software Product,457,3.2k,12,76,Pune +6 other locations
2390,Indofil Industries,4.1,Agro Chemicals,457,1.9k,--,19,Bharuch +54 other locations
2391,RPG Life Sciences,3.6,Pharma,456,1.6k,12,15,Ankleshwar +49 other locations
2392,Eurokids,3.9,Education & Training,456,1.3k,--,18,Mumbai +74 other locations
2393,Sahyadri Hospital,4.2,Healthcare,456,1.4k,48,32,Pune +11 other locations
2394,Dharampal Premchand,4.2,FMCG,455,1.3k,1,25,Noida +69 other locations
2395,AIRBUS,3.6,Aviation,455,4.7k,1,82,Bengaluru +11 other locations
2396,Flamingo Pharmaceuticals,3.1,Pharma,455,1.9k,29,36,Mumbai +11 other locations
2397,Mahle Anand Thermal Systems,4.1,Auto Components,455,1.6k,--,31,Pune +16 other locations
2398,Speridian Technologies,3.4,IT Services & Consulting,455,3.3k,19,53,Bengaluru +20 other locations
2399,Loadshare Networks,3.5,Logistics,455,1.7k,17,45,Bengaluru +74 other locations
2400,House of EdTech,4.3,Marketing & Advertising,454,222,23,112,Kolkata +2 other locations
2401,Synopsys,3.6,Semiconductors,454,3.9k,95,106,Bengaluru +10 other locations
2402,SISL Infotech,3.5,IT Services & Consulting,454,2.4k,184,23,New Delhi +41 other locations
2403,Kyungshin Industrial Motherson,3.2,Electrical Equipment,454,2.1k,--,24,Chennai +18 other locations
2404,Realme,3.7,Consumer Electronics & Appliances,455,1.6k,--,32,Gurugram +100 other locations
2405,Red Hat,4.4,Software Product,453,3.8k,79,64,Pune +14 other locations
2406,Kolte Patil Developers,4.1,Real Estate,453,1.9k,21,22,Pune +9 other locations
2407,B. Braun Medical,4.1,Healthcare,453,1.7k,13,22,Mumbai +49 other locations
2408,Pratham Education Foundation,4.1,Education & Training,453,969,--,16,New Delhi +110 other locations
2409,Pocket FM,2.7,Media & Entertainment,453,1.9k,11,68,Bengaluru +17 other locations
2410,Puravankara,3.5,Real Estate,453,2k,31,24,Bengaluru +13 other locations
2411,ByteDance,4.1,Internet,453,2.2k,10,38,Gurugram +14 other locations
2412,ITI,3.7,Hardware & Networking,452,1.4k,--,40,Bengaluru +84 other locations
2413,Bharat Bijlee,4.2,Electrical Equipment,452,1.6k,11,26,Mumbai +25 other locations
2414,Prodair Air Products,3.7,Oil & Gas,452,2.3k,--,29,Pune +21 other locations
2415,SMEC,3.6,Real Estate,452,1.5k,51,30,Bengaluru +68 other locations
2416,Gaurs Group,4.2,Real Estate,452,1.5k,32,31,Noida +13 other locations
2417,Caresoft Global,3.4,Automobile,452,3.3k,--,52,Coimbatore +17 other locations
2418,Balmer Lawrie,3.6,Packaging,452,1.9k,--,33,Kolkata +37 other locations
2419,Prism Cement,4.0,Building Material,452,1.2k,--,38,Satna +77 other locations
2420,Miracle Software Systems,3.8,IT Services & Consulting,451,1.9k,31,43,Visakhapatnam +12 other locations
2421,Espire Infolabs,2.4,IT Services & Consulting,451,2.6k,13,27,Gurugram +10 other locations
2422,OLX Autos,3.9,Internet,451,1.5k,--,30,Gurugram +35 other locations
2423,LT Foods,3.8,FMCG,451,1.6k,--,24,Gurugram +65 other locations
2424,Paper Boat(Hector Beverages Pvt. Ltd.),3.9,Beverage,451,1.3k,3,24,Bengaluru +108 other locations
2425,Gokaldas Exports,3.9,Fashion & Textile,450,1.7k,23,39,Bengaluru +25 other locations
2426,Corona Remedies,4.2,Pharma,450,1.4k,--,13,Ahmedabad +67 other locations
2427,Infovision,3.4,IT Services & Consulting,450,4k,51,44,Pune +12 other locations
2428,Yusen Logistics,4.0,Logistics,450,1.8k,2,16,Mumbai +38 other locations
2429,Almarai,4.3,Food Processing,450,834,--,24,Riyadh +43 other locations
2430,Portea Medical,3.7,Healthcare,450,1.3k,1,34,Bengaluru +44 other locations
2431,JNS Instruments,4.0,Industrial Machinery,449,1.8k,12,34,Gurugram +23 other locations
2432,Khadims,3.6,Fashion & Textile,449,1.3k,--,17,Kolkata +66 other locations
2433,CodeClouds,3.9,Software Product,449,1.2k,36,57,Kolkata +6 other locations
2434,Vijai Electricals,3.6,Power,449,1.3k,--,18,Hyderabad +46 other locations
2435,Ergode IT Services,3.3,IT Services & Consulting,449,1.4k,44,30,Mumbai +12 other locations
2436,NTPC GE Power Services,3.9,Power,449,1.5k,--,57,Jharsuguda +27 other locations
2437,Majesco,2.9,IT Services & Consulting,449,3.1k,34,34,Mumbai +9 other locations
2438,Statusneo,4.0,IT Services & Consulting,449,1.6k,21,159,Gurugram +19 other locations
2439,Reliance Infrastructure,4.1,Engineering & Construction,448,2k,--,30,Mumbai +64 other locations
2440,Anunta Technology Management Services,3.3,IT Services & Consulting,448,2.2k,15,39,Mumbai +20 other locations
2441,Kaya Skin Clinic,3.4,Beauty & Personal Care,448,1.2k,24,23,Mumbai +36 other locations
2442,BSCPL Infrastructure,3.9,Engineering & Construction,447,1.3k,2,31,Hyderabad +47 other locations
2443,Usha Martin,4.0,Iron & Steel,447,1.4k,--,23,Ranchi +29 other locations
2444,Bhagwati Products,3.6,Consumer Electronics & Appliances,447,1.2k,12,21,Noida +20 other locations
2445,Ashapura Group Of Industries,4.1,Metals & Mining,447,1.8k,5,30,Bhuj +33 other locations
2446,Orient Craft,3.8,Fashion & Textile,446,1.4k,--,8,Gurugram +14 other locations
2447,Honour Lab,3.9,Pharma,446,1.8k,--,25,Hyderabad +18 other locations
2448,Toyota,4.2,Automobile,446,1.8k,--,49,Bengaluru +113 other locations
2449,Karvy Data Management,3.3,,446,810,--,2,
2450,TruBridge Healthcare Private Limited,3.9,Analytics & KPO,446,651,9,146,Mumbai +6 other locations
2451,Orion Innovation,3.5,IT Services & Consulting,445,3.7k,--,46,Chennai +12 other locations
2452,NetApp,3.7,IT Services & Consulting,445,4.1k,52,76,Bengaluru +9 other locations
2453,AQM Technologies,3.2,IT Services & Consulting,445,3.6k,20,55,Mumbai +13 other locations
2454,Allegis Group,3.5,Recruitment,444,2.7k,1,24,Bengaluru +13 other locations
2455,TriGeo Technologies,3.2,IT Services & Consulting,444,1.7k,--,28,Hyderabad +5 other locations
2456,AVAYA,3.2,Software Product,444,2.9k,3,46,Pune +17 other locations
2457,Birla White,4.1,Building Material,444,1.2k,--,39,Jodhpur +111 other locations
2458,Ciena,4.0,Telecom,444,3.2k,--,45,Gurugram +12 other locations
2459,ELGI Equipments,4.0,Industrial Machinery,444,2.1k,45,27,Coimbatore +32 other locations
2460,Rapido,3.5,Internet,444,2.3k,38,42,Bengaluru +61 other locations
2461,Knack RCM,3.0,BPO,444,1.7k,12,53,Jaipur +11 other locations
2462,Kataria Automobiles,3.6,Automobile,444,1.5k,3,21,Ahmedabad +27 other locations
2463,FabHotels,3.2,Hospitality,444,2k,42,46,Gurugram +33 other locations
2464,Brembo Brake India,4.1,Auto Components,444,1.6k,--,22,Pune +16 other locations
2465,GS Lab,3.7,IT Services & Consulting,443,3.5k,--,64,Pune +8 other locations
2466,DB Power Limited,4.7,Power,443,749,--,64,Raigarh +13 other locations
2467,Fuji Electric,3.6,Electronics Manufacturing,443,1.8k,6,21,Chennai +38 other locations
2468,T.v. Sundram Iyengar & Sons,3.9,Automobile,443,1.1k,--,10,Chennai +78 other locations
2469,SBI Capital Markets,3.7,Financial Services,443,2.2k,--,25,Mumbai +135 other locations
2470,Mjunction Services,3.9,IT Services & Consulting,443,1.8k,--,26,Kolkata +30 other locations
2471,Zscaler Softech,3.3,Software Product,443,3.2k,130,83,Bengaluru +15 other locations
2472,SPAR Hypermarkets,3.9,Retail,442,1.3k,6,25,Bengaluru +30 other locations
2473,Polestar Analytics,4.1,IT Services & Consulting,442,1.2k,10,24,Noida +9 other locations
2474,Vision India Services,4.0,Recruitment,441,1.4k,--,55,Noida +101 other locations
2475,Midland Microfin Limited,3.6,NBFC,441,908,--,35,Jalandhar +133 other locations
2476,Flatworld Solutions,3.3,IT Services & Consulting,441,2.8k,13,33,Bengaluru +10 other locations
2477,Nuvama Wealth and Investment,3.3,Financial Services,440,2.4k,12,19,Mumbai +56 other locations
2478,Freecharge,3.7,FinTech,440,2.9k,35,68,Gurugram +62 other locations
2479,Meyer Organics,3.6,Pharma,440,1.5k,12,30,Mumbai +71 other locations
2480,Go Colors,3.9,Fashion & Textile,439,1k,1,13,Chennai +73 other locations
2481,Neilsoft,3.1,Engineering & Construction,439,3.1k,33,46,Pune +11 other locations
2482,SABIC,4.1,Chemicals,439,1.5k,5,33,Bengaluru +21 other locations
2483,Bengal Beverages,3.0,Beverage,439,1.4k,3,35,Kolkata +15 other locations
2484,DesignTech Systems,3.3,IT Services & Consulting,439,2k,18,45,Pune +33 other locations
2485,Fossil Group,3.9,Fashion & Textile,439,2.1k,22,35,Bengaluru +41 other locations
2486,LKQ INDIA,3.4,IT Services & Consulting,439,2.5k,11,39,Bengaluru +5 other locations
2487,H & R Johnson,3.5,Building Material,439,1.2k,--,10,Mumbai +75 other locations
2488,Godrej Jersey,4.0,Food Processing,438,1.3k,4,26,Hyderabad +44 other locations
2489,Montecarlo Construction,4.2,Engineering & Construction,438,1.3k,--,51,Ahmedabad +82 other locations
2490,NR Switch N Radio Services,3.8,Telecom,438,1.1k,20,22,Kota +74 other locations
2491,Transasia Bio-Medicals,3.3,Biotechnology,438,1.8k,17,23,Mumbai +54 other locations
2492,Konexions Back Office Services,2.7,BPO,438,1.7k,5,36,New Delhi +21 other locations
2493,Deluxe Entertainment,3.5,Media & Entertainment,438,2.4k,3,38,Bengaluru +12 other locations
2494,PULSUS HealthTech Group,3.2,Printing & Publishing,438,1.3k,15,35,Visakhapatnam +8 other locations
2495,K D Hospital,4.5,Healthcare,437,354,27,22,Ahmedabad +8 other locations
2496,Tata Steel Downstream Products,3.7,Iron & Steel,437,1.5k,2,46,Jamshedpur +37 other locations
2497,Cimpress,3.8,Printing & Publishing,437,3k,10,70,Mumbai +8 other locations
2498,Aptech,3.3,Education & Training,437,1.7k,--,29,Mumbai +72 other locations
2499,Indian Immunologicals,4.1,Biotechnology,437,1.7k,2,23,Hyderabad +31 other locations
2500,Infosys Consulting,3.4,IT Services & Consulting,437,4k,--,181,Bengaluru +27 other locations
2501,Cimpress,3.8,Printing & Publishing,437,3k,10,70,Mumbai +8 other locations
2502,Sunwoda Electronic India Pvt Ltd,4.0,Electronics Manufacturing,437,1.9k,1,40,Noida +8 other locations
2503,Mashreq Global Services,3.1,Banking,436,2.5k,46,29,Bengaluru +10 other locations
2504,SoftwareOne,3.8,Software Product,436,3.6k,46,52,Gurugram +18 other locations
2505,Rieter,3.4,Industrial Machinery,436,2.3k,8,31,Pune +15 other locations
2506,Cipla Health,4.2,Pharma,436,1.4k,--,44,Mumbai +88 other locations
2507,Ozone Overseas,3.9,Building Material,436,1.5k,26,33,New Delhi +59 other locations
2508,Falcon Autotech,3.8,Industrial Automation,436,2k,1,53,Noida +18 other locations
2509,Flipkart Health+,3.5,Internet,435,1.6k,--,30,Kolkata +38 other locations
2510,IL&FS Engineering and Construction,4.4,Engineering & Construction,435,942,6,17,Hyderabad +52 other locations
2511,Clean Harbors,3.3,Waste Management,435,2.8k,11,36,Hyderabad +3 other locations
2512,Dun & Bradstreet,3.0,Analytics & KPO,436,3k,9,43,Mumbai +16 other locations
2513,Tata Steel Colors,3.7,Iron & Steel,434,1.6k,5,34,Jamshedpur +39 other locations
2514,Talbros,3.8,Auto Components,434,1.7k,1,33,Faridabad +26 other locations
2515,Zypp Electric,4.0,Internet,434,980,5,36,Gurugram +12 other locations
2516,Regency Hospital Ltd,4.1,Healthcare,434,1.4k,10,24,Kanpur +17 other locations
2517,Nagarjuna Fertilizers and Chemicals,4.1,Agro Chemicals,433,1.3k,--,19,Kakinada +69 other locations
2518,Kothari Agritech,4.2,Building Material,433,721,4,47,Solapur +123 other locations
2519,Premium Transmission,3.4,Industrial Machinery,433,1.9k,15,53,Pune +17 other locations
2520,Mungi Group,4.0,Auto Components,432,1.8k,20,24,Pune +14 other locations
2521,Aker Solutions,4.0,Engineering & Construction,432,2.2k,1,37,Pune +10 other locations
2522,Rakuten Symphony,3.6,Telecom,433,3.5k,4,43,Indore +9 other locations
2523,NIFTEL COMMUNICATIONS,3.7,BPO,432,779,6,93,Lucknow +14 other locations
2524,Nexteer Automotive,3.8,Auto Components,432,2.6k,--,28,Bengaluru +11 other locations
2525,360 Realtors,3.5,Real Estate,432,1.5k,--,36,Pune +25 other locations
2526,Mymd Healthcare,4.2,Internet,432,404,--,27,Kolkata +23 other locations
2527,The Indian Hotels Company,4.0,Hospitality,432,1.7k,--,29,Mumbai +56 other locations
2528,Intercontinental Exchange,3.1,Financial Services,432,2.7k,--,44,Hyderabad +7 other locations
2529,IndusInd Capital,3.9,Financial Services,432,1.9k,2,20,Mumbai +87 other locations
2530,ZTE Corporation,4.0,Telecom,432,1.2k,1,21,Gurugram +46 other locations
2531,Self Practice,4.4,Analytics & KPO,431,5.9k,--,69,New Delhi +124 other locations
2532,Thrillophilia,3.7,Travel & Tourism,431,924,17,38,Jaipur +7 other locations
2533,Tyger Capital,4.0,Financial Services,431,1.4k,16,29,Mumbai +123 other locations
2534,Alankit,3.2,Financial Services,431,1.2k,6,47,New Delhi +40 other locations
2535,Lambda Therapeutic Research,3.8,Clinical Research,431,1.4k,17,20,Ahmedabad +8 other locations
2536,Chettinad Cements,3.9,Building Material,431,2k,--,39,Chennai +62 other locations
2537,Reshamandi,3.5,Fashion & Textile,430,593,--,17,Bengaluru +32 other locations
2538,TotalEnergies,3.8,Oil & Gas,430,1.7k,9,35,Mumbai +65 other locations
2539,NOON.COM,3.2,Internet,430,2.7k,--,59,Gurugram +23 other locations
2540,Honeywell International India,3.9,Defence & Aerospace,430,2.5k,--,39,Pune +23 other locations
2541,KLAY Preschool and Daycare,3.6,,430,1.4k,127,45,
2542,Western Union,2.8,FinTech,430,2.7k,12,39,Pune +16 other locations
2543,Ami Lifesciences,3.8,Pharma,430,1.8k,--,21,Vadodara +10 other locations
2544,Mazagon Dock,4.2,Ports & Shipping,429,1.2k,--,21,Mumbai +10 other locations
2545,Paynearby Technologies,3.9,FinTech,429,1.4k,--,28,Mumbai +122 other locations
2546,Le Méridien,4.0,Hospitality,429,1.2k,--,22,New Delhi +27 other locations
2547,Tata Steel Utilities and Infrastructure Services,3.6,Engineering & Construction,429,1.2k,--,39,Jamshedpur +18 other locations
2548,Calsoft,2.7,IT Services & Consulting,429,3.7k,51,57,Pune +7 other locations
2549,IIMI Image Management Private Limited,4.1,BPO,429,560,--,56,Kolkata +5 other locations
2550,Impact Guru,3.5,Internet,429,1.6k,79,50,Mumbai +22 other locations
2551,Freyr Solutions,3.6,IT Services & Consulting,428,2.7k,3,33,Hyderabad +8 other locations
2552,GTL Infrastructure,4.2,Hardware & Networking,428,903,--,14,Mumbai +47 other locations
2553,State Street Bank,3.5,Banking,428,3.2k,--,18,Bengaluru +18 other locations
2554,ARMSOFTECH.AIR,3.3,IT Services & Consulting,428,1.4k,--,29,Chennai +16 other locations
2555,Theobroma Foods,3.9,Food Processing,428,1.3k,32,25,Mumbai +34 other locations
2556,InfoBeans,3.3,IT Services & Consulting,428,3.6k,14,50,Indore +7 other locations
2557,Powerweave,3.3,BPO,427,1.7k,--,28,Mumbai +8 other locations
2558,Capital Foods,4.2,Food Processing,427,1.3k,5,32,Mumbai +74 other locations
2559,Asian Granito India,3.5,Building Material,427,1.5k,1,17,Ahmedabad +66 other locations
2560,NeoGrowth Credit,3.0,NBFC,427,1.7k,5,27,Mumbai +33 other locations
2561,Adani Logistics,3.7,Logistics,427,1.8k,--,16,Ahmedabad +74 other locations
2562,Vcare Trichology,3.6,Healthcare,427,1.9k,35,44,Chennai +61 other locations
2563,Willis Towers Watson,3.7,Financial Services,427,7.7k,25,119,Mumbai +12 other locations
2564,OnePlus,3.7,Consumer Electronics & Appliances,427,2k,--,38,Bengaluru +59 other locations
2565,Entrata,3.9,Software Product,426,2.4k,7,42,Pune +5 other locations
2566,Ind-Swift Laboratories,3.9,Pharma,426,1.6k,11,21,Chandigarh +26 other locations
2567,Ramada,3.9,Hospitality,426,1k,3,20,Mumbai +59 other locations
2568,e2open,3.5,Software Product,426,3.6k,--,63,Bengaluru +17 other locations
2569,FM LOGISTIC,4.0,Logistics,426,1.3k,--,31,Pune +37 other locations
2570,Siyaram Silk Mills,4.0,Fashion & Textile,426,1.5k,14,23,Mumbai +39 other locations
2571,Tutopia,4.5,EdTech,426,409,1,242,Kolkata +4 other locations
2572,YKK,3.7,Fashion & Textile,426,1.4k,--,27,Rewari +26 other locations
2573,Webkul Software,3.9,Software Product,425,1.4k,6,86,Noida +8 other locations
2574,Bonfiglioli Transmissions Limited,3.6,Industrial Machinery,426,1.7k,11,37,Chennai +23 other locations
2575,ZUCOL Services,3.8,IT Services & Consulting,425,736,8,109,Jaipur +10 other locations
2576,Yutika Natural,3.3,Beauty & Personal Care,425,989,7,23,Indore +69 other locations
2577,Kutchina,3.4,Consumer Electronics & Appliances,425,1.2k,2,15,Kolkata +65 other locations
2578,Mahindra Lifespace Developers,4.2,Real Estate,425,1.8k,6,27,Mumbai +23 other locations
2579,CWT,3.4,Travel & Tourism,425,1.4k,--,8,New Delhi +13 other locations
2580,A. O. Smith India Water Products Private Limited,3.6,Consumer Electronics & Appliances,425,1.4k,7,21,Bengaluru +50 other locations
2581,Citykart Retail,3.7,Retail,425,1k,2,26,New Delhi +72 other locations
2582,UNIVO Education,3.4,EdTech,425,1.5k,3,35,Noida +10 other locations
2583,Indian Institute of Technology Gandhinagar,4.1,Education & Training,424,2.5k,--,25,New Delhi +44 other locations
2584,Groupon,3.0,Internet,424,2.3k,3,46,Chennai +9 other locations
2585,Arvind Fashions,3.8,Fashion & Textile,424,1.8k,--,25,Bengaluru +62 other locations
2586,AppInventiv Technologies,4.0,IT Services & Consulting,424,2.7k,17,83,Noida +12 other locations
2587,Ingersoll Rand,3.8,Industrial Machinery,424,2.5k,14,37,Bengaluru +29 other locations
2588,International Automotive Components,3.9,Auto Components,423,2k,6,25,Pune +17 other locations
2589,Nous Infosystems,3.5,IT Services & Consulting,423,3.4k,26,49,Bengaluru +8 other locations
2590,Eurofins It Solutions,2.9,IT Services & Consulting,423,3.4k,1,67,Bengaluru +6 other locations
2591,Tessolve,3.3,Semiconductors,423,2.8k,5,65,Bengaluru +11 other locations
2592,B.C. Jindal Group of Companies,3.9,Iron & Steel,422,1.1k,--,29,New Delhi +32 other locations
2593,Prolifics Corporation,3.6,IT Services & Consulting,422,2.5k,17,64,Hyderabad +6 other locations
2594,Mann And Hummel Filter,3.9,Industrial Machinery,422,1.8k,19,22,Bengaluru +20 other locations
2595,Axis Finance,3.8,NBFC,422,2k,215,25,Mumbai +85 other locations
2596,Jyoti CNC Automation,3.9,Industrial Machinery,421,1.4k,8,26,Rajkot +31 other locations
2597,Tally Solutions,4.0,Software Product,421,2.4k,4,48,Bengaluru +66 other locations
2598,RSWM Limited,4.1,Fashion & Textile,421,1.3k,20,19,Bhilwara +31 other locations
2599,ABCI Infrastructures,3.4,Engineering & Construction,421,7k,7,79,Bengaluru +51 other locations
2600,Chambal Fertilisers And Chemicals,3.7,Agro Chemicals,421,1.5k,--,29,Kota +53 other locations
2601,Skillmine Technology Consulting,3.9,Software Product,421,1.6k,14,45,Bengaluru +14 other locations
2602,National Organic Chemical Industries,3.8,Chemicals,421,1.8k,10,34,Bharuch +14 other locations
2603,Fitelo,3.3,Fitness & Wellness,421,734,--,48,Sahibzada Ajit Singh Nagar +14 other locations
2604,Indian Political Action Committee,2.8,Other,421,1.8k,--,50,Kolkata +20 other locations
2605,Baramati Agro,3.8,Food Processing,420,1.5k,1,29,Pune +48 other locations
2606,IMS People,3.6,Recruitment,420,2.2k,--,44,Ahmedabad +27 other locations
2607,Educomp Solutions,3.3,EdTech,420,643,--,5,Gurugram +111 other locations
2608,Nettur Technical Training Foundation,3.6,Education & Training,420,1.2k,8,27,Bengaluru +44 other locations
2609,FCm Travel Solutions,3.2,Travel & Tourism,420,1.6k,8,14,New Delhi +23 other locations
2610,Samsung C&T,4.2,Engineering & Construction,420,1.4k,2,14,Mumbai +27 other locations
2611,Systems Plus,4.2,IT Services & Consulting,420,1.6k,64,32,Pune +11 other locations
2612,Marksans Pharma,3.4,Pharma,420,1.7k,10,28,South Goa +26 other locations
2613,Tekion,3.2,Software Product,420,5.1k,73,118,Bengaluru +4 other locations
2614,Carrier Midea,3.6,Consumer Electronics & Appliances,419,1.8k,6,19,Pune +52 other locations
2615,Flipkart Wholesale,3.8,Internet,419,1.1k,--,70,Bengaluru +58 other locations
2616,Orient Bell,3.3,Building Material,419,1.5k,10,23,New Delhi +73 other locations
2617,Haldia Petrochemicals,3.8,Petrochemicals,419,1.9k,--,42,Haldia +15 other locations
2618,Bmm Ispat,3.9,Iron & Steel,419,1.5k,4,35,Hosapete +14 other locations
2619,Shiprocket Private Limited,3.4,Internet,419,2.8k,27,59,Gurugram +15 other locations
2620,Secure Value,3.3,IT Services & Consulting,418,902,--,20,Mumbai +83 other locations
2621,Spice Money,4.1,FinTech,418,1.5k,3,35,Noida +109 other locations
2622,Joyalukkas,4.0,Retail,418,977,4,44,Bengaluru +70 other locations
2623,Desun Hospital & Heart Institute,3.8,Healthcare,418,1.1k,6,29,Kolkata +11 other locations
2624,MyMoneyMantra,3.1,Internet,418,1.8k,--,15,New Delhi +28 other locations
2625,Lotte India Corporation,4.0,FMCG,418,1.4k,18,31,Chennai +86 other locations
2626,Medica Superspecialty Hospital,3.8,Healthcare,418,1.5k,138,20,Kolkata +18 other locations
2627,Pole To Win,3.2,Gaming,418,2k,7,61,Bengaluru +9 other locations
2628,Nowfloats Technologies,3.6,Software Product,418,1.1k,--,23,Hyderabad +40 other locations
2629,Aculife Healthcare,2.9,Pharma,418,1.5k,5,33,Ahmedabad +36 other locations
2630,Hero Housing Finance,3.8,NBFC,418,1.6k,12,23,New Delhi +92 other locations
2631,Imarticus Learning,4.0,EdTech,418,1.2k,5,31,Mumbai +24 other locations
2632,CogentHubCX.AI,3.2,BPO,417,845,29,35,Kolkata +9 other locations
2633,Capital Trust,3.3,NBFC,417,870,2,23,New Delhi +124 other locations
2634,Ensono,4.1,IT Services & Consulting,417,2.5k,58,31,Pune +10 other locations
2635,India Nippon Electricals,3.8,Electrical Equipment,416,1.6k,4,23,Hosur +27 other locations
2636,Haleon,3.5,Healthcare,416,1.4k,45,52,Bengaluru +78 other locations
2637,Franchise India Brands,2.9,Marketing & Advertising,416,1.4k,7,42,New Delhi +30 other locations
2638,Silver Touch Technologies,3.1,IT Services & Consulting,416,2.5k,10,34,New Delhi +40 other locations
2639,Astra Microwave Products,3.9,Defence & Aerospace,416,2.1k,5,32,Hyderabad +15 other locations
2640,National Bulk Handling Corporation,4.0,Agriculture,416,1.1k,8,22,Mumbai +75 other locations
2641,Nidec Corporation,3.6,Electronics Manufacturing,416,1.7k,9,27,Neemrana +27 other locations
2642,Astra Microwave Products,3.9,Defence & Aerospace,416,2.1k,5,32,Hyderabad +15 other locations
2643,Tagros Chemicals,3.6,Agro Chemicals,416,1.9k,14,40,Cuddalore +12 other locations
2644,Pon Pure Chemical,3.5,Chemicals,415,1.5k,2,24,Chennai +42 other locations
2645,ArisGlobal,2.8,IT Services & Consulting,415,2.9k,4,42,Bengaluru +9 other locations
2646,Qwik Supply Chain,3.9,,415,1.1k,--,28,
2647,Aizant Drug Research Solutions,3.9,Clinical Research,415,1.3k,10,20,Hyderabad +4 other locations
2648,Odessa,3.6,Software Product,415,2.4k,--,46,Bengaluru +3 other locations
2649,myGate,2.9,Law Enforcement & Security,415,2.3k,7,33,Bengaluru +21 other locations
2650,Metrochem Api,3.1,Pharma,415,1.9k,7,33,Hyderabad +13 other locations
2651,Zealous Services,2.7,Design,415,1.1k,--,22,Chennai +9 other locations
2652,TCL,4.1,Consumer Electronics & Appliances,414,2k,--,46,Tirupati +52 other locations
2653,Dodsal Engineering & Construction,4.5,Engineering & Construction,414,684,--,16,Mumbai +35 other locations
2654,Oberoi Realty,4.2,Real Estate,414,2k,11,21,Mumbai +11 other locations
2655,Echobooom Management & Entrepreneurial Solutions,3.8,Marketing & Advertising,414,474,42,112,Mumbai +19 other locations
2656,Uniparts Group,3.6,Industrial Machinery,414,1.5k,2,22,Noida +14 other locations
2657,Samsonite,4.0,Retail,413,1.4k,3,16,Nashik +61 other locations
2658,Roca Bathroom Products,3.7,Building Material,413,1.4k,1,23,Chennai +58 other locations
2659,Magus Customer Dialog,3.7,BPO,413,789,3,12,Hyderabad +18 other locations
2660,Venus Remedies,4.2,Pharma,413,1k,35,42,Baddi +39 other locations
2661,Aka Logistics,3.2,Logistics,413,1.4k,7,39,Kolkata +39 other locations
2662,SirionLabs,3.8,Software Product,413,1.9k,11,29,Gurugram +6 other locations
2663,Rama Medical College Hospital & Research Centre,3.8,Healthcare,412,1.2k,--,39,Kanpur +20 other locations
2664,Essar Group,3.7,Engineering & Construction,412,1.8k,--,33,Mumbai +45 other locations
2665,Havmor Ice Cream,4.1,Food Processing,412,1.3k,--,30,Ahmedabad +71 other locations
2666,Shyam Sel & Power,3.7,Electronics Manufacturing,412,1.4k,--,57,Kolkata +24 other locations
2667,Spoton Logistics,4.4,Logistics,412,1.1k,--,18,Bengaluru +71 other locations
2668,DataMetica,3.2,IT Services & Consulting,412,2.8k,22,49,Pune +7 other locations
2669,Aliens Group,3.9,Real Estate,412,1.3k,5,44,Hyderabad +6 other locations
2670,TTK Healthcare,4.1,Medical Equipment,412,1.3k,13,18,Chennai +78 other locations
2671,Group Bayport,4.2,Printing & Publishing,412,1.1k,7,37,Ahmedabad +6 other locations
2672,The Belgian Waffle co,4.5,Hospitality,411,709,3,58,Mumbai +28 other locations
2673,ANR Software Private Limited,4.1,IT Services & Consulting,411,1.1k,16,37,Noida +5 other locations
2674,PC Jewellers,3.7,Metals & Mining,411,941,4,25,New Delhi +73 other locations
2675,Apex Laboratories,3.9,Pharma,411,1.9k,5,26,Chennai +61 other locations
2676,Motilal Oswal Private Wealth Management,4.5,Financial Services,411,272,--,83,Mumbai +26 other locations
2677,Buhler,3.8,Industrial Machinery,410,1.9k,--,33,Bengaluru +28 other locations
2678,Recpdcl.ltd,4.0,Facility Management Services,410,843,--,17,New Delhi +68 other locations
2679,Aramex,3.3,Logistics,410,1.2k,1,26,Mumbai +52 other locations
2680,Samsung SDS,3.0,IT Services & Consulting,410,2.8k,--,31,Gurugram +22 other locations
2681,Ashiana Housing,4.0,Real Estate,410,1.5k,13,36,Jaipur +19 other locations
2682,Agro Tech Foods,4.0,FMCG,410,1.1k,9,22,Hyderabad +77 other locations
2683,Bangalore International Airport,4.3,Aviation,410,1.6k,8,35,Bengaluru +15 other locations
2684,Saama Technologies,3.7,IT Services & Consulting,410,3.6k,12,60,Pune +6 other locations
2685,Bonace Engineers,4.0,Recruitment,409,1.2k,--,35,Mumbai +57 other locations
2686,Owens Corning,3.6,Building Material,409,1.8k,1,21,Mumbai +13 other locations
2687,Black Knight,3.5,IT Services & Consulting,409,2.7k,--,29,Hyderabad +4 other locations
2688,Gujarat Ambuja Exports,3.4,Agro Chemicals,409,1.5k,5,23,Ahmedabad +32 other locations
2689,HealthKart,3.8,Internet,409,2k,41,30,Gurugram +39 other locations
2690,Win Medicare,4.1,Pharma,409,987,--,24,New Delhi +63 other locations
2691,Universal Corporation,3.7,Consumer Electronics & Appliances,409,1.3k,3,22,Kolkata +64 other locations
2692,Sagar Cements,4.3,Building Material,408,1.3k,--,39,Hyderabad +44 other locations
2693,Indus Net Technologies,3.1,IT Services & Consulting,408,2k,--,35,Kolkata +7 other locations
2694,SMFG India Home Finance Co,3.7,NBFC,408,997,--,27,Mumbai +112 other locations
2695,P.D. Hinduja National Hospital and Medical Research Centre,3.9,Healthcare,408,2.4k,28,28,Mumbai +13 other locations
2696,ITC Limited - Paperboards Specialty Papers Division,3.9,Packaging,408,1.6k,8,19,Bhadrachalam +18 other locations
2697,SHARE Microfin,4.1,Financial Services,407,550,--,22,Hyderabad +140 other locations
2698,CES,3.3,IT Services & Consulting,407,2.6k,19,58,Hyderabad +15 other locations
2699,Viva Composite Panel,4.5,Building Material,407,601,24,100,Mumbai +60 other locations
2700,Onsitego,3.7,Internet,407,1.4k,12,20,Mumbai +31 other locations
2701,Schoolnet India,3.9,EdTech,407,1.1k,36,24,Mumbai +91 other locations
2702,Fortis Escorts Hospital,4.3,Healthcare,406,954,--,21,New Delhi +16 other locations
2703,Indian Space Research Organisation,4.6,Defence & Aerospace,406,1.3k,--,24,Bengaluru +36 other locations
2704,Global Indian International School,4.2,Education & Training,406,1k,33,19,Noida +23 other locations
2705,STUDDS Accessories Limited,4.0,Auto Components,406,1.3k,2,58,Faridabad +14 other locations
2706,Virchow Biotech,3.4,Pharma,406,1.7k,--,26,Hyderabad +12 other locations
2707,Al Turki Enterprises,3.5,Oil & Gas,405,957,--,16,Muscat +15 other locations
2708,V-Xpress,3.9,Logistics,405,1.1k,--,22,Mumbai +63 other locations
2709,Bajaj Auto Credit,3.9,NBFC,405,891,--,13,Pune +175 other locations
2710,Core Integra Consulting Services,3.4,Recruitment,405,1.3k,--,25,Mumbai +85 other locations
2711,Accelya Solutions India Limited,3.4,IT Services & Consulting,405,2.7k,38,51,Mumbai +12 other locations
2712,Acadecraft,3.7,EdTech,405,875,7,62,Noida +9 other locations
2713,Himatsingka Seide,3.5,Fashion & Textile,405,1.5k,11,30,Bengaluru +16 other locations
2714,Invensis Technologies,3.5,BPO,405,1.9k,5,33,Bengaluru +12 other locations
2715,L&T Heavy Engineering,3.8,,404,813,--,31,
2716,Venkateshwara Hatcheries,3.8,Food Processing,404,1.5k,--,12,Pune +60 other locations
2717,Mahindra Last Mile Mobility,3.7,Automobile,404,1.2k,--,22,Bengaluru +31 other locations
2718,Oda Class,2.9,EdTech,404,672,--,29,Bengaluru +8 other locations
2719,GRT Jewellers,4.0,Jewellery,404,1.5k,7,30,Chennai +37 other locations
2720,Daimler Truck,3.6,Automobile,404,2.9k,1,41,Bengaluru +8 other locations
2721,Ipsos,3.1,Analytics & KPO,404,2.5k,10,42,Mumbai +26 other locations
2722,Hexagon Nutrition,4.1,Food Processing,404,1k,11,19,Mumbai +32 other locations
2723,RDC Concrete (India),4.0,Real Estate,404,1.3k,3,39,Mumbai +50 other locations
2724,Indiafilings,4.0,Internet,404,1.1k,4,155,Chennai +11 other locations
2725,Piramal Swasthya,4.1,,403,986,11,21,
2726,ICFAI University,3.6,Education & Training,403,865,--,23,Hyderabad +59 other locations
2727,CMA CGM Global Business Services,4.0,Ports & Shipping,403,2k,--,32,Chennai +10 other locations
2728,HYT Engineering Company Pvt Ltd,3.2,Industrial Machinery,403,1.4k,30,37,Pune +27 other locations
2729,M Baazar,3.9,Retail,403,893,14,33,Kolkata +95 other locations
2730,Roop Automotives,4.2,Auto Components,403,1.3k,--,30,Gurugram +14 other locations
2731,Motherhood Hospital,3.7,Healthcare,403,1.7k,250,22,Bengaluru +25 other locations
2732,Gravita,4.4,Metals & Mining,403,1.1k,34,63,Jaipur +20 other locations
2733,BPTP,4.2,Real Estate,403,1.3k,26,28,New Delhi +6 other locations
2734,RCM,4.2,Retail,402,670,8,55,Bhilwara +45 other locations
2735,PowerSchool India,3.3,Software Product,402,2.9k,13,47,Bengaluru +8 other locations
2736,Indigo Paints,3.8,Chemicals,402,1.5k,--,30,Jodhpur +101 other locations
2737,Eversendai,3.6,Engineering & Construction,402,1.5k,--,32,Chennai +19 other locations
2738,Enphase Energy,2.6,Power,402,3k,41,56,Bengaluru +11 other locations
2739,NCSI Technologies Pvt Ltd,3.7,IT Services & Consulting,402,1.8k,7,64,Pune +5 other locations
2740,Raptakos Brett and Company,3.4,Pharma,402,1.5k,1,23,Mumbai +64 other locations
2741,Indigo Paints,3.8,Chemicals,402,1.5k,--,30,Jodhpur +101 other locations
2742,Indian Overseas Bank,3.3,Banking,401,992,--,17,Chennai +84 other locations
2743,Munjal Showa,3.2,Auto Components,401,1.2k,7,19,Gurugram +13 other locations
2744,Larsen & Toubro Group,4.1,Engineering & Construction,401,1k,--,96,Chennai +75 other locations
2745,Kanpur Fertilizers & Chemicals,3.6,Agro Chemicals,401,1.2k,--,35,Kanpur +34 other locations
2746,Penna Cement Industries,4.1,Building Material,401,1.6k,--,13,Hyderabad +47 other locations
2747,Stanley Black & Decker,3.7,Industrial Machinery,401,1.9k,27,28,Pune +28 other locations
2748,Pearson Education India,3.9,Education & Training,401,1.7k,64,9,Bengaluru +57 other locations
2749,Uplers,3.7,Internet,401,1.7k,9,45,Ahmedabad +13 other locations
2750,Bses Yamuna Power,3.7,Power,400,1.4k,--,25,New Delhi +6 other locations
2751,Greet Technologies,2.6,BPO,400,1.2k,5,40,Bengaluru +7 other locations
2752,Gtpl Hathway,4.0,Broadcasting,400,1.8k,8,28,Ahmedabad +51 other locations
2753,Merck,4.0,Pharma,400,2.6k,1,20,Bengaluru +53 other locations
2754,ABC Consultants,3.9,Recruitment,400,26.9k,1,241,Bengaluru +27 other locations
2755,American Axle & Manufacturing,4.3,Auto Components,400,1.5k,--,26,Pune +11 other locations
2756,Kailash Hospital,3.9,Healthcare,400,1k,47,22,Noida +27 other locations
2757,PGP Glass,4.0,Packaging,400,1.3k,7,35,Vadodara +15 other locations
2758,Copeland,3.9,Electronics Manufacturing,399,2.3k,28,25,Pune +25 other locations
2759,Azentio,3.2,Software Product,399,3.6k,--,47,Chennai +16 other locations
2760,Flyjac Logistics,4.1,Logistics,399,1.3k,1,8,Chennai +55 other locations
2761,MAYORA,3.9,FMCG,399,957,1,24,Hyderabad +85 other locations
2762,Etech Global Services,3.6,BPO,399,1.8k,26,44,Gandhinagar +11 other locations
2763,Sunstone,3.7,Education & Training,399,1.7k,49,26,Gurugram +25 other locations
2764,ClearTax,3.0,IT Services & Consulting,399,2.2k,36,50,Bengaluru +10 other locations
2765,Hanon Systems,4.0,Auto Components,398,1.6k,2,16,Chennai +21 other locations
2766,Bank of Maharashtra,3.2,Banking,398,1.4k,--,18,Pune +77 other locations
2767,Manhattan Associates,3.4,IT Services & Consulting,399,3.5k,3,43,Bengaluru +5 other locations
2768,Workcell Solutions,3.6,Pharma,398,1.3k,1,28,Mumbai +17 other locations
2769,Broadcom,3.2,Semiconductors,398,3.1k,20,45,Bengaluru +13 other locations
2770,Starbucks,4.1,Hospitality,398,1.2k,--,38,Mumbai +59 other locations
2771,GE Vernova T&D India,4.2,Power,398,1.6k,--,9,Chennai +38 other locations
2772,Gold Plus Glass,3.4,Other,398,1.5k,13,21,Roorkee +37 other locations
2773,MRF Vapocure Paints,4.0,Chemicals,398,1.2k,--,32,Chennai +103 other locations
2774,Welspun Flooring,3.8,Building Material,398,1.2k,--,22,Hyderabad +26 other locations
2775,VRB Consumer Products Private Limited,4.1,FMCG,398,1.3k,7,23,New Delhi +52 other locations
2776,Aeries Technology,3.2,IT Services & Consulting,397,2.5k,144,32,Bengaluru +7 other locations
2777,Connectwise India,3.4,IT Services & Consulting,397,2.9k,34,60,Pune +9 other locations
2778,Unilever Global,3.6,FMCG,397,676,--,31,Bengaluru +66 other locations
2779,Hike Education Private Limited,4.3,EdTech,397,687,4,136,Gurugram +6 other locations
2780,eNoah iSolution,3.8,IT Services & Consulting,397,2.3k,16,33,Chennai +9 other locations
2781,Karvy DigiKonnect,3.2,Financial Services,396,1.2k,--,8,Hyderabad +20 other locations
2782,Hindustan Foods,3.6,FMCG,396,1.8k,9,34,Hyderabad +37 other locations
2783,SKH Y-TEC,3.8,Auto Components,396,1.3k,--,32,Ahmedabad +22 other locations
2784,Christian Medical College,4.1,Education & Training,396,1.3k,10,13,Vellore +30 other locations
2785,Mintifi,3.5,Financial Services,396,960,--,23,Mumbai +98 other locations
2786,Balaji Wafers,4.4,FMCG,395,1.2k,4,32,Indore +67 other locations
2787,Cheil India,2.9,Marketing & Advertising,395,2k,7,19,Gurugram +21 other locations
2788,National Fertilizers,4.4,Agro Chemicals,394,1.1k,--,29,Bathinda +35 other locations
2789,Ess Kay Fincorp,4.2,NBFC,394,965,29,13,Jaipur +108 other locations
2790,Jubilant Biosys,3.6,Biotechnology,394,2k,33,42,Bengaluru +14 other locations
2791,Tirumala Milk Products,4.2,Food Processing,394,1.1k,6,33,Chennai +55 other locations
2792,Supertech,3.9,Real Estate,393,1.6k,--,18,Noida +20 other locations
2793,UCAL Fuel Systems,3.9,Auto Components,393,1.4k,2,12,Chennai +19 other locations
2794,Accel Frontline,4.3,IT Services & Consulting,393,765,--,7,Chennai +54 other locations
2795,Scientific Publishing Services,3.7,Analytics & KPO,393,1.3k,--,18,Chennai +7 other locations
2796,Nyati Group,4.1,Real Estate,393,1.4k,2,37,Pune +17 other locations
2797,The Phoenix Mills,3.8,Real Estate,393,1.8k,32,25,Mumbai +17 other locations
2798,Mindlance,3.7,Recruitment,393,1.6k,--,29,Noida +12 other locations
2799,Dixit Infotech Services,3.6,IT Services & Consulting,393,1.4k,17,27,Mumbai +42 other locations
2800,Icertis,3.2,Software Product,393,3.2k,31,57,Pune +12 other locations
2801,Sarvodaya Hospital,3.7,Healthcare,393,1.4k,46,20,Faridabad +20 other locations
2802,Mettler-Toledo,3.6,Electrical Equipment,393,2.1k,3,27,Mumbai +22 other locations
2803,AccorHotels,4.3,Hospitality,392,1.2k,--,22,New Delhi +42 other locations
2804,CEVA Logistics,3.8,Logistics,392,1.4k,--,13,Chennai +48 other locations
2805,Wonderla Holidays,4.5,Media & Entertainment,392,1.1k,61,40,Bengaluru +16 other locations
2806,Federal Mogul Goetze,4.0,Auto Components,392,1.4k,--,17,Bengaluru +32 other locations
2807,Mantra Properties,4.3,Real Estate,391,924,17,39,Pune +1 other locations
2808,SPRINKLR,2.9,Software Product,391,4k,53,115,Bengaluru +8 other locations
2809,Shree Baidyanath Ayurved Bhawan,3.9,Pharma,391,1.2k,6,34,Kolkata +44 other locations
2810,TVS Mobility,4.0,Automobile,391,1.5k,9,37,Chennai +71 other locations
2811,SML Isuzu,4.2,Automobile,391,1.4k,3,30,Chandigarh +51 other locations
2812,Burns & McDonnell,4.0,Engineering & Construction,391,2.3k,15,53,Mumbai +10 other locations
2813,Indian Metals & Ferro Alloys,3.7,Iron & Steel,391,1.5k,4,16,Bhubaneswar +24 other locations
2814,Adroit Synergies,3.2,BPO,391,1.2k,30,45,Noida +8 other locations
2815,Amri Hospital,4.0,Healthcare,391,1.2k,--,27,Kolkata +11 other locations
2816,Triumphant Institute of Management Education,3.7,Education & Training,390,1.3k,--,16,Hyderabad +72 other locations
2817,GMR Hyderabad International Airport,4.0,Aviation,390,1.3k,--,21,Hyderabad +15 other locations
2818,Kcc Buildcon,4.0,Engineering & Construction,390,1.4k,4,32,Gurugram +59 other locations
2819,Hajee A P Bava Construction,3.8,Engineering & Construction,390,976,--,14,Hyderabad +62 other locations
2820,Netlink Software,3.3,IT Services & Consulting,390,2.2k,13,23,Bhopal +30 other locations
2821,Bharat Aluminium Company (BALCO),4.0,Metals & Mining,390,1.6k,--,35,Korba +16 other locations
2822,Publicis,3.5,Marketing & Advertising,390,4.1k,--,57,Gurugram +16 other locations
2823,JBS Enterprises,3.2,Electronics Manufacturing,389,1k,5,27,Mumbai +69 other locations
2824,Merck Life Science,4.0,Pharma,389,2.8k,--,22,Bengaluru +14 other locations
2825,Kuehne + Nagel,3.6,Logistics,389,1.7k,--,25,Gurugram +33 other locations
2826,The Hans Foundation,4.2,Non-Profit,389,741,138,39,New Delhi +84 other locations
2827,ABM Knowledgeware,3.7,IT Services & Consulting,389,1.5k,8,33,Mumbai +41 other locations
2828,D.p. Jain & Co. Infrastructure Pvt .,3.2,Engineering & Construction,389,1.3k,--,31,Nagpur +42 other locations
2829,Adani Infra,3.8,Engineering & Construction,389,1.6k,--,40,Ahmedabad +51 other locations
2830,Transact Global,4.6,BPO,388,416,21,95,Bengaluru +2 other locations
2831,Bosch Rexroth India,3.9,Industrial Machinery,388,1.5k,--,20,Ahmedabad +19 other locations
2832,Park Hospital,3.6,Healthcare,388,1.3k,34,28,Gurugram +22 other locations
2833,Thyssenkrupp Industrial Solutions,4.1,Industrial Machinery,388,1.4k,--,23,Mumbai +28 other locations
2834,Air Liquide,3.7,Chemicals,388,1.7k,52,31,New Delhi +36 other locations
2835,Arjas Steel,3.8,Iron & Steel,387,1.3k,1,24,Anantapur +22 other locations
2836,Huron,3.6,Management Consulting,387,2.8k,125,38,Bengaluru +13 other locations
2837,XL Health,4.2,Healthcare,387,1.5k,--,23,Bengaluru +6 other locations
2838,Nuziveedu Seeds,3.8,Agriculture,387,1.2k,3,33,Hyderabad +66 other locations
2839,Evoke Technologies,3.7,IT Services & Consulting,387,2.9k,24,29,Hyderabad +4 other locations
2840,Auro Realty Private Limited,4.3,Real Estate,387,1.5k,14,27,Hyderabad +26 other locations
2841,CANTABIL RETAIL INDIA,4.0,Fashion & Textile,387,1.1k,6,28,New Delhi +105 other locations
2842,Repco Home Finance,3.5,NBFC,386,1k,2,19,Chennai +91 other locations
2843,Parksons Packaging,4.1,Packaging,386,1.4k,1,17,Mumbai +26 other locations
2844,GSP Crop Science,4.0,Agro Chemicals,386,1.4k,16,31,Vadodara +45 other locations
2845,Vidal Health Tpa,3.4,Insurance,386,1.2k,8,29,Bengaluru +40 other locations
2846,Moolchand Hospital,4.1,Healthcare,386,752,18,21,New Delhi +10 other locations
2847,VIT University,4.0,Education & Training,386,1.5k,83,33,Vellore +15 other locations
2848,S. M. Auto Engineering,3.4,Auto Components,386,1.5k,1,26,Pune +7 other locations
2849,Learning Routes,4.5,EdTech,386,416,6,110,Gurugram +15 other locations
2850,Jeeves Consumer Services,3.5,Consumer Electronics & Appliances,386,874,7,34,Bengaluru +61 other locations
2851,Hexagon Capability Center,4.1,IT Services & Consulting,386,2.8k,6,42,Hyderabad +8 other locations
2852,Healthcare At Home,3.7,Healthcare,386,1.3k,14,30,Mumbai +34 other locations
2853,BCH Electric,4.0,Electrical Equipment,385,1.4k,20,22,Faridabad +38 other locations
2854,Kennametal,3.5,Industrial Machinery,385,1.9k,1,31,Bengaluru +13 other locations
2855,Examity,3.3,EdTech,385,1.8k,2,36,Hyderabad +6 other locations
2856,Konecranes,3.8,Industrial Machinery,385,1.8k,1,23,Pune +13 other locations
2857,Jamna Auto Industries,3.8,Auto Components,385,1.6k,2,20,Gwalior +40 other locations
2858,Wellness Forever Lifestyle Chemist,3.9,Retail,384,1.1k,--,28,Mumbai +45 other locations
2859,Thermax Babcock Wilcox Energy Solutions,4.1,Industrial Machinery,384,1.8k,--,25,Pune +40 other locations
2860,SRM University,3.6,Education & Training,384,1.5k,3,31,Chennai +27 other locations
2861,Agilent Technologies,4.0,Pharma,384,2k,80,23,Gurugram +20 other locations
2862,Duroshox,4.1,Auto Components,384,1k,4,19,Pune +3 other locations
2863,Karamtara Engineering Limited,3.6,Engineering & Construction,384,1.5k,14,42,Mumbai +16 other locations
2864,Fosroc India,4.3,Chemicals,384,1.4k,2,26,Bengaluru +46 other locations
2865,Sleek International,3.5,Furniture & Furnishing,384,1.2k,--,31,Mumbai +83 other locations
2866,CapeStart,4.5,IT Services & Consulting,384,627,27,80,Nagercoil +4 other locations
2867,Kaddacon Systems,4.6,IT Services & Consulting,383,--,--,18,Pune +8 other locations
2868,Sangeetha Mobile,3.5,Retail,383,1.5k,2,20,Bengaluru +83 other locations
2869,Glaze Trading India,4.3,Retail,383,896,--,17,New Delhi +88 other locations
2870,AgreeYa Solutions,3.2,IT Services & Consulting,383,2.4k,14,26,Noida +10 other locations
2871,Nissan,3.5,Automobile,383,1.8k,6,29,Chennai +73 other locations
2872,LeadSquared,2.7,Software Product,383,3.1k,25,69,Bengaluru +14 other locations
2873,Sumitomo Chemical,4.0,Chemicals,383,1.5k,45,20,Bhavnagar +83 other locations
2874,Dorf Ketal Chemicals,4.0,Oil & Gas,383,1.9k,8,23,Mumbai +39 other locations
2875,Dynacons Systems & Solutions,3.7,IT Services & Consulting,383,1.3k,39,26,Mumbai +73 other locations
2876,VTP Realty,3.6,Real Estate,383,1.9k,23,43,Pune +3 other locations
2877,Muthoot Housing Finance Company,4.2,NBFC,382,1.2k,10,30,Mumbai +113 other locations
2878,Vectus Industries,4.1,Petrochemicals,382,1.3k,3,19,Noida +62 other locations
2879,Diverse Lynx,3.5,IT Services & Consulting,382,2k,3.6k,23,Noida +19 other locations
2880,Cooper Corporation,3.9,Auto Components,382,1.4k,18,52,Satara +14 other locations
2881,Grand Hyatt,4.2,Hospitality,382,925,--,13,Mumbai +29 other locations
2882,Grey Orange,3.1,Software Product,382,2.2k,10,47,Gurugram +10 other locations
2883,Ryan,3.9,Accounting & Auditing,382,1.8k,16,32,Hyderabad +5 other locations
2884,Euler Motors,3.7,Automobile,382,1.6k,21,42,New Delhi +30 other locations
2885,Srei Equipment Finance,4.2,Financial Services,381,1k,--,11,Kolkata +79 other locations
2886,Europa Locks,3.6,Building Material,381,1.7k,33,25,Pune +43 other locations
2887,Xdbs,2.7,Marketing & Advertising,381,1.6k,--,38,Pune +4 other locations
2888,Coronis Health,3.4,Analytics & KPO,381,1.2k,4,28,Sahibzada Ajit Singh Nagar +10 other locations
2889,Elentec Power India (EPI) Pvt. Ltd.,3.9,IT Services & Consulting,381,1.4k,25,38,Noida +19 other locations
2890,TrueBlue,3.5,Recruitment,381,2.3k,1,29,Gurugram +7 other locations
2891,Call 2 Connect,2.5,BPO,381,1k,3,19,Mumbai +19 other locations
2892,Bharat Rasayan,4.0,Agro Chemicals,381,1.6k,1,34,Bharuch +19 other locations
2893,Indraprastha Gas,3.9,Oil & Gas,381,1.7k,--,21,New Delhi +28 other locations
2894,World Vision,4.3,Non-Profit,381,718,--,21,Chennai +99 other locations
2895,Intelliswift - An LTTS Company,3.3,IT Services & Consulting,381,2.4k,3,32,Bengaluru +8 other locations
2896,Rosmerta Technologies,3.4,Automobile,380,1.7k,--,32,Gurugram +55 other locations
2897,Dimension Data,4.5,IT Services & Consulting,380,1.2k,--,8,Bengaluru +54 other locations
2898,Hurix Digital,3.3,IT Services & Consulting,380,1.9k,8,37,Chennai +6 other locations
2899,Everest Spices,3.8,FMCG,380,1.1k,2,17,Mumbai +76 other locations
2900,Jade Global,3.4,IT Services & Consulting,380,3.1k,218,46,Pune +8 other locations
2901,Alfa Laval,3.9,Industrial Machinery,380,1.9k,36,35,Pune +18 other locations
2902,US Tech Solutions,3.6,Recruitment,380,2.1k,--,22,Noida +13 other locations
2903,AQuity Solutions India,3.7,IT Services & Consulting,380,2k,--,41,Hyderabad +21 other locations
2904,Everest Spices,3.8,FMCG,380,1.1k,2,17,Mumbai +76 other locations
2905,Kirloskar Toyota Textile Machinery,4.5,Industrial Machinery,379,802,--,21,Bengaluru +11 other locations
2906,Watertec India,3.8,Building Material,379,1.3k,3,15,Coimbatore +75 other locations
2907,Teamspace Financial Services,3.9,Recruitment,379,1.1k,--,22,Mumbai +122 other locations
2908,Expedia Group,3.6,Internet,379,3.5k,64,87,Gurugram +14 other locations
2909,SMS India Private Limited,4.1,Engineering & Construction,379,1.9k,--,31,Gurugram +22 other locations
2910,Acme Generics LLP,3.5,Pharma,379,1.2k,--,16,Baddi +24 other locations
2911,S2 Infotech,3.5,Recruitment,378,1.6k,--,13,Mumbai +70 other locations
2912,Kores,3.6,FMCG,378,1.7k,13,20,Mumbai +40 other locations
2913,Neuberg Diagnostics,3.4,Healthcare,378,1.6k,17,17,Chennai +53 other locations
2914,Intercontinental Consultants & Technocrats,4.1,Engineering & Construction,378,1.1k,7,30,New Delhi +60 other locations
2915,Shakti Pumps,3.7,Industrial Machinery,378,1.4k,72,40,Indore +44 other locations
2916,Alfanar,4.0,Electronics Manufacturing,378,931,13,24,Chennai +33 other locations
2917,PropTiger.com,3.8,Internet,378,1.3k,--,24,Bengaluru +14 other locations
2918,Helloverify,2.8,Law Enforcement & Security,377,1.5k,--,35,Noida +9 other locations
2919,AIMLAY,4.7,EdTech,377,406,11,16,New Delhi +3 other locations
2920,Mobileum,3.2,Software Product,377,2.4k,--,42,Bengaluru +10 other locations
2921,Marelli Motherson Automotive Lighting,3.6,Auto Components,377,1.4k,--,27,Pune +15 other locations
2922,Berkadia,3.8,Real Estate,377,2.2k,3,32,Hyderabad +6 other locations
2923,Polybond India,3.8,Auto Components,377,1.4k,17,16,Pune +14 other locations
2924,Elecon Engineering,4.2,Electrical Equipment,377,1.4k,16,21,Anand +23 other locations
2925,Eisai Pharmaceuticals,4.0,Healthcare,377,1.3k,--,24,Visakhapatnam +26 other locations
2926,Sandvik Mining and Rock Technology,4.1,Industrial Machinery,377,1.6k,--,31,Udaipur +31 other locations
2927,Foundit,3.3,,377,2k,--,35,
2928,Medline Industries India Private Limited,3.8,Medical Equipment,377,2.6k,3,48,Pune +8 other locations
2929,Nobel Hygiene,3.7,Healthcare,377,1.3k,18,23,Mumbai +86 other locations
2930,Gps Renewables,4.1,Oil & Gas,376,825,5,88,Bengaluru +40 other locations
2931,OodlesTechnologies,3.3,IT Services & Consulting,377,1.5k,8,79,Gurugram +11 other locations
2932,Smartworks,3.3,Real Estate,376,2.2k,55,45,Bengaluru +18 other locations
2933,Labournet Services,4.0,Non-Profit,376,891,--,23,Bengaluru +59 other locations
2934,Sedemac Mechatronics,4.0,Emerging Technologies,376,1.5k,2,35,Pune +7 other locations
2935,G. D. Foods MFG (TOPS),3.8,Food Processing,376,965,13,24,New Delhi +51 other locations
2936,Milkbasket,3.9,Internet,376,1.6k,--,27,Gurugram +23 other locations
2937,KaaShiv InfoTech Company,4.8,EdTech,375,223,--,37,Chennai +5 other locations
2938,IPE Global,3.9,Management Consulting,375,1.1k,45,27,New Delhi +95 other locations
2939,JUSTO Realfintech,4.5,Real Estate,375,646,51,124,Pune +11 other locations
2940,Methodex,3.7,Law Enforcement & Security,375,1.3k,11,15,New Delhi +47 other locations
2941,Paragon Footwear,4.0,Fashion & Textile,375,1.3k,4,17,Bengaluru +62 other locations
2942,Slice,3.2,Banking,374,2.2k,9,53,Bengaluru +39 other locations
2943,Arcesium,3.3,IT Services & Consulting,375,3.7k,25,90,Hyderabad +8 other locations
2944,Imarque Solutions,3.0,BPO,375,1.4k,46,17,Chennai +16 other locations
2945,Rail Vikas Nigam,3.5,FMCG,375,1k,--,14,New Delhi +77 other locations
2946,MCM Telecom Equipment,3.8,Electronics Manufacturing,374,878,--,17,Noida +6 other locations
2947,MSCI,3.7,Financial Services,374,3.5k,61,57,Mumbai +11 other locations
2948,ANTOLIN,3.7,Auto Components,374,1.7k,9,28,Pune +19 other locations
2949,Krishna Group,4.0,Auto Components,374,1.5k,6,31,Gurugram +33 other locations
2950,Epsilon Carbon,3.8,Chemicals,374,1.8k,1,38,Ballari +19 other locations
2951,Karvy Innotech,2.9,IT Services & Consulting,373,1.8k,13,31,New Delhi +43 other locations
2952,Agarwal Packers and Movers Limited,3.4,Logistics,373,1.6k,18,18,New Delhi +46 other locations
2953,NTT Global Data Centers and Cloud Infrastructure,4.0,IT Services & Consulting,373,2k,--,27,Mumbai +17 other locations
2954,Synokem Pharmaceuticals,3.9,Pharma,373,1.5k,4,16,Haridwar +18 other locations
2955,Andromeda Sales ans Distribution PVT LTD,3.2,Internet,372,1.5k,3,20,Mumbai +69 other locations
2956,Ambuja Neotia,3.9,Real Estate,372,1.3k,1,16,Kolkata +15 other locations
2957,Richa Global Export,4.0,Fashion & Textile,372,1.4k,--,18,Gurugram +11 other locations
2958,Sharda University,3.7,Education & Training,372,1.6k,2,24,Greater Noida +13 other locations
2959,Técnicas Reunidas,3.9,Engineering & Construction,372,1.5k,--,35,Bengaluru +21 other locations
2960,Heavy Engineering Industries & Shipbuilding,3.9,Engineering & Construction,371,646,--,15,Kuwait City +27 other locations
2961,Técnicas Reunidas,3.9,Engineering & Construction,372,1.5k,--,35,Bengaluru +21 other locations
2962,Moser Baer,3.9,Consumer Electronics & Appliances,371,681,--,9,Noida +12 other locations
2963,Hathi Cement,4.0,Building Material,371,1.2k,8,24,Porbandar +41 other locations
2964,Hilex,3.8,Automobile,371,1.2k,9,18,Chennai +17 other locations
2965,Veeda Clinical Research,3.4,Clinical Research,371,1.5k,18,13,Ahmedabad +7 other locations
2966,Siemens Healthcare,4.0,Healthcare,371,2.3k,--,11,Bengaluru +26 other locations
2967,Rubicon Research,3.5,Pharma,371,1.9k,20,28,Mumbai +13 other locations
2968,Servion Global Solutions,3.1,IT Services & Consulting,371,2.5k,12,36,Chennai +14 other locations
2969,SRMB SRIJAN,3.5,Iron & Steel,371,1.2k,53,35,Kolkata +48 other locations
2970,Bliss Gvs Pharma,4.0,Pharma,371,1.6k,7,30,Mumbai +14 other locations
2971,Satyam Venture Engineering Services,3.3,Auto Components,370,2.3k,64,25,Hyderabad +12 other locations
2972,Enterprise Growth Accelerator,3.5,Analytics & KPO,370,627,--,11,Faridabad +9 other locations
2973,Navi Technologies,3.0,FinTech,370,2.3k,18,68,Bengaluru +18 other locations
2974,SYSTRA,4.0,Engineering & Construction,370,1.4k,--,29,New Delhi +39 other locations
2975,Descon Engineering,4.0,Engineering & Construction,369,664,--,22,Mumbai +28 other locations
2976,Royal Orchid Hotels,4.0,Hospitality,369,946,5,14,Bengaluru +51 other locations
2977,Johnson Controls Hitachi Air Conditioning,3.7,Consumer Electronics & Appliances,369,1.6k,--,23,Ahmedabad +37 other locations
2978,Toshiba JSW Power Systems,4.2,Industrial Machinery,369,1.6k,10,22,Chennai +14 other locations
2979,Mahendra’s Institute,3.1,Education & Training,369,690,6,10,Lucknow +93 other locations
2980,Aquasub Engineering,3.8,Industrial Machinery,368,1.3k,1,9,Coimbatore +17 other locations
2981,Sunflag Iron and Steel,3.7,Iron & Steel,368,1.2k,9,31,Bhandara +16 other locations
2982,Cashpor Micro Credit,3.6,NBFC,368,834,--,26,Varanasi +62 other locations
2983,TCG Lifesciences,4.1,Pharma,368,1.2k,--,14,Kolkata +8 other locations
2984,Zara,3.5,Fashion & Textile,368,843,--,42,New Delhi +22 other locations
2985,RedBus,4.1,Internet,368,2k,11,42,Bengaluru +21 other locations
2986,Maxxis Rubber,3.5,Auto Components,368,1.8k,--,32,Ahmedabad +18 other locations
2987,Teachnook,2.8,EdTech,368,416,--,91,Bengaluru +19 other locations
2988,SiliconIndia,2.7,Printing & Publishing,367,1.7k,2,28,Bengaluru +9 other locations
2989,Pharmarack Technologies,3.5,Pharma,367,1.7k,1,34,Pune +70 other locations
2990,Sri Aurobindo Society,4.1,Non-Profit,367,742,--,53,New Delhi +23 other locations
2991,Bss Microfinance,3.8,Financial Services,367,824,2,16,Bengaluru +133 other locations
2992,GE Aerospace,4.1,Defence & Aerospace,367,1.7k,--,24,Pune +11 other locations
2993,Priya Cement,4.1,Building Material,367,1.1k,--,17,Kurnool +54 other locations
2994,EXEDY,3.8,Auto Components,367,1.5k,3,24,Bengaluru +19 other locations
2995,Yellow Diamond,4.0,FMCG,367,1k,6,23,Indore +88 other locations
2996,Wildcraft,3.7,Fashion & Textile,366,1.5k,--,13,Bengaluru +49 other locations
2997,Lauritz Knudsen Electrical & Automation,4.1,Electronics Manufacturing,366,1.5k,--,23,Mumbai +71 other locations
2998,Concord Biotech,3.7,Pharma,366,1.9k,12,22,Ahmedabad +23 other locations
2999,Tega Industries,3.7,Industrial Machinery,366,1.5k,1,27,Kolkata +20 other locations
3000,Tata Toyo Radiator,3.7,Auto Components,366,1.5k,--,19,Pune +11 other locations
3001,Centre For Sight,3.9,Healthcare,366,1.3k,27,18,New Delhi +36 other locations
3002,Data-Core Systems,2.9,IT Services & Consulting,366,1.2k,8,22,Kolkata +6 other locations
3003,Trident Hotels,4.0,Hospitality,366,981,--,18,Mumbai +18 other locations
3004,Capital Small Finance Bank,3.7,Banking,366,1.3k,2,11,Jalandhar +69 other locations
3005,T&M Services consulting,3.7,Recruitment,366,1.1k,--,23,Mumbai +95 other locations
3006,Civica India,3.1,IT Services & Consulting,366,2.1k,15,37,Vadodara +12 other locations
3007,Associated Road Carriers,4.1,Logistics,366,1.2k,7,25,Hyderabad +71 other locations
3008,Apcer Life Sciences,3.4,Pharma,366,1.3k,--,23,Ahmedabad +9 other locations
3009,RSM US in India,3.4,Management Consulting,366,3.4k,436,48,Bengaluru +15 other locations
3010,Bellsonica Auto Component,3.9,Auto Components,365,1.3k,1,24,Gurugram +14 other locations
3011,Hyundai Engineering and Construction,4.3,Engineering & Construction,365,536,--,25,Chennai +31 other locations
3012,Rahee Group,3.9,Railways,365,1.1k,16,37,Kolkata +48 other locations
3013,Tata Digital,2.3,IT Services & Consulting,365,2k,11,49,Mumbai +10 other locations
3014,Berar Finance,3.5,NBFC,365,958,--,22,Nagpur +97 other locations
3015,Evolent Health International,3.9,Software Product,365,1.7k,6,29,Pune +4 other locations
3016,Hollister Medical,4.0,Medical Equipment,364,1.2k,14,26,Rewari +11 other locations
3017,ITSource Technologies,2.8,IT Services & Consulting,364,1.8k,--,31,Mumbai +28 other locations
3018,Caparo Maruti,4.2,Auto Components,364,1.2k,--,13,Gurugram +20 other locations
3019,Awign Enterprises,3.6,Internet,364,1.1k,37,46,Bengaluru +51 other locations
3020,Indifi Technologies,3.6,FinTech,364,1.8k,24,41,Gurugram +14 other locations
3021,K L University,3.8,Education & Training,364,1.1k,7,47,Vijayawada +19 other locations
3022,Ultra Corpotech,4.0,Industrial Machinery,364,1.8k,5,24,Pune +5 other locations
3023,Rainbow Hospital,3.7,Healthcare,364,1.6k,--,20,Hyderabad +20 other locations
3024,Eclat Health Solutions,3.8,Analytics & KPO,365,1.2k,34,64,Hyderabad +11 other locations
3025,Planetcast,3.7,Media & Entertainment,364,1.5k,--,31,Noida +14 other locations
3026,Offshoot Agency,3.4,IT Services & Consulting,363,1.2k,--,27,New Delhi +22 other locations
3027,Pranav Vikas India Private Limited,3.7,Automobile,363,1.2k,2,33,Faridabad +16 other locations
3028,Capri Global Housing Finance,3.5,NBFC,363,1.1k,--,24,Mumbai +97 other locations
3029,HBL Global,4.3,NBFC,363,370,--,9,New Delhi +76 other locations
3030,Jawahar Navodaya Vidyalaya,4.5,Education & Training,363,508,--,19,New Delhi +151 other locations
3031,Watchyourhealth.com,4.6,Emerging Technologies,363,361,--,55,Thane +3 other locations
3032,Captain Steel India Limited,3.8,Iron & Steel,363,883,14,22,Kolkata +76 other locations
3033,RNFI Services,3.2,FinTech,363,1.1k,--,20,New Delhi +101 other locations
3034,Vedant Fashions,4.2,Fashion & Textile,362,1.2k,9,22,Kolkata +50 other locations
3035,SATTVA,4.3,Real Estate,362,1.6k,--,30,Bengaluru +15 other locations
3036,Sj Contracts,4.2,Engineering & Construction,362,1.2k,2,25,Pune +9 other locations
3037,People Group,3.4,Internet,362,1.5k,48,14,Mumbai +30 other locations
3038,Department of Agriculture,4.3,Agriculture,362,1.2k,--,47,Bengaluru +142 other locations
3039,Brick&Bolt,3.4,Engineering & Construction,362,1.3k,32,38,Bengaluru +9 other locations
3040,Hays Business Solutions,3.3,Recruitment,362,1.9k,6,22,Noida +12 other locations
3041,Treebo Hotels,3.2,Internet,362,1.4k,115,28,Bengaluru +39 other locations
3042,Kokuyo Camlin,3.8,FMCG,362,1.1k,6,25,Mumbai +65 other locations
3043,Toshiba Transmission & Distribution Systems,4.0,Electrical Equipment,362,1.7k,22,25,Hyderabad +23 other locations
3044,Actalent Services,3.7,Engineering & Construction,362,1.7k,--,24,Bengaluru +9 other locations
3045,Endava,3.5,IT Services & Consulting,362,2.4k,1,26,Bengaluru +13 other locations
3046,Birla Cement,4.1,Building Material,361,1.1k,--,29,Satna +74 other locations
3047,Suzuki,3.8,Automobile,361,1.2k,--,38,Ahmedabad +60 other locations
3048,Time Technoplast,3.8,Petrochemicals,361,1.8k,8,15,Mumbai +34 other locations
3049,Apmosys Technologies,3.1,IT Services & Consulting,361,2.8k,14,54,Mumbai +9 other locations
3050,HL Mando,4.0,Auto Components,361,1.3k,--,22,Chennai +22 other locations
3051,Dorset Industries,4.3,Building Material,361,906,9,77,Gurugram +48 other locations
3052,QUADRANT TECHNOLOGIES INDIA PRIVATE LIMITED,3.8,Recruitment,361,2.1k,26,59,Hyderabad +12 other locations
3053,Subway,4.2,Hospitality,361,840,--,26,New Delhi +66 other locations
3054,Amoli Organics,3.7,Pharma,361,1.9k,--,16,Vadodara +14 other locations
3055,VXI Global Solutions,3.3,BPO,361,947,2,28,Hyderabad +5 other locations
3056,Wagh Bakri Tea Group,4.3,Beverage,360,1.2k,2,29,Ahmedabad +57 other locations
3057,Ben Franklin Opticians,3.9,Retail,360,804,--,25,Hyderabad +110 other locations
3058,Tribhovandas Bhimji Zaveri,4.1,Metals & Mining,360,1.1k,7,8,Mumbai +34 other locations
3059,Cedcoss Technologies,3.0,IT Services & Consulting,360,1.9k,16,52,Lucknow +3 other locations
3060,GGS Information Services,3.8,IT Services & Consulting,360,2k,2,29,Chennai +10 other locations
3061,Utkarsh India,3.7,Iron & Steel,360,1.2k,--,52,Kolkata +20 other locations
3062,NR Consulting,4.6,Recruitment,360,299,53,76,Noida +16 other locations
3063,Zoomcar,3.7,Internet,360,1.6k,--,24,Bengaluru +29 other locations
3064,Health India Tpa Services,3.3,Insurance,360,1.4k,11,26,Mumbai +33 other locations
3065,Hitachi Vantara,3.5,IT Services & Consulting,360,5.3k,19,7,Hyderabad +14 other locations
3066,Syncfusion,3.4,Software Product,359,2.1k,--,55,Chennai +5 other locations
3067,NCCCL,3.5,Engineering & Construction,359,1.1k,2,18,Bengaluru +24 other locations
3068,Pegasystems,3.6,Software Product,359,3.2k,24,32,Hyderabad +5 other locations
3069,Lido Learning,2.1,EdTech,359,1.5k,--,55,Mumbai +18 other locations
3070,Mobiloitte Technologies,3.0,IT Services & Consulting,359,1k,3,36,New Delhi +9 other locations
3071,Lumino Industries,3.7,Electrical Equipment,359,1k,1,24,Kolkata +50 other locations
3072,N Ranga Rao And Sons,3.9,FMCG,359,963,1,14,Mysuru +77 other locations
3073,Computacenter,3.9,IT Services & Consulting,359,2.6k,14,45,Bengaluru +9 other locations
3074,Phenom,3.6,Software Product,359,2.2k,12,64,Hyderabad +5 other locations
3075,Avineon India,4.0,IT Services & Consulting,359,1.4k,4,31,Hyderabad +9 other locations
3076,Audi,3.7,Automobile,359,1.2k,--,16,New Delhi +55 other locations
3077,Uneecops Technologies,3.7,IT Services & Consulting,358,2.1k,1,20,Noida +25 other locations
3078,Lalitha Jewellery,4.0,Jewellery,358,1k,3,22,Chennai +44 other locations
3079,Hitachi Hi-Rel Power Electronics,3.8,Electronics Manufacturing,358,1.6k,14,24,Ahmedabad +31 other locations
3080,Adani Electricity,3.4,Power,359,1.7k,--,24,Mumbai +39 other locations
3081,SEIL Energy India,4.0,Power,359,1.4k,--,19,Nellore +34 other locations
3082,Mitra SK,3.9,Other,358,1k,6,15,Kolkata +48 other locations
3083,Ryan International School,3.2,Education & Training,358,965,--,19,Mumbai +45 other locations
3084,Ample Technologies,3.7,IT Services & Consulting,358,1.5k,34,25,Bengaluru +29 other locations
3085,Qentelli,3.6,IT Services & Consulting,358,1.8k,81,27,Hyderabad +4 other locations
3086,Gujarat Alkalies & Chemicals,4.6,Chemicals,358,1.5k,10,28,Bharuch +15 other locations
3087,Emami Paper Mills,4.1,Pulp & Paper,357,818,3,54,Balasore +8 other locations
3088,VST Industries,3.7,FMCG,357,900,--,18,Hyderabad +89 other locations
3089,Udaan India - The Original Visa Company,4.3,,357,1.5k,--,23,
3090,Vini Cosmetics,3.9,Beauty & Personal Care,357,840,--,16,Mumbai +97 other locations
3091,Ssipl Lifestyle,4.1,Retail,357,952,7,6,New Delhi +49 other locations
3092,Wipro GE Health Care,4.0,IT Services & Consulting,357,1.6k,--,17,Bengaluru +34 other locations
3093,TRL Krosaki Refractories,3.8,Metals & Mining,357,1.6k,23,36,Jharsuguda +22 other locations
3094,TMF Group,3.7,Financial Services,357,1.8k,114,28,Pune +11 other locations
3095,RWS Group,3.5,IT Services & Consulting,357,2.2k,18,30,Indore +22 other locations
3096,OneSource Specialty Pharma Limited,3.8,Pharma,357,1.7k,--,43,Bengaluru +7 other locations
3097,Harjai Computers,3.2,Recruitment,356,1.7k,--,36,Mumbai +14 other locations
3098,Adarsh Credit Co-Operative Society,4.4,Investment Banking / Venture Capital / Private Equity,356,530,--,5,Ahmedabad +138 other locations
3099,New Opportunity Consultancy,4.1,Recruitment,356,963,81,10,Coimbatore +140 other locations
3100,Holcim,3.5,Building Material,356,1.9k,25,24,Mumbai +36 other locations
3101,Lloyds Metals And Energy,3.8,Metals & Mining,356,1.3k,--,38,Chandrapur +14 other locations
3102,Schaeffer & Sam,3.3,Accounting & Auditing,355,763,--,13,Mumbai +24 other locations
3103,Carraro,4.0,Industrial Machinery,355,1.4k,--,15,Pune +5 other locations
3104,DotPe,3.1,IT Services & Consulting,355,1.6k,1,43,Gurugram +23 other locations
3105,The Park Hotels,3.9,Hospitality,355,1.2k,--,10,Kolkata +25 other locations
3106,Technocon Services,3.3,Engineering & Construction,355,882,2,48,Kolkata +39 other locations
3107,INOX Air Products,4.0,Oil & Gas,354,1.7k,--,24,Pune +58 other locations
3108,People Prime Worldwide,4.1,Recruitment,354,1.5k,6,53,Hyderabad +8 other locations
3109,Aarti Drugs,3.5,Pharma,354,1.5k,4,24,Mumbai +12 other locations
3110,B S R & Co Llp,3.1,Accounting & Auditing,354,3.7k,93,25,Mumbai +22 other locations
3111,Duroflex,3.9,Furniture & Furnishing,354,1.6k,4,27,Bengaluru +49 other locations
3112,Protiviti India Member,2.8,Management Consulting,354,1.6k,142,36,Mumbai +28 other locations
3113,Campus Activewear,4.0,Fashion & Textile,354,1.5k,3,20,New Delhi +48 other locations
3114,Choice Consultancy Services,3.7,Management Consulting,353,1.1k,--,16,Mumbai +68 other locations
3115,Transguard Group,3.8,Law Enforcement & Security,353,481,--,20,Dubai +25 other locations
3116,Debtcare Enterprises,4.3,Investment Banking / Venture Capital / Private Equity,353,311,1,13,Hyderabad +17 other locations
3117,Vatika Group,4.2,Hospitality,353,1.3k,--,17,Gurugram +18 other locations
3118,Jumio,3.8,Emerging Technologies,353,994,5,17,Jaipur +12 other locations
3119,Vaibhav Global,3.1,Jewellery,353,1.5k,19,26,Jaipur +11 other locations
3120,R.K.M Powergen,3.9,Power,353,1.1k,--,24,Raigarh +17 other locations
3121,Lam Research,3.8,Semiconductors,353,2.7k,130,58,Bengaluru +3 other locations
3122,Godrej Infotech,3.7,IT Services & Consulting,353,2k,8,33,Mumbai +18 other locations
3123,Ventura Securities,4.0,Financial Services,353,1.3k,13,33,Mumbai +42 other locations
3124,McNROE,3.9,FMCG,353,1.1k,5,23,Kolkata +65 other locations
3125,Seth M R Jaipuria School,3.6,Education & Training,353,890,6,29,Lucknow +50 other locations
3126,DEN Networks,3.8,Broadcasting,352,1.5k,6,14,New Delhi +48 other locations
3127,MAHLE Behr India,3.6,Auto Components,352,867,19,13,Pune +11 other locations
3128,METRO Global Solutions Center,3.5,IT Services & Consulting,352,1.4k,--,17,Pune +9 other locations
3129,Al Tasnim Enterprises,3.5,Engineering & Construction,352,1.3k,--,17,Muscat +18 other locations
3130,Eaton India Innovation Center,3.7,Engineering & Construction,352,2.3k,--,39,Pune +2 other locations
3131,Medall Healthcare,3.6,Healthcare,352,1.1k,1,6,Chennai +52 other locations
3132,Borosil Glass Works,3.7,Packaging,351,1.7k,4,14,Jaipur +37 other locations
3133,Windlas Biotech,3.9,Pharma,351,1.4k,12,27,Dehradun +14 other locations
3134,e-Zest,3.9,IT Services & Consulting,351,3.4k,26,30,Pune +6 other locations
3135,Gupta Power Infrastructure,3.0,Power,351,1.3k,--,14,Bhubaneswar +42 other locations
3136,MSP Steel & Power,3.8,Iron & Steel,351,1.1k,4,36,Raigarh +19 other locations
3137,Deenanath Mangeshkar Hospital,3.9,Healthcare,351,980,28,17,Pune +11 other locations
3138,Swiss Re,3.7,Insurance,351,2.8k,294,49,Bengaluru +6 other locations
3139,Motherson Technology Services,3.3,IT Services & Consulting,351,2.1k,1,36,Noida +12 other locations
3140,GTPL-KCBPL,4.0,Telecom,351,464,--,44,Kolkata +36 other locations
3141,Autocomp Corporation Panse,3.4,Auto Components,351,1.5k,13,23,Pune +12 other locations
3142,Mitsubishi Electric Automotive India,4.4,Automobile,350,932,--,29,Gurugram +16 other locations
3143,Yalamanchili Software Exports,3.1,Software Product,350,1.3k,3,18,Chennai +12 other locations
3144,Zydex Industries,3.9,Chemicals,350,1.1k,16,22,Vadodara +72 other locations
3145,Yamaha Motor India Sales,4.1,Automobile,350,973,1,17,Chennai +58 other locations
3146,Vijay Nirman Company,3.6,Engineering & Construction,350,880,--,8,Hyderabad +33 other locations
3147,JSW One Platforms,2.9,Internet,350,1.5k,8,47,Mumbai +39 other locations
3148,Adient,4.0,Auto Components,350,1.9k,2,21,Pune +13 other locations
3149,Woodenstreet.com,3.4,Furniture & Furnishing,350,1.5k,13,28,Udaipur +28 other locations
3150,Netcore Cloud Private Limited,4.2,Marketing & Advertising,350,1.7k,38,32,Mumbai +12 other locations
3151,Ven Consulting,3.2,Recruitment,350,885,--,43,Bengaluru +61 other locations
3152,Hygienic Research Institute,3.8,Beauty & Personal Care,350,1.1k,8,18,Mumbai +60 other locations
3153,Worldline,3.6,FinTech,350,2.3k,7,42,Mumbai +15 other locations
3154,Orchid Pharma,3.7,Pharma,349,1.1k,--,46,Chennai +16 other locations
3155,TCI Supply Chain Solutions,4.0,Logistics,349,856,--,21,Gurugram +57 other locations
3156,Akumentis Healthcare,3.4,Healthcare,349,852,--,18,Mumbai +52 other locations
3157,Prem Motors,3.7,Automobile,349,1.1k,1,15,Gwalior +21 other locations
3158,Cotmac Electronics,3.7,Industrial Automation,349,1.5k,21,25,Pune +24 other locations
3159,Control Print,4.1,Industrial Machinery,349,1.2k,13,84,Mumbai +44 other locations
3160,Hical Technologies,3.6,Auto Components,349,1.6k,9,24,Bengaluru +5 other locations
3161,EPIQ Systems,3.4,Legal,349,2k,12,18,Hyderabad +9 other locations
3162,Shaadi.com,3.4,Internet,349,1.3k,19,33,Mumbai +26 other locations
3163,Rashtriya Chemicals and Fertilizers,4.4,Agro Chemicals,348,853,--,18,Mumbai +32 other locations
3164,ACB (India),3.8,Oil & Gas,348,1.5k,1,19,Korba +29 other locations
3165,Stefanini,2.7,IT Services & Consulting,348,2k,4,38,Noida +12 other locations
3166,Sequel Logistics,4.0,Logistics,348,1.1k,--,19,Bengaluru +48 other locations
3167,Halonix Technologies,3.7,Electrical Equipment,348,1.3k,9,18,Noida +53 other locations
3168,WPP,2.9,Marketing & Advertising,348,2.4k,49,21,Mumbai +11 other locations
3169,Sekisui Dljm Molding,3.9,Auto Components,348,1.3k,--,21,Chennai +19 other locations
3170,Council of Scientific and Industrial Research,4.1,Government,348,1.2k,--,25,New Delhi +43 other locations
3171,RV Solutions,3.7,IT Services & Consulting,347,1.3k,1,15,Noida +36 other locations
3172,DCM Shriram Industries,4.1,Chemicals,347,1.5k,--,19,Meerut +36 other locations
3173,SBI Payment Services,4.0,Financial Services,347,1.2k,9,29,Mumbai +121 other locations
3174,Multiplier Brand Solutions,3.6,Marketing & Advertising,347,920,3,11,New Delhi +78 other locations
3175,NXP Semiconductors,3.6,Semiconductors,347,2.6k,12,49,Bengaluru +12 other locations
3176,Infocepts Technologies,3.5,IT Services & Consulting,347,3.1k,62,41,Nagpur +7 other locations
3177,Roquette Riddhi Siddhi,3.9,Pharma,347,1.2k,18,14,Rudrapur +20 other locations
3178,Nabard Financial Services,4.1,NBFC,347,861,--,20,Bengaluru +130 other locations
3179,Parul University,3.3,Education & Training,347,1.2k,34,26,Vadodara +37 other locations
3180,Shiash Info Solutions,3.0,IT Services & Consulting,347,261,--,31,Chennai +9 other locations
3181,Lobo Staffing Solutions,4.1,Recruitment,346,1.3k,--,18,Mumbai +70 other locations
3182,Mahindra Insurance Brokers,3.3,Insurance,346,1.1k,8,12,Mumbai +92 other locations
3183,Synergies Castings,3.9,Auto Components,346,746,1,13,Visakhapatnam +6 other locations
3184,L&T Defence,3.7,Defence & Aerospace,346,2k,--,31,Pune +21 other locations
3185,NU Vista,4.2,Building Material,346,1.2k,--,12,Kolkata +64 other locations
3186,Bain & Company,3.7,Management Consulting,346,5.6k,24,118,Gurugram +7 other locations
3187,Intelizign Lifecycle Services,3.6,IT Services & Consulting,346,2.5k,37,43,Pune +7 other locations
3188,Jay Chemical Industries,4.0,Chemicals,346,1.5k,14,22,Ahmedabad +28 other locations
3189,Rithwik Projects,3.9,Engineering & Construction,346,1.2k,25,37,Hyderabad +57 other locations
3190,Jaguar Security Services,4.5,Law Enforcement & Security,346,920,14,29,Bengaluru +22 other locations
3191,6D Technologies,2.8,Telecom,346,2.6k,--,48,Bengaluru +14 other locations
3192,Adama,4.1,Agro Chemicals,345,1.1k,3,19,Hyderabad +70 other locations
3193,MapmyIndia,3.5,Software Product,345,1.8k,2,30,New Delhi +11 other locations
3194,MYCPE ONE,3.9,,345,1.1k,1,26,
3195,Yara Fertilisers,3.8,Agro Chemicals,345,1.1k,--,23,Gurugram +62 other locations
3196,National Highways Authority of India,3.9,Engineering & Construction,345,1.2k,--,25,New Delhi +154 other locations
3197,Jaypee Cement,4.0,Building Material,345,879,--,19,Rewa +69 other locations
3198,Oceaneering International,4.1,Engineering & Construction,345,1.9k,7,43,Chandigarh +10 other locations
3199,Park Plus,2.7,Internet,345,1.8k,13,54,Gurugram +36 other locations
3200,Savista Global Solutions,4.1,Analytics & KPO,345,1.4k,24,32,Chennai +8 other locations
3201,L&T Valves,3.8,Industrial Machinery,345,1.8k,--,14,Coimbatore +15 other locations
3202,A-1 Fence Products,4.0,Building Material,345,985,--,58,Mumbai +20 other locations
3203,Light Microfinance,3.9,NBFC,345,899,4,19,Ahmedabad +119 other locations
3204,ShopKirana,3.9,Software Product,344,1.1k,--,18,Indore +25 other locations
3205,Shah Technical Consultants,3.6,Telecom,344,925,3,24,Mumbai +67 other locations
3206,Aegis Logistics,3.7,Oil & Gas,344,1.4k,8,38,Mumbai +41 other locations
3207,Network 18,3.5,Media & Entertainment,344,2.5k,7,33,Mumbai +29 other locations
3208,Oil India,4.2,Oil & Gas,344,888,--,22,Duliajan +47 other locations
3209,SMC Corporation,3.8,Medical Equipment,344,1.9k,16,33,Noida +47 other locations
3210,Padmini VNA Mechatronics,3.9,Auto Components,344,1.4k,3,27,Gurugram +6 other locations
3211,Groww,3.6,FinTech,344,2.4k,17,82,Bengaluru +16 other locations
3212,Trane Technologies,3.9,Industrial Machinery,344,2.2k,--,29,Bengaluru +15 other locations
3213,Stellar Innovations,3.4,IT Services & Consulting,344,2k,13,27,Bengaluru +12 other locations
3214,Asti Electronics India,4.1,Auto Components,343,1.3k,--,25,Gurugram +11 other locations
3215,Ircon International,3.9,Engineering & Construction,343,965,--,29,New Delhi +55 other locations
3216,Teleysia Networks,3.4,Telecom,343,691,8,13,Ahmedabad +34 other locations
3217,Red Health,3.5,Healthcare,343,791,--,33,Hyderabad +30 other locations
3218,Compunnel,3.7,IT Services & Consulting,343,1.9k,66,30,Noida +15 other locations
3219,Urban Ladder,3.7,Furniture & Furnishing,343,1.5k,--,46,Bengaluru +32 other locations
3220,Escon Elevators,3.8,Industrial Machinery,343,937,10,27,Mumbai +15 other locations
3221,Urban Ladder,3.7,Furniture & Furnishing,343,1.5k,--,46,Bengaluru +32 other locations
3222,UNext,3.1,EdTech,343,1.7k,37,44,Bengaluru +13 other locations
3223,Compunnel,3.7,IT Services & Consulting,343,1.9k,66,30,Noida +15 other locations
3224,M K Agrotech Private Limited,4.5,Food Processing,343,475,9,57,Mysuru +43 other locations
3225,Clariant Chemicals,4.2,Chemicals,343,1.6k,4,15,Mumbai +18 other locations
3226,Vascon Engineers,3.8,Real Estate,343,1.1k,13,28,Pune +21 other locations
3227,Gtpl Broadband,3.8,Telecom,343,1.3k,--,20,Ahmedabad +47 other locations
3228,TMEIC,3.9,,342,1.6k,9,20,
3229,Country Holidays Inn & Suites,4.2,Travel & Tourism,342,147,--,110,Noida +16 other locations
3230,Muthoot Capital Services,3.6,Financial Services,342,936,--,14,Kochi +99 other locations
3231,Mars,3.6,Food Processing,342,1.1k,5,19,Gurugram +67 other locations
3232,Gufic Biosciences,3.2,Pharma,341,1.4k,35,15,Mumbai +36 other locations
3233,Kyndal India,3.6,Beverage,342,3.2k,--,6,Bengaluru +11 other locations
3234,Hindustan Syringes & Medical Devices,4.0,Medical Equipment,342,1.1k,2,25,Faridabad +16 other locations
3235,63 Moons Technologies,3.6,IT Services & Consulting,342,1.9k,17,29,Mumbai +14 other locations
3236,Zuari Cement,4.3,Building Material,342,1.2k,2,23,Hyderabad +44 other locations
3237,Pitaara,4.1,Food Processing,341,459,--,16,Pune +67 other locations
3238,Festo,3.7,Industrial Automation,341,1.7k,13,25,Bengaluru +22 other locations
3239,Kerala State Electricity Board,4.2,Power,341,1.4k,1,18,Palakkad +30 other locations
3240,Recipharm Pharmaservices,3.8,Pharma,341,1.6k,--,9,Bengaluru +6 other locations
3241,Satin Finserv,3.9,NBFC,341,669,1,15,Gurugram +94 other locations
3242,DISYS,3.1,IT Services & Consulting,341,2.1k,--,29,Chennai +10 other locations
3243,CESC,3.8,Power,341,1.5k,--,39,Kolkata +15 other locations
3244,Ceat Specialty Tyres,3.9,Auto Components,341,1.2k,--,22,Mumbai +37 other locations
3245,Zebronics,3.8,Consumer Electronics & Appliances,341,1.3k,26,35,Chennai +43 other locations
3246,Theme Engineering Services,3.8,Engineering & Construction,341,994,14,17,Jaipur +110 other locations
3247,Cygnet Infotech,3.4,IT Services & Consulting,341,2.2k,--,19,Ahmedabad +13 other locations
3248,Kushal's Fashion Jewellery,4.4,Jewellery,341,667,54,36,Bengaluru +30 other locations
3249,Khimji Ramdas,3.7,Retail,341,865,7,20,Ahmedabad +33 other locations
3250,Avantor,3.7,Pharma,341,2.4k,29,35,Coimbatore +26 other locations
3251,Fluper,3.9,IT Services & Consulting,341,546,7,24,Noida +4 other locations
3252,Sakthi Auto Components,3.1,Auto Components,340,1k,9,11,Erode +20 other locations
3253,Sri Sri Tattva,3.5,FMCG,340,1.1k,--,17,Bengaluru +57 other locations
3254,Columbia Petro Chem,4.2,Oil & Gas,340,543,1,21,Mumbai +12 other locations
3255,Arabian Industries,3.8,Oil & Gas,340,900,1,17,Muscat +22 other locations
3256,CityMall,3.4,Internet,340,1.4k,3,33,Gurugram +25 other locations
3257,Omnicom Global Solutions,3.3,Marketing & Advertising,340,2.3k,55,18,Bengaluru +12 other locations
3258,Kimberly-Clark,3.9,Beauty & Personal Care,340,1.7k,30,18,Bengaluru +56 other locations
3259,Globtier Infotech Limited,3.3,IT Services & Consulting,340,1.8k,5,20,Noida +38 other locations
3260,Evelyn Learning Systems,3.9,EdTech,340,790,--,38,New Delhi +10 other locations
3261,Advanced Micro Devices,3.7,Semiconductors,340,3.2k,301,53,Hyderabad +15 other locations
3262,Bal Pharma,3.3,Pharma,340,1.3k,16,25,Bengaluru +22 other locations
3263,eMudhra,3.4,Software Product,340,1.6k,--,20,Bengaluru +15 other locations
3264,AceMicromatic Group,4.2,Industrial Machinery,340,1.2k,--,19,Bengaluru +35 other locations
3265,SOPAN,4.0,Industrial Machinery,339,1.1k,3,22,Pune +43 other locations
3266,InfodriveIndia,4.1,Other,339,522,1,26,New Delhi +4 other locations
3267,Sata Vikas India,3.5,Auto Components,339,918,--,34,Palwal +16 other locations
3268,VIKRAN Engineering & Exim,4.1,Engineering & Construction,339,1.1k,2,41,Mumbai +68 other locations
3269,R&R Limousine And Bus,4.0,,339,125,--,--,
3270,AVL,3.4,Automobile,339,1.6k,--,28,Gurugram +24 other locations
3271,ADNOC,4.3,Oil & Gas,339,845,--,34,Abu Dhabi +16 other locations
3272,CKA Birla Group,4.1,Building Material,339,1.3k,--,19,Hyderabad +57 other locations
3273,Somic ZF Components,4.2,Auto Components,339,1.1k,--,16,Gurugram +19 other locations
3274,BLS International Services,3.3,Travel & Tourism,339,1.1k,42,23,New Delhi +54 other locations
3275,Bluechip Corporate Investment Centre,3.7,Accounting & Auditing,339,1k,6,12,Mumbai +101 other locations
3276,VGM Consultants,3.3,BPO,338,1.1k,--,19,Kolkata +51 other locations
3277,Allegis Global Solutions,3.3,Recruitment,338,1.7k,--,16,Bengaluru +11 other locations
3278,Aloha Technology,2.8,IT Services & Consulting,338,1.8k,5,39,Pune +10 other locations
3279,Dentsu Aegis Network,3.2,Marketing & Advertising,338,3k,1,36,Bengaluru +14 other locations
3280,Technicolor,3.4,Animation & VFX,338,1.9k,2,25,Bengaluru +10 other locations
3281,Taco Bell,4.1,Hospitality,338,1k,1,19,New Delhi +39 other locations
3282,Kraft Heinz Company,3.0,FMCG,338,1.4k,82,28,Ahmedabad +32 other locations
3283,DSV - Global Transport and Logistics,3.7,Logistics,338,1.5k,9,14,Mumbai +37 other locations
3284,Praxis Services,3.4,Management Consulting,337,968,8,30,Gurugram +8 other locations
3285,Essilor,4.0,Medical Equipment,337,1.4k,17,16,Bengaluru +43 other locations
3286,Telstra,3.9,Telecom,337,2.9k,10,59,Bengaluru +8 other locations
3287,Red Tape,3.2,Fashion & Textile,337,1.1k,--,26,New Delhi +71 other locations
3288,Coding Ninjas,3.7,EdTech,337,1.4k,6,59,Gurugram +11 other locations
3289,IIC Technologies,3.5,IT Services & Consulting,336,975,--,14,Hyderabad +19 other locations
3290,Zet Town,3.4,Electronics Manufacturing,337,1k,2,36,Noida +9 other locations
3291,Paperchase Accountancy,3.0,Accounting & Auditing,336,1.7k,5,34,Ahmedabad +9 other locations
3292,Clarus Rcm Infotech,2.8,BPO,336,1.2k,4,44,Hyderabad +16 other locations
3293,Zf Wind Power,4.1,,336,1.5k,--,18,
3294,Silverlink Technologies,3.7,IT Services & Consulting,336,392,51,17,Mumbai +17 other locations
3295,Halliburton,3.6,Engineering & Construction,336,1.4k,45,33,Bengaluru +27 other locations
3296,IIT Bombay,4.4,Education & Training,336,1.7k,4,30,Mumbai +13 other locations
3297,Valvoline Cummins,4.0,Auto Components,336,1.4k,15,16,Gurugram +58 other locations
3298,Yubi,4.2,FinTech,336,1.9k,2,44,Chennai +12 other locations
3299,Coditas Technologies,3.8,IT Services & Consulting,336,2.1k,5,95,Pune +7 other locations
3300,Indchemie Health Specialities,3.8,Pharma,336,931,4,25,Mumbai +62 other locations
3301,MUFG Bank,3.5,Banking,336,2.4k,56,18,Bengaluru +13 other locations
3302,Aeronautical Development Agency,4.2,Defence & Aerospace,335,1.9k,--,20,Bengaluru +9 other locations
3303,Integrated Wireless Solutions,3.8,Telecom,335,1k,--,18,Bengaluru +41 other locations
3304,ESAF CO-OPERATIVE,3.5,Financial Services,335,888,--,22,Thrissur +133 other locations
3305,Sub-K IMPACT Solutions,4.1,Financial Services,334,854,--,29,Hyderabad +112 other locations
3306,IndusInd Securities,3.7,Financial Services,334,1k,--,23,Mumbai +53 other locations
3307,Ace Designers,4.1,Industrial Machinery,334,1.6k,--,29,Bengaluru +15 other locations
3308,Kpmg Resource Centre,3.4,Accounting & Auditing,334,2.2k,--,27,Gurugram +12 other locations
3309,Motilal Oswal Asset Management Company,4.4,Financial Services,334,451,--,75,Mumbai +43 other locations
3310,Global Aluminium,3.7,Metals & Mining,334,888,--,18,Hyderabad +17 other locations
3311,Satguru Travels and Tour Services,2.8,Travel & Tourism,334,1.3k,5,33,Pune +37 other locations
3312,Toyota Financial Services,3.6,Financial Services,334,1.2k,3,14,Bengaluru +64 other locations
3313,ICRA Analytics,3.0,Analytics & KPO,334,1.6k,15,48,Kolkata +5 other locations
3314,Kalyani Motors,3.3,Automobile,334,1.2k,9,20,Bengaluru +11 other locations
3315,Zopper,3.2,FinTech,334,1.4k,2,30,Noida +44 other locations
3316,Springer Nature in India,4.1,Printing & Publishing,334,2.5k,11,40,Pune +4 other locations
3317,Jtekt Sona Automotive India,4.2,Auto Components,334,845,--,16,Gurugram +16 other locations
3318,Nutricia,3.4,Fitness & Wellness,333,623,--,23,Mumbai +66 other locations
3319,Biz 2 Credit Info Services,3.4,Financial Services,333,1.3k,14,30,Noida +5 other locations
3320,Nutricia,3.4,Fitness & Wellness,333,623,--,23,Mumbai +66 other locations
3321,MJ Biopharm,3.5,Pharma,333,1.5k,8,21,Pune +9 other locations
3322,"Ministry Of Health, New Delhi",3.9,Healthcare,333,894,--,18,New Delhi +47 other locations
3323,Entab Infotech,3.2,EdTech,333,1.1k,4,35,New Delhi +14 other locations
3324,Polyhose,3.7,Industrial Machinery,333,1.8k,32,17,Chennai +18 other locations
3325,Vem Technologies,3.6,Defence & Aerospace,333,1.3k,8,31,Hyderabad +4 other locations
3326,Hindustan Urvarak & Rasayan,3.3,Agro Chemicals,333,1.5k,--,41,Gorakhpur +23 other locations
3327,Rao IIT Academy,3.5,Education & Training,332,519,--,9,Mumbai +21 other locations
3328,Path Infotech,3.4,IT Services & Consulting,332,1.7k,2,23,Noida +9 other locations
3329,MNC Group,4.1,Investment Banking / Venture Capital / Private Equity,332,1.8k,1,134,Bengaluru +52 other locations
3330,TestingXperts,3.8,IT Services & Consulting,332,2.2k,5,55,Chandigarh +11 other locations
3331,Maharashtra Hybrid Seed Company,4.0,Agriculture,332,857,1,8,Chhatrapati Sambhajinagar +74 other locations
3332,Labcorp,4.0,Clinical Research,332,2.2k,4,45,Bengaluru +11 other locations
3333,Versuni India Home Solutions,3.4,Consumer Electronics & Appliances,332,1.3k,--,20,Chennai +41 other locations
3334,Delhi Metro Rail Corporation,4.1,Logistics,332,1k,--,17,New Delhi +22 other locations
3335,Lloyd Insulations,3.5,Industrial Machinery,332,1.3k,3,23,New Delhi +43 other locations
3336,SNVA Group,3.5,IT Services & Consulting,332,948,92,26,Noida +6 other locations
3337,Lucas Indian Service,4.1,Auto Components,332,1k,--,23,Chennai +52 other locations
3338,MTR Foods,4.0,FMCG,332,1.1k,--,26,Bengaluru +46 other locations
3339,Walplast Products,3.9,Building Material,332,1.2k,53,35,Mumbai +61 other locations
3340,Pricol Precision Products,4.0,Auto Components,331,1.1k,--,18,Hosur +18 other locations
3341,Gi Group,3.7,Recruitment,331,1.2k,1,19,Mumbai +57 other locations
3342,Signode,3.7,Industrial Machinery,331,1.5k,9,23,Hyderabad +39 other locations
3343,Adglobal360,3.2,,331,2.1k,3,31,
3344,Cox & Kings,3.3,Travel & Tourism,331,1k,--,7,Mumbai +48 other locations
3345,Inventys Research,4.3,Chemicals,331,794,5,11,Nagpur +5 other locations
3346,Volvo Trucks,4.0,Automobile,331,1.6k,--,33,Bengaluru +34 other locations
3347,Rio Tinto,3.6,Metals & Mining,331,1.7k,--,48,Gurugram +12 other locations
3348,Unique Identification Authority of India,3.7,IT Services & Consulting,331,1k,--,14,New Delhi +94 other locations
3349,Can Fin Homes,2.8,NBFC,331,1.1k,7,21,Bengaluru +83 other locations
3350,KLJ GROUP,3.3,Petrochemicals,331,1.4k,8,18,Bharuch +19 other locations
3351,Rushil Decor,4.0,Building Material,331,986,5,17,Ahmedabad +34 other locations
3352,L&T–MHI Power Boilers,4.0,Industrial Machinery,331,1.5k,--,12,Surat +22 other locations
3353,Patil Group,3.6,Railways,331,1.4k,2,33,Hyderabad +46 other locations
3354,ESAB,3.9,Industrial Machinery,331,1.5k,7,26,Chennai +27 other locations
3355,Scaleneworks,3.6,Recruitment,330,1.3k,1,13,Bengaluru +31 other locations
3356,Lion Engineering Consultants,3.3,Engineering & Construction,330,840,20,14,Bhopal +77 other locations
3357,EqualizeRCM Services,3.7,Analytics & KPO,330,1.1k,12,99,Mysuru +9 other locations
3358,Universal Mep Projects & Engineering Services,3.7,Engineering & Construction,330,869,--,22,Mumbai +64 other locations
3359,Agility,4.0,Logistics,330,1.2k,5,12,Chennai +37 other locations
3360,Vasan Eye Care Hospitals,3.8,Healthcare,330,713,--,5,Chennai +73 other locations
3361,Senvion,4.0,Power,330,1.4k,3,27,Bengaluru +33 other locations
3362,Pfizer Products India,3.9,Pharma,330,1.3k,--,11,Visakhapatnam +15 other locations
3363,AVASOFT,2.6,Software Product,330,1.5k,--,200,Chennai +7 other locations
3364,Hyperpure,3.7,Internet,330,1.3k,--,31,Gurugram +42 other locations
3365,Kalkine Solutions,4.3,Financial Services,330,899,1,21,Noida +2 other locations
3366,Selec Controls,3.5,Electronics Manufacturing,329,2k,26,32,Mumbai +21 other locations
3367,Minda Kosei Aluminum Wheel,4.1,Auto Components,329,1k,--,24,Ahmedabad +16 other locations
3368,Polyplastics Industries (I),3.8,Auto Components,329,1.3k,5,20,Pune +16 other locations
3369,Merit Data and Technology,3.6,Analytics & KPO,329,1.7k,4,18,Chennai +6 other locations
3370,Aabasoft,4.1,IT Services & Consulting,329,806,36,49,Kochi +13 other locations
3371,Plasser India,4.0,Industrial Machinery,329,1.7k,1,25,Vadodara +12 other locations
3372,Himadri Speciality Chemical Limited,3.5,Chemicals,329,1.7k,--,28,Kolkata +15 other locations
3373,SOTC Travel Limited,4.0,Travel & Tourism,329,1.2k,7,23,Mumbai +34 other locations
3374,Sureti Insurance Marketing,3.3,Insurance,329,152,--,63,Coimbatore +8 other locations
3375,Nitco,3.9,Building Material,329,1.2k,26,12,Mumbai +59 other locations
3376,Aptean,3.1,Software Product,329,2.4k,33,52,Bengaluru +6 other locations
3377,Machino Plastics,3.6,Auto Components,328,1.5k,--,27,Gurugram +17 other locations
3378,Corizo,3.7,Education & Training,328,409,--,80,Bengaluru +17 other locations
3379,Banco Products,3.4,Auto Components,328,1.7k,3,20,Vadodara +19 other locations
3380,Hyundai Construction Equipment,4.3,Industrial Machinery,328,1.5k,3,20,Pune +39 other locations
3381,Balrampur Chini Mills Limited,3.9,Food Processing,328,958,--,32,Lucknow +24 other locations
3382,Hitech Digital Solutions,3.7,IT Services & Consulting,328,1.6k,41,30,Ahmedabad +18 other locations
3383,Sundaram Motors,3.9,Automobile,327,1.1k,--,7,Chennai +43 other locations
3384,Glorious Insight,3.6,IT Services & Consulting,327,258,1,4,Noida +6 other locations
3385,Mahindra Truck and Bus,3.6,Automobile,327,1.1k,--,12,Pune +63 other locations
3386,Accel IT Services,3.5,IT Services & Consulting,327,1.4k,36,22,Chennai +60 other locations
3387,Sarvagram Fincare,4.0,NBFC,327,985,--,19,Pune +113 other locations
3388,NIKE,4.0,Retail,327,2.4k,--,47,Bengaluru +44 other locations
3389,You Broadband,3.7,Telecom,327,995,--,17,Pune +31 other locations
3390,Dinshaws,3.9,Food Processing,327,1k,2,10,Nagpur +55 other locations
3391,Techno Electric & Engineering Company,4.0,Engineering & Construction,327,1.3k,2,25,Kolkata +55 other locations
3392,Modern V.R. Security Force,4.0,Law Enforcement & Security,327,742,3,12,Mumbai +73 other locations
3393,Aurigene Pharmaceutical Services,4.1,Pharma,327,1.2k,20,28,Hyderabad +4 other locations
3394,Boehringer-Ingelheim,3.9,Pharma,327,1k,9,15,Mumbai +56 other locations
3395,Nava Limited,3.8,Metals & Mining,327,1.2k,16,23,Hyderabad +29 other locations
3396,BIC Cello,4.0,Other,327,980,7,11,Mumbai +55 other locations
3397,CareEdge Ratings,3.1,Financial Services,326,1.8k,--,19,Mumbai +20 other locations
3398,Decimal Point Analytics,2.7,Analytics & KPO,326,2k,19,48,Mumbai +9 other locations
3399,Pps Motors,4.0,Automobile,326,1.1k,--,15,Hyderabad +56 other locations
3400,SolarSquare Energy,3.1,Power,326,1.2k,147,36,Pune +33 other locations
3401,o9 Solutions,3.4,Software Product,326,3.4k,31,49,Bengaluru +6 other locations
3402,Louis Philippe,4.4,Fashion & Textile,326,732,--,12,Bengaluru +77 other locations
3403,Tudip Technologies,2.8,IT Services & Consulting,326,1.5k,65,77,Pune +7 other locations
3404,Rajsriya Automotive Industries,3.2,Auto Components,326,1.2k,4,17,Hosur +13 other locations
3405,Han Digital,2.6,Recruitment,326,742,--,36,Bengaluru +21 other locations
3406,Brawn Group,3.6,Pharma,326,1.1k,19,20,Faridabad +14 other locations
3407,Mahindra Teqo,4.1,Software Product,325,1.1k,--,26,Mumbai +79 other locations
3408,VKC Group,3.8,Fashion & Textile,325,1.2k,--,20,Kozhikode +45 other locations
3409,Victora Tool Engineers,3.8,Auto Components,325,1.2k,--,9,Faridabad +16 other locations
3410,Kubota Agricultural Machinery India,4.3,Agriculture,325,1.3k,7,20,Chennai +46 other locations
3411,Shree Renuka Sugars,4.1,Food Processing,325,1.2k,1,20,Belagavi +43 other locations
3412,Greentech Industries,3.7,Industrial Machinery,325,1.1k,2,17,Nellore +18 other locations
3413,Pharmed,4.7,Pharma,325,310,--,37,Bengaluru +47 other locations
3414,Harsha Engineers,3.8,Auto Components,325,1.6k,5,32,Ahmedabad +12 other locations
3415,Cadence Design Systems,3.8,Semiconductors,325,3k,187,67,Noida +16 other locations
3416,Luxor Writing Instruments,3.4,Other,324,1.1k,--,13,Noida +41 other locations
3417,Telecom Network Solutions,3.9,Telecom,324,1.1k,11,14,Noida +53 other locations
3418,Arzooo.com,2.6,Internet,324,1.2k,--,25,Bengaluru +45 other locations
3419,doodleblue innovation,4.0,IT Services & Consulting,324,1.2k,7,35,Chennai +5 other locations
3420,Robosoft Technologies,3.4,IT Services & Consulting,324,2.2k,51,45,Bengaluru +12 other locations
3421,TIBCO Software,3.7,Software Product,324,3.4k,28,48,Pune +7 other locations
3422,Abbott Nutrition International,3.9,Pharma,324,919,--,14,Mumbai +63 other locations
3423,Rainbow Childrens Hospital,3.6,Healthcare,324,1k,4,25,Hyderabad +14 other locations
3424,Veolia Water Technologies,4.2,Waste Management,324,1.3k,35,25,Bengaluru +53 other locations
3425,DCDC Kidney Care,4.1,Healthcare,323,549,10,21,New Delhi +76 other locations
3426,Kuwait National Petroleum Company,4.3,Oil & Gas,323,1k,--,22,Kuwait City +19 other locations
3427,Fluentgrid,3.5,IT Services & Consulting,323,1.7k,2,26,Visakhapatnam +41 other locations
3428,Dvara KGFS,3.7,NBFC,323,982,2,20,Chennai +66 other locations
3429,Global Calcium,3.3,Pharma,323,1.7k,22,27,Hosur +7 other locations
3430,E-Solutions,3.4,Recruitment,323,1.5k,--,14,Noida +23 other locations
3431,Groz Engineering Tools,4.2,Industrial Machinery,323,1.3k,20,21,Gurugram +24 other locations
3432,Listenlights,3.8,Engineering & Construction,323,1.3k,10,34,Mumbai +11 other locations
3433,Technosoft Engineering Projects Limited,3.9,Industrial Automation,323,1.4k,32,34,Mumbai +6 other locations
3434,Irclass Systems And Solutions,4.2,Ports & Shipping,323,961,19,36,Mumbai +44 other locations
3435,MSM Unify,3.7,EdTech,321,483,--,70,Ahmedabad +24 other locations
3436,MobileComm Technologies India,3.7,Telecom,323,1k,--,16,Gurugram +33 other locations
3437,Stellar Value Chain Solutions,3.7,Logistics,322,1.4k,--,37,Mumbai +40 other locations
3438,Hindustan Wellness,3.2,Healthcare,322,885,7,38,Gurugram +25 other locations
3439,Holisol Logistics,3.8,Logistics,322,1.1k,--,15,New Delhi +59 other locations
3440,Aujas Cybersecurity-NuSummit company,3.7,IT Services & Consulting,322,2.3k,27,28,Bengaluru +12 other locations
3441,ITM Group of Institutions,3.3,Education & Training,322,1.2k,--,20,Mumbai +34 other locations
3442,GIVA Jewellery,3.0,Jewellery,322,1k,9,26,Bengaluru +28 other locations
3443,KJS Cement,3.5,Building Material,322,1.1k,3,27,Maihar +43 other locations
3444,Savex Technologies,4.1,Other,322,1.4k,--,16,Mumbai +52 other locations
3445,Peregrine Guarding,3.9,Law Enforcement & Security,322,867,7,15,Gurugram +50 other locations
3446,Mirza International,3.5,Fashion & Textile,322,1.1k,6,9,New Delhi +34 other locations
3447,TP Central Odisha Distribution,3.7,Power,322,919,--,40,Bhubaneswar +27 other locations
3448,Aarti Steels,3.7,Iron & Steel,322,1.4k,2,37,Cuttack +11 other locations
3449,Peel-works,3.6,Software Product,321,652,--,10,Bengaluru +24 other locations
3450,Siti Networks,3.9,Media & Entertainment,321,1k,--,11,Noida +53 other locations
3451,MIOT INTERNATIONAL,3.3,Healthcare,321,1.3k,29,18,Chennai +9 other locations
3452,Inventia Healthcare,4.0,Pharma,321,1.8k,5,14,Mumbai +11 other locations
3453,Jms Mining Services,4.0,Metals & Mining,321,1k,--,41,Kolkata +30 other locations
3454,Highway Industries,4.0,Engineering & Construction,321,1.3k,3,22,Ludhiana +18 other locations
3455,Novel Office,4.0,Real Estate,321,725,79,70,Bengaluru +14 other locations
3456,convergys india services,3.5,,320,1k,--,29,
3457,"Nitor Infotech, an Ascendion company",4.0,Software Product,320,2.1k,17,52,Pune +7 other locations
3458,Sheraton Hotels and Resorts,3.8,Hospitality,320,654,--,10,Bengaluru +23 other locations
3459,EXO Edge,3.5,BPO,320,1.2k,9,39,Sahibzada Ajit Singh Nagar +6 other locations
3460,EXO Edge,3.5,BPO,320,1.2k,9,39,Sahibzada Ajit Singh Nagar +6 other locations
3461,IQ BackOffice,3.6,Financial Services,320,1.6k,2,17,Chennai +7 other locations
3462,Aristocrat,3.6,Gaming,320,2.5k,15,61,Noida +10 other locations
3463,ETA Engineering,3.2,Engineering & Construction,320,828,3,9,New Delhi +24 other locations
3464,Kusum Healthcare,4.0,Pharma,320,1.3k,6,16,Bhiwadi +8 other locations
3465,IFFCO Kisan Sanchar,3.6,Agro Chemicals,319,731,--,26,New Delhi +71 other locations
3466,Cactus Communications,3.4,Software Product,319,1.7k,54,55,Mumbai +13 other locations
3467,Stellantis Avtec Powertrain,3.6,,319,1.4k,--,14,
3468,CG Foods,3.5,Food Processing,319,2.1k,14,12,Guwahati +53 other locations
3469,Lincoln Pharmaceuticals,3.4,Pharma,319,1.3k,29,21,Ahmedabad +28 other locations
3470,Swastika Investmart,3.7,Investment Banking / Venture Capital / Private Equity,319,1.1k,9,15,Indore +47 other locations
3471,Olectra Greentech,3.3,Automobile,319,1.3k,25,28,Hyderabad +27 other locations
3472,Apisero,4.3,IT Services & Consulting,319,2.5k,--,67,Bengaluru +11 other locations
3473,Ubisoft Entertainment,3.6,Gaming,319,2k,1,38,Pune +7 other locations
3474,MDC Group of Companies,4.8,Pharma,318,89,5,3,Mumbai +5 other locations
3475,Jorie Healthcare,3.9,Healthcare,318,445,3,10,Sahibzada Ajit Singh Nagar +7 other locations
3476,Laser Power & Infra,3.6,Electrical Equipment,318,1.1k,1,20,Kolkata +42 other locations
3477,SAR Group,3.9,Consumer Electronics & Appliances,318,1.4k,--,13,Gurugram +38 other locations
3478,Adani Gas,3.0,Oil & Gas,318,1.4k,--,37,Ahmedabad +53 other locations
3479,Radiant Cash Management Services,3.4,Financial Services,318,990,--,9,Chennai +60 other locations
3480,SAR Group,3.9,Consumer Electronics & Appliances,318,1.4k,--,13,Gurugram +38 other locations
3481,Adani Gas,3.0,Oil & Gas,318,1.4k,--,37,Ahmedabad +53 other locations
3482,Mit World Peace University,3.9,Education & Training,318,1.1k,4,18,Pune +5 other locations
3483,Genisys Group,3.6,IT Services & Consulting,318,1.3k,21,21,Bengaluru +13 other locations
3484,Cohizon Life Sciences Limited,3.4,Chemicals,318,1.6k,2,25,Ankleshwar +13 other locations
3485,BOLD Technology Systems,3.1,Software Product,318,1.7k,17,48,Noida +8 other locations
3486,Awfis,4.3,Real Estate,318,1.2k,39,20,New Delhi +17 other locations
3487,Ratnamani Metals and Tubes,4.2,Iron & Steel,317,1.2k,9,15,Ahmedabad +17 other locations
3488,Alkyl Amines,4.0,Chemicals,317,1.3k,--,15,Pune +14 other locations
3489,Leixir Dental Group,4.4,Healthcare,317,649,3,123,Gurugram +2 other locations
3490,AAJ Supply Chain Management,4.0,Logistics,317,772,4,44,New Delhi +22 other locations
3491,Darwinbox,3.6,Software Product,317,2.3k,--,56,Hyderabad +11 other locations
3492,VML,3.5,Marketing & Advertising,317,2k,28,21,Noida +14 other locations
3493,Honda India Power Products,4.1,Industrial Machinery,317,1.1k,--,27,Greater Noida +29 other locations
3494,Aksentt Tech Services,4.5,IT Services & Consulting,316,402,1,155,Mumbai +20 other locations
3495,ZIM Laboratories,3.0,Pharma,316,1.4k,9,11,Nagpur +10 other locations
3496,Tenon Facility Management,3.6,Facility Management Services,316,1.1k,--,21,Gurugram +47 other locations
3497,RHI Magnesita,3.7,Building Material,316,1.3k,2,18,Gurugram +42 other locations
3498,Renom Energy Services,4.2,Engineering & Construction,316,1k,--,21,Pune +48 other locations
3499,Moody's Analytics,4.0,Analytics & KPO,316,2.4k,18,24,Bengaluru +5 other locations
3500,ClaySys,3.7,IT Services & Consulting,316,963,9,77,Kochi +9 other locations
3501,Kent plc,4.1,Oil & Gas,316,705,44,25,Mumbai +28 other locations
3502,JUNIPER GREEN ENERGY,4.5,Power,316,781,1,35,Gurugram +37 other locations
3503,ProConnect Integrated Logistics,3.7,Logistics,315,1.4k,3,12,Chennai +47 other locations
3504,AI Variant,4.2,IT Services & Consulting,315,1.5k,--,39,Bengaluru +12 other locations
3505,Telesonic Networks,3.8,Telecom,315,794,--,8,Chennai +46 other locations
3506,Omax Autos,3.7,Auto Components,315,971,--,12,Gurugram +18 other locations
3507,Manba Finance Limited,4.0,NBFC,315,921,--,15,Mumbai +35 other locations
3508,Tata Play Fiber,4.0,Telecom,315,1.2k,--,16,Mumbai +32 other locations
3509,Softcell Technologies,3.9,IT Services & Consulting,315,1.9k,8,24,Mumbai +16 other locations
3510,Zydus Hospital,4.3,Healthcare,315,1.1k,4,14,Ahmedabad +12 other locations
3511,Resurgent India,3.9,Investment Banking / Venture Capital / Private Equity,315,556,15,4,Gurugram +11 other locations
3512,Fidelis Technology Services,3.2,IT Services & Consulting,315,1.7k,--,19,Bengaluru +35 other locations
3513,Danske IT,3.6,IT Services & Consulting,315,1.7k,--,19,Bengaluru +2 other locations
3514,Jasper Colin,3.9,Analytics & KPO,315,740,11,41,Noida +10 other locations
3515,Zeta,3.2,Emerging Technologies,315,3.1k,20,80,Bengaluru +12 other locations
3516,Lernx,3.8,,315,68,--,56,
3517,Taal Tech India,4.0,IT Services & Consulting,315,1.5k,33,21,Bengaluru +9 other locations
3518,ESIC HOSPITAL,4.0,Healthcare,315,938,--,14,New Delhi +61 other locations
3519,Markelytics Solutions,4.5,Analytics & KPO,314,351,1,2,Bengaluru +5 other locations
3520,Signutra (Health & Nutrition Division of Win - Medicare Pvt Ltd),4.3,Pharma,314,455,--,17,New Delhi +58 other locations
3521,Indo Farm Equipment,3.1,Industrial Machinery,314,933,6,15,Baddi +45 other locations
3522,InsanelyGood,4.0,Internet,314,1.3k,--,20,Bengaluru +25 other locations
3523,Bnp Paribas Securities,3.7,Financial Services,314,1.9k,--,13,Chennai +8 other locations
3524,Elico Healthcare Services,3.3,Analytics & KPO,314,894,3,22,Hyderabad +4 other locations
3525,MARK EXHAUST SYSTEMS,4.2,Auto Components,314,1.1k,--,20,Gurugram +11 other locations
3526,SPML Infra,4.0,Engineering & Construction,314,834,84,24,Kolkata +51 other locations
3527,Avanse Financial Services,3.9,Financial Services,314,1.5k,10,29,Mumbai +26 other locations
3528,Annexmed,3.2,,314,1.4k,24,16,
3529,Laxmi Civil Engineering Services,4.1,Engineering & Construction,314,895,--,17,Kolhapur +57 other locations
3530,Arya Omnitalk,3.8,Electronics Manufacturing,314,986,19,20,Pune +71 other locations
3531,CR3 Group,3.8,Facility Management Services,313,1k,10,23,Jamnagar +27 other locations
3532,Competent Software,3.4,IT Services & Consulting,313,542,5,7,New Delhi +9 other locations
3533,Paragon Digital Services,3.2,Marketing & Advertising,313,2k,--,22,Chennai +7 other locations
3534,Narula Infrastructure,3.6,Engineering & Construction,313,654,1,20,Kolkata +60 other locations
3535,Fino Paytech,3.2,FinTech,313,569,--,7,Mumbai +81 other locations
3536,Smaaash Entertainment,4.1,Sports & Recreation,313,739,--,33,Mumbai +28 other locations
3537,DEC Infra,3.7,Real Estate,313,1.3k,--,30,Hyderabad +22 other locations
3538,Sphinx Worldbiz,3.4,Engineering & Construction,313,1.4k,4,37,Pune +18 other locations
3539,Iconic,4.0,Retail,313,914,11,35,Gurugram +26 other locations
3540,Silverskills,3.4,BPO,313,1.1k,9,28,Gurugram +11 other locations
3541,Iconic,4.0,Retail,313,914,11,35,Gurugram +26 other locations
3542,Jaiprakash Power Ventures,4.0,Power,312,1.1k,--,31,Singrauli +21 other locations
3543,ITC ABD,3.7,Agriculture,312,1.2k,--,17,Guntur +78 other locations
3544,Walsons Facility Solutions,3.9,Recruitment,312,1.2k,--,13,Gurugram +41 other locations
3545,ILJIN ELECTRONICS,3.8,Semiconductors,312,924,--,23,Noida +16 other locations
3546,Ozone Pharmaceuticals,3.7,Pharma,312,962,3,13,New Delhi +46 other locations
3547,Ms Agarwal Foundries,4.2,Iron & Steel,312,899,1,34,Hyderabad +14 other locations
3548,Manipal Technologies,4.0,Printing & Publishing,312,1.9k,7,13,Bengaluru +32 other locations
3549,Xpheno,3.4,Recruitment,312,1.6k,3,22,Bengaluru +40 other locations
3550,Vashi Integrated Solutions Limited,3.7,Industrial Machinery,312,1.5k,83,23,Mumbai +27 other locations
3551,Himedia Laboratories,4.1,Biotechnology,312,1.2k,--,79,Mumbai +20 other locations
3552,ZF India Technology Center,3.7,Auto Components,312,2.1k,68,40,Hyderabad +6 other locations
3553,Futurense Technologies,4.0,EdTech,312,756,--,41,Bengaluru +9 other locations
3554,Miles Education,3.2,Education & Training,312,734,16,40,Bengaluru +12 other locations
3555,Bharat IT Services,3.3,IT Services & Consulting,311,1.1k,--,17,New Delhi +50 other locations
3556,Infiniti Software Solutions,4.5,Software Product,311,572,16,108,Chennai +6 other locations
3557,Deepak Phenolics,4.4,Chemicals,311,1.6k,--,27,Bharuch +12 other locations
3558,Gammon Engineers And Contractors,4.0,Engineering & Construction,311,1.1k,--,22,Mumbai +40 other locations
3559,ABI Showatech,3.5,Auto Components,311,1.1k,--,10,Chennai +11 other locations
3560,NACL Industries,4.0,Agro Chemicals,311,1.1k,13,28,Hyderabad +53 other locations
3561,Angelique International,4.5,Engineering & Construction,311,1k,6,14,Noida +21 other locations
3562,SVC Co-Operative Bank,3.9,Banking,311,1.3k,5,18,Mumbai +40 other locations
3563,ARDEM Incorporated,3.9,BPO,311,576,16,37,Lucknow +6 other locations
3564,Tamilnad Mercantile Bank,2.5,Banking,310,1k,--,19,Chennai +76 other locations
3565,Military Engineer Services,4.6,Engineering & Construction,310,649,--,13,New Delhi +77 other locations
3566,Karvy Financial Services,3.9,Financial Services,310,1.3k,--,12,Hyderabad +41 other locations
3567,HungerBox,3.6,Internet,310,1k,8,19,Bengaluru +15 other locations
3568,Princess Cruises,3.9,Travel & Tourism,310,358,--,13,Mumbai +20 other locations
3569,Dainik Jagran,3.4,Printing & Publishing,310,1.2k,--,14,New Delhi +56 other locations
3570,Alicon Castalloy,3.4,Auto Components,310,1.2k,3,12,Pune +12 other locations
3571,Jodas Expoim,3.2,Pharma,310,1.3k,16,25,Hyderabad +6 other locations
3572,MSD Pharmaceuticals,3.7,Pharma,310,1.6k,64,30,Mumbai +50 other locations
3573,ATMECS Global,3.2,IT Services & Consulting,310,2.4k,5,37,Hyderabad +7 other locations
3574,UNITILE,4.6,Building Material,310,370,16,43,Mumbai +15 other locations
3575,Sakon,2.9,Software Product,310,1.9k,2,36,Pune +2 other locations
3576,TAJSATS AIR CATERING,4.1,Hospitality,309,972,9,15,Mumbai +17 other locations
3577,Ck Birla Hospitals,4.0,Healthcare,309,1.1k,--,15,Kolkata +7 other locations
3578,Electrical Research & Development Association,3.8,Electrical Equipment,309,939,6,17,Vadodara +27 other locations
3579,Frigorifico Allana,3.9,Food Processing,309,1.1k,--,14,Chhatrapati Sambhajinagar +33 other locations
3580,Frigorifico Allana,3.9,Food Processing,309,1.1k,--,14,Chhatrapati Sambhajinagar +33 other locations
3581,Jaguar Land Rover,3.9,Automobile,309,1.7k,11,32,Pune +31 other locations
3582,Essar Projects India,3.8,Engineering & Construction,309,749,--,10,Surat +42 other locations
3583,Newt Global,4.3,IT Services & Consulting,309,798,18,61,Chennai +9 other locations
3584,KEPCO Plant Service & Engineering,3.7,Engineering & Construction,309,1k,1,17,Bhavnagar +22 other locations
3585,Quintessence Business Solutions & Services,3.8,Analytics & KPO,308,1k,--,9,Coimbatore +2 other locations
3586,Hinduja Finance,3.9,NBFC,308,966,--,12,Chennai +137 other locations
3587,Ninestars Information Technologies Pvt. Ltd,3.3,Software Product,308,1.5k,--,22,Bengaluru +14 other locations
3588,Azure Power,3.9,Power,308,1.2k,--,23,New Delhi +25 other locations
3589,Molecular Connections,3.2,IT Services & Consulting,308,1.4k,2,21,Bengaluru +11 other locations
3590,Airtel DTH Services,4.1,Telecom,308,867,--,27,Gurugram +109 other locations
3591,Tata Marcopolo Motors,3.8,Auto Components,308,1.1k,--,18,Dharwad +12 other locations
3592,JSW Steel Coated Products,3.9,,308,1.1k,--,29,
3593,Cameo Corporate Services,3.3,BPO,308,1.2k,21,17,Chennai +16 other locations
3594,Sabre,3.9,Software Product,308,2.3k,79,38,Bengaluru +10 other locations
3595,SGT University,3.5,Education & Training,308,1k,3,22,Gurugram +8 other locations
3596,DynPro,3.7,IT Services & Consulting,308,1.4k,--,34,Bengaluru +16 other locations
3597,Adani Energy Solutions,3.5,Power,308,1.2k,861,23,Ahmedabad +80 other locations
3598,Equinox Labs,3.9,Clinical Research,308,919,11,44,Mumbai +17 other locations
3599,BYJU'S Exam Prep,3.7,EdTech,308,1.1k,--,25,Noida +26 other locations
3600,Inlead Electronics,3.9,Consumer Electronics & Appliances,308,930,--,11,Mumbai +45 other locations
3601,KnowledgeHut,4.4,EdTech,307,791,--,12,Bengaluru +19 other locations
3602,TIDC India,3.8,Industrial Machinery,307,1.3k,--,12,Chennai +30 other locations
3603,ISMT,3.8,Iron & Steel,307,1.1k,--,19,Pune +6 other locations
3604,Embee Software,3.7,Software Product,307,1.3k,--,9,Kolkata +22 other locations
3605,Van Heusen,3.9,Fashion & Textile,307,699,--,16,New Delhi +79 other locations
3606,Hindustan Times,3.2,Media & Entertainment,307,2k,--,17,New Delhi +38 other locations
3607,H&R Block,4.1,Accounting & Auditing,307,1.8k,8,25,Thiruvananthapuram +13 other locations
3608,Indus Valley Partners,2.9,IT Services & Consulting,307,2.6k,33,59,Noida +9 other locations
3609,Guiltfree Industries,3.5,FMCG,308,1k,4,34,Kolkata +64 other locations
3610,LetsTransport,3.6,Logistics,306,1.1k,--,25,Bengaluru +32 other locations
3611,Cavisson Systems,2.3,IT Services & Consulting,306,1.7k,5,23,Noida +5 other locations
3612,Yum!,4.2,Hospitality,306,1.3k,23,19,Gurugram +28 other locations
3613,The Indian Hume Pipe Co.,3.8,Building Material,306,1k,3,21,Mumbai +53 other locations
3614,Themis Medicare,3.7,Pharma,306,1.1k,5,14,Mumbai +51 other locations
3615,Automotive Robotics (India),3.5,Industrial Automation,306,2.3k,8,37,Chennai +7 other locations
3616,CQRA,4.3,Engineering & Construction,306,869,7,24,Hyderabad +29 other locations
3617,Cliantha Research,4.0,Clinical Research,306,1.3k,5,19,Ahmedabad +12 other locations
3618,Nissin Brake,4.3,Auto Components,305,803,--,12,Neemrana +13 other locations
3619,SBS,2.6,IT Services & Consulting,305,2.2k,--,29,Noida +8 other locations
3620,SBS,2.6,IT Services & Consulting,305,2.2k,--,29,Noida +8 other locations
3621,Internshala,3.7,EdTech,305,961,1,64,Gurugram +26 other locations
3622,Pitney Bowes,3.7,IT Services & Consulting,305,1.9k,17,23,Pune +15 other locations
3623,Micro Plastics Private Limited,3.7,,305,1.3k,8,33,
3624,Diya Systems,3.2,BPO,305,1.2k,--,23,Mangaluru +8 other locations
3625,Zee Laboratories,3.2,Pharma,305,883,30,37,Karnal +34 other locations
3626,Meitra Hospital,4.5,Healthcare,305,364,1,15,Kozhikode +4 other locations
3627,Domino Printech India LLP,4.3,Industrial Automation,305,847,11,69,Gurugram +31 other locations
3628,Nimbus Harbor Facilities Management,4.0,Facility Management Services,304,919,--,15,Gurugram +18 other locations
3629,TCPL Packaging,4.0,Packaging,304,1.4k,1,20,Dadra & Nagar Haveli +50 other locations
3630,Katerra,3.5,Engineering & Construction,304,1.8k,--,22,Bengaluru +18 other locations
3631,Girmiti Software,4.2,IT Services & Consulting,304,1.5k,--,15,Bengaluru +4 other locations
3632,SS Supply Chain Solutions,3.6,IT Services & Consulting,304,1.1k,11,15,Gurugram +35 other locations
3633,Checkmate Services,3.9,Facility Management Services,304,860,1,19,Vadodara +68 other locations
3634,Madina Group,4.5,Oil & Gas,304,515,--,25,Doha +20 other locations
3635,Dyninno India,4.0,IT Services & Consulting,304,655,4,40,Gurugram +5 other locations
3636,KHY ELECTRONIC,3.9,,304,977,--,31,
3637,Moder Solutions,3.3,IT Services & Consulting,304,1.8k,17,28,Bengaluru +10 other locations
3638,Koenig Solutions,3.5,Education & Training,304,1.1k,134,37,New Delhi +15 other locations
3639,GSH Group,4.2,Facility Management Services,304,973,32,11,Chennai +36 other locations
3640,TATWA Technologies,3.3,IT Services & Consulting,304,852,5,17,Bhubaneswar +14 other locations
3641,Bharat Wire Ropes,3.6,Iron & Steel,304,1.3k,16,42,Mumbai +12 other locations
3642,Cyber Infrastructure,3.5,IT Services & Consulting,304,1.4k,20,40,Indore +12 other locations
3643,Amcor Flexibles India,3.8,Packaging,304,1.3k,2,14,Bharuch +19 other locations
3644,Futwork,3.7,Internet,303,283,--,30,Mumbai +20 other locations
3645,Ruby Hall Clinic,3.9,Healthcare,303,976,--,16,Pune +8 other locations
3646,Mindteck,3.0,IT Services & Consulting,303,2.3k,20,25,Bengaluru +9 other locations
3647,ArcGate,2.9,IT Services & Consulting,303,1.1k,16,25,Udaipur +3 other locations
3648,Navneet Education,4.0,Printing & Publishing,303,1.3k,--,15,Mumbai +47 other locations
3649,Smart Value Products And Services,4.2,FMCG,303,615,--,17,Gurugram +74 other locations
3650,Munjal Kiriu Industries,3.8,Auto Components,302,857,--,15,Gurugram +9 other locations
3651,Amrutanjan Health Care,4.0,Pharma,302,690,--,22,Chennai +53 other locations
3652,Danone Foods Beverages,3.5,Food Processing,302,1.2k,1,12,Mumbai +57 other locations
3653,Ordnance Factory,4.3,Government,302,602,--,12,Hyderabad +37 other locations
3654,Gawar Construction,4.1,Engineering & Construction,302,868,--,17,New Delhi +38 other locations
3655,Soma Enterprises,4.6,Engineering & Construction,302,749,--,7,Hyderabad +49 other locations
3656,Hudson's Bay Company,3.9,Retail,302,1.9k,--,26,Bengaluru +8 other locations
3657,NatWest Markets,3.9,Banking,302,2.8k,5,18,Gurugram +10 other locations
3658,Arabian Construction Company,3.1,Engineering & Construction,302,781,--,28,Kolkata +28 other locations
3659,Doha Petroleum Construction Company,3.8,Oil & Gas,302,649,--,26,Doha +14 other locations
3660,Netsmartz Infotech,3.8,IT Services & Consulting,302,1.3k,8,26,Chandigarh +8 other locations
3661,NatWest Markets,3.9,Banking,302,2.8k,5,18,Gurugram +10 other locations
3662,HostBooks,3.1,Software Product,302,657,1,20,Gurugram +8 other locations
3663,Piramal Foundation,4.2,Non-Profit,301,854,--,18,New Delhi +84 other locations
3664,IM Gears,3.5,Auto Components,301,1k,1,16,Chennai +6 other locations
3665,THE GUARDIANS Real Estate Advisory,3.6,Real Estate,301,1.3k,19,26,Mumbai +10 other locations
3666,Aspiro Pharma,3.8,Pharma,302,1.1k,--,15,Hyderabad +5 other locations
3667,Sahayog Multistate Credit Co-operative Society,3.6,Banking,301,827,--,16,Nagpur +77 other locations
3668,Citrix,3.2,Software Product,301,2.4k,--,54,Bengaluru +6 other locations
3669,Myk Schomburg,3.9,Chemicals,301,927,--,19,Hyderabad +50 other locations
3670,Mirafra Technologies,3.7,Semiconductors,301,2.9k,93,59,Bengaluru +9 other locations
3671,1K Networks,3.2,Retail,301,1.2k,--,25,Gurugram +21 other locations
3672,Asort Company,3.9,Internet,301,397,--,21,Gurugram +59 other locations
3673,Orix Auto Infrastructure Services,4.1,Logistics,301,953,--,15,Mumbai +19 other locations
3674,VVF,3.9,Chemicals,301,1.3k,7,14,Mumbai +18 other locations
3675,ecare India,3.9,Analytics & KPO,301,1.2k,18,18,Chennai +4 other locations
3676,Rheinmetall Automotive,3.9,Auto Components,301,1.2k,14,25,Pune +12 other locations
3677,NVH India Auto Parts,3.3,Auto Components,301,1.2k,--,15,Chennai +14 other locations
3678,Chubb,3.4,Insurance,301,3.3k,9,67,Hyderabad +7 other locations
3679,Gaja Engineering,4.2,Engineering & Construction,301,1.1k,6,27,Hyderabad +34 other locations
3680,Rucha Engineers,3.8,Industrial Machinery,300,1.3k,1,19,Chhatrapati Sambhajinagar +13 other locations
3681,Tata Green Batteries,3.9,Auto Components,300,798,--,23,Pune +39 other locations
3682,Dahua Technology India Pvt.Ltd.,3.5,IT Services & Consulting,300,1.1k,2,25,New Delhi +49 other locations
3683,Unibic Foods,3.6,Food Processing,300,1k,1,15,Bengaluru +46 other locations
3684,Hardcastle Restaurants,3.7,Hospitality,300,807,11,18,Mumbai +33 other locations
3685,Lanco Infratech,4.5,Engineering & Construction,300,652,--,3,Gurugram +31 other locations
3686,Ahresty India,3.8,Auto Components,300,1.1k,--,23,Rewari +11 other locations
3687,Metric Stream Infotech,3.2,Internet,300,2.2k,--,19,Bengaluru +5 other locations
3688,Murugappa Group,4.0,Agro Chemicals,300,1.3k,54,20,Chennai +84 other locations
3689,LatentView Analytics,3.6,IT Services & Consulting,300,3.1k,30,75,Chennai +11 other locations
3690,Bird Worldwide Flight Services,3.4,Aviation,300,770,3,30,New Delhi +13 other locations
3691,BMW,4.2,Automobile,300,1.7k,--,23,Chennai +35 other locations
3692,Renewsys India,4.0,Power,300,1.4k,9,24,Hyderabad +20 other locations
3693,Money View,4.1,FinTech,300,1.6k,17,36,Bengaluru +24 other locations
3694,Xylem Water Solutions,3.7,Waste Management,300,2k,73,30,Vadodara +19 other locations
3695,Titan Laboratories,3.4,Pharma,300,1k,24,8,Mumbai +12 other locations
3696,AltezzaSys,3.8,IT Services & Consulting,300,787,6,68,Noida +14 other locations
3697,Innoviti Technologies Private Limited,2.9,FinTech,300,1.5k,1,23,Bengaluru +49 other locations
3698,MN Dastur & Company,4.0,Metals & Mining,300,741,1,11,Kolkata +13 other locations
3699,Integra Global Solutions,3.5,Financial Services,299,1.5k,23,33,Coimbatore +3 other locations
3700,Global Opportunities,4.2,EdTech,299,536,--,40,New Delhi +19 other locations
3701,Airbnb,3.6,Internet,299,1.6k,15,28,Gurugram +11 other locations
3702,Thomson Digital,3.9,Printing & Publishing,299,749,--,29,Noida +8 other locations
3703,Bristol-Myers Squibb,3.5,Pharma,299,1.9k,111,33,Hyderabad +16 other locations
3704,Business Integrity Services,4.3,BPO,299,537,--,58,Chennai +2 other locations
3705,Segula Technologies,3.4,Engineering & Construction,299,1.8k,2,30,Chennai +7 other locations
3706,TJSB Sahakari Bank,3.6,Banking,299,1.3k,1,23,Mumbai +28 other locations
3707,T R Chadha & Co Llp,3.3,Accounting & Auditing,299,1.2k,7,21,Mumbai +14 other locations
3708,Vinati Organics,3.9,Chemicals,299,1.6k,5,16,Chiplun +12 other locations
3709,Renewsys India,4.0,Power,300,1.4k,9,24,Hyderabad +20 other locations
3710,Altruist Customer Management India,4.0,BPO,297,1k,--,39,Chennai +14 other locations
3711,ICRA,3.2,Financial Services,298,1.6k,2,30,Mumbai +17 other locations
3712,Rooman Technologies,3.7,Education & Training,298,792,1,14,Bengaluru +42 other locations
3713,AXIS MY INDIA,3.0,Analytics & KPO,298,489,5,20,Mumbai +22 other locations
3714,Tata ClassEdge,3.6,EdTech,298,932,10,16,Mumbai +48 other locations
3715,FUJIFILM,4.1,Animation & VFX,298,1.1k,--,16,Gurugram +32 other locations
3716,Allanasons,4.0,Food Processing,298,1.1k,15,21,Mumbai +32 other locations
3717,GlobalStep,2.2,IT Services & Consulting,298,1.8k,6,31,Pune +6 other locations
3718,LANXESS India Private Limited,4.2,Chemicals,298,1.2k,9,21,Mumbai +18 other locations
3719,Busibud,3.6,Emerging Technologies,298,125,--,43,Chandigarh +21 other locations
3720,ICRA,3.2,Financial Services,298,1.6k,2,30,Mumbai +17 other locations
3721,Rooman Technologies,3.7,Education & Training,298,792,1,14,Bengaluru +42 other locations
3722,Fexprime Finance,4.5,Financial Services,298,707,--,7,New Delhi +47 other locations
3723,Junglee Games,4.1,Gaming,298,1.7k,7,51,Gurugram +7 other locations
3724,ARCADIS,4.1,IT Services & Consulting,298,1.8k,84,37,Bengaluru +27 other locations
3725,Bhandari Automobiles,3.7,Automobile,297,883,--,15,Kolkata +29 other locations
3726,Alf Engineering,4.0,Auto Components,297,1.3k,--,30,Nashik +14 other locations
3727,AIS Glass Solutions,3.6,Building Material,297,1.4k,--,27,Chennai +31 other locations
3728,Cognizant Solutions Corp,3.8,IT Services & Consulting,297,2.3k,--,62,Hyderabad +15 other locations
3729,IT By Design,3.1,IT Services & Consulting,297,1.6k,5,42,Noida +12 other locations
3730,Merino Laminates,3.9,Consumer Electronics & Appliances,297,994,10,15,New Delhi +54 other locations
3731,Saregama India,4.0,Media & Entertainment,297,904,--,9,Mumbai +40 other locations
3732,GMR Energy,4.0,Power,297,996,--,20,New Delhi +38 other locations
3733,R L Fine Chem,3.6,Pharma,297,1.6k,6,22,Bengaluru +7 other locations
3734,Namdev Finvest,3.7,Financial Services,297,564,--,12,Jaipur +66 other locations
3735,Blenheim Chalcot,2.7,IT Services & Consulting,297,1.6k,7,52,Mumbai +9 other locations
3736,Arena Animation,3.6,Education & Training,297,999,25,20,New Delhi +63 other locations
3737,Kshema General Insurance,4.3,Insurance,297,569,12,17,Hyderabad +23 other locations
3738,Mukand Limited,3.6,Iron & Steel,297,1.2k,20,14,Mumbai +19 other locations
3739,RNF Technologies,2.9,IT Services & Consulting,297,1.3k,2,38,Noida +6 other locations
3740,RNF Technologies,2.9,IT Services & Consulting,297,1.3k,2,38,Noida +6 other locations
3741,Vilas Javdekar Developers,3.8,Real Estate,297,1.2k,20,33,Pune +4 other locations
3742,Spm Autocomp,3.6,Auto Components,297,1.2k,--,24,Pune +16 other locations
3743,ScoreMe Solutions,3.3,Software Product,297,473,--,10,Gurugram +5 other locations
3744,Can-Pack,4.4,Packaging,296,1.2k,1,21,Chhatrapati Sambhajinagar +11 other locations
3745,SSF PLASTICS,3.5,Petrochemicals,296,1.2k,3,18,Hosur +15 other locations
3746,IndianOil Adani Ventures,4.0,Oil & Gas,296,976,--,20,Paradip +28 other locations
3747,Garware Technical Fibres,3.7,Fashion & Textile,296,1.3k,4,17,Pune +27 other locations
3748,Woodland,3.4,Fashion & Textile,296,915,--,14,New Delhi +66 other locations
3749,NAFFCO,3.2,Law Enforcement & Security,296,782,--,25,Chennai +23 other locations
3750,McAfee,3.7,Software Product,296,2.9k,10,34,Bengaluru +10 other locations
3751,Shreya Life Sciences,4.0,Pharma,296,614,--,12,Chhatrapati Sambhajinagar +64 other locations
3752,Sigmoid,3.8,Analytics & KPO,296,2.3k,60,83,Bengaluru +7 other locations
3753,Ratnadeep Retail,4.2,Retail,296,1k,10,21,Hyderabad +13 other locations
3754,EnFuse Solutions,4.1,IT Services & Consulting,296,699,41,39,Mumbai +40 other locations
3755,SEABIRD LOGISOLUTIONS,3.8,Logistics,296,1.1k,9,20,Pune +31 other locations
3756,Goldmedal Electricals,3.7,Electrical Equipment,295,1.2k,3,16,Mumbai +74 other locations
3757,HyScaler,4.3,IT Services & Consulting,295,259,--,104,Bhubaneswar +3 other locations
3758,Roki Minda Co,4.5,Auto Components,295,826,--,10,Chennai +19 other locations
3759,SquadStack,3.5,IT Services & Consulting,295,861,19,36,Noida +24 other locations
3760,Ang India,3.7,Consumer Electronics & Appliances,295,932,--,30,Noida +41 other locations
3761,INDIABULLS PHARMACEUTICALS,2.7,Pharma,295,561,--,13,Mumbai +56 other locations
3762,Prepca Eduserv,4.0,EdTech,295,188,--,86,Pune +2 other locations
3763,Hamleys,3.8,Retail,295,669,--,20,Mumbai +44 other locations
3764,Impelsys,3.0,IT Services & Consulting,295,2.4k,19,32,Bengaluru +9 other locations
3765,JMR Infotech,4.1,IT Services & Consulting,295,1.1k,2,35,Bengaluru +11 other locations
3766,Peter England,4.1,Fashion & Textile,295,747,--,9,Bengaluru +120 other locations
3767,Karuna Management Services,3.7,Retail,295,444,11,24,Kolkata +28 other locations
3768,Aditya Birla Memorial Hospital,4.4,Healthcare,294,815,20,22,Pune +11 other locations
3769,Turing,3.0,Analytics & KPO,295,1.6k,16,116,Bengaluru +6 other locations
3770,Stelmec,3.2,Electronics Manufacturing,295,1.4k,1,35,Mumbai +31 other locations
3771,Wartsila,4.1,Ports & Shipping,295,834,146,10,Mumbai +46 other locations
3772,Creative Hands HR Consultancy,4.1,Recruitment,295,210,--,38,Chennai +40 other locations
3773,Doubtnut,3.4,EdTech,294,1.1k,--,39,Gurugram +16 other locations
3774,Solartis Technology Services,3.5,IT Services & Consulting,294,1.9k,--,32,Madurai +3 other locations
3775,Hartek Group,4.1,Engineering & Construction,294,739,45,54,Sahibzada Ajit Singh Nagar +31 other locations
3776,First Flight Couriers,4.5,Logistics,294,488,32,8,Mumbai +71 other locations
3777,Kelly Services,4.2,Recruitment,294,1.2k,--,18,Bengaluru +36 other locations
3778,Onida,3.5,Consumer Electronics & Appliances,294,872,1,10,Mumbai +66 other locations
3779,Diamondpick,3.9,Recruitment,294,1.5k,5,14,Chennai +6 other locations
3780,POSCO MAHARASHTRA STEEL,4.2,Iron & Steel,294,1.3k,--,16,Pune +11 other locations
3781,Diamondpick,3.9,Recruitment,294,1.5k,5,14,Chennai +6 other locations
3782,SHV Energy,3.8,Power,294,1.1k,9,17,Hyderabad +30 other locations
3783,Slr Metaliks,4.1,Iron & Steel,294,1k,--,24,Hosapete +10 other locations
3784,MSPL,4.1,Metals & Mining,294,1.3k,--,31,Hosapete +31 other locations
3785,Fleetx.io,3.4,Logistics,294,1.3k,6,35,Gurugram +30 other locations
3786,Propel Industries,3.6,Industrial Machinery,294,1.6k,23,37,Coimbatore +26 other locations
3787,ATLBattery Technology (India) Private Limited,3.7,Electrical Equipment,294,829,6,58,Bawal +14 other locations
3788,Bhash Software Labs,4.6,Software Product,293,148,--,43,Bengaluru +4 other locations
3789,QDegrees,3.3,Management Consulting,293,1k,10,17,Jaipur +32 other locations
3790,Avanze Technologies,3.6,IT Services & Consulting,293,1.3k,2,35,Bengaluru +4 other locations
3791,Aurigene Oncology Limited,4.2,Biotechnology,293,1.1k,3,16,Bengaluru +5 other locations
3792,Wirtgen India,4.1,Industrial Machinery,293,1.1k,6,18,Pune +28 other locations
3793,Danfoss Power Solutions,3.9,Power,293,1.2k,--,12,Pune +8 other locations
3794,Spectranet,3.7,Telecom,293,1.3k,2,22,Gurugram +11 other locations
3795,Softtek,3.8,IT Services & Consulting,293,1.9k,29,24,Bengaluru +9 other locations
3796,Ketto,4.4,Internet,293,756,12,21,Mumbai +6 other locations
3797,DataTrained,3.4,EdTech,293,489,--,20,Noida +3 other locations
3798,Autodesk,3.9,Software Product,293,3k,6,48,Bengaluru +22 other locations
3799,Efftronics Systems,3.1,Electronics Manufacturing,293,918,19,55,Vijayawada +34 other locations
3800,Autodesk,3.9,Software Product,293,3k,6,48,Bengaluru +22 other locations
3801,Efftronics Systems,3.1,Electronics Manufacturing,293,918,19,55,Vijayawada +34 other locations
3802,BCT Consulting Private Limited,3.9,IT Services & Consulting,293,1.2k,2,41,Chennai +10 other locations
3803,Crescent Foundry,3.8,Industrial Machinery,293,1k,14,35,Kolkata +14 other locations
3804,Perkins,4.3,Engineering & Construction,293,1.1k,--,12,Chhatrapati Sambhajinagar +8 other locations
3805,Meinhardt Group,3.4,Engineering & Construction,292,1.2k,5,13,Bengaluru +34 other locations
3806,Ador Welding,3.9,Industrial Machinery,292,1.1k,1,13,Pune +29 other locations
3807,Nexval Infotech,2.7,IT Services & Consulting,292,966,--,12,Kolkata +8 other locations
3808,Knowledge Splice Services pvt ltd.,3.0,BPO,292,1.3k,1,17,Bengaluru +14 other locations
3809,ERA Group,4.1,Power,292,548,4,6,New Delhi +40 other locations
3810,Verse Innovation,3.4,Internet,292,1.5k,1,32,Bengaluru +16 other locations
3811,Aurangabad Electricals,3.9,Auto Components,292,1k,--,13,Chhatrapati Sambhajinagar +9 other locations
3812,Presto Infosolutions,2.8,Hardware & Networking,292,1.2k,--,18,New Delhi +42 other locations
3813,HyFun Foods,4.2,Food Processing,292,1.2k,7,21,Ahmedabad +20 other locations
3814,ABP Group,3.3,Printing & Publishing,292,1.3k,--,8,Kolkata +20 other locations
3815,Nuclear Power Corporation of India,4.2,Power,292,976,--,31,Mumbai +33 other locations
3816,Keihin Fie,4.3,Auto Components,292,2.6k,--,6,Bengaluru +13 other locations
3817,FCI CCM,4.3,Software Product,292,549,6,32,Noida +8 other locations
3818,The Fern Residency,4.0,Hospitality,292,971,3,9,Mumbai +62 other locations
3819,Thirumalai Chemicals,3.9,Chemicals,292,1.4k,13,22,Ranipet +12 other locations
3820,CPM India Sales & Marketing,4.0,Marketing & Advertising,292,986,3,13,New Delhi +50 other locations
3821,Tablets (India),3.8,Pharma,292,852,51,23,Chennai +49 other locations
3822,Wallace Pharmaceuticals,3.8,Pharma,292,835,2,17,Mumbai +48 other locations
3823,Baoiam Innovations,4.6,EdTech,291,42,--,18,New Delhi +11 other locations
3824,Trackon Courier,3.7,Logistics,292,1k,6,14,New Delhi +68 other locations
3825,Atul Auto,3.8,Automobile,291,1.2k,2,28,Ahmedabad +35 other locations
3826,V2Solutions,2.9,IT Services & Consulting,291,1.3k,8,30,Mumbai +10 other locations
3827,Bony Polymers,3.5,Auto Components,291,1.2k,1,15,Faridabad +14 other locations
3828,Personiv,3.8,BPO,291,1.7k,1,22,Coimbatore +8 other locations
3829,Eye-Q Super Speciality Eye Hospitals,3.4,Healthcare,291,642,7,13,Gurugram +35 other locations
3830,Gemini Solutions,3.3,IT Services & Consulting,291,2.6k,1,38,Gurugram +11 other locations
3831,Hughes Systique Corporation,3.7,Emerging Technologies,291,2.2k,2,41,Gurugram +6 other locations
3832,Tradebulls,2.9,Financial Services,291,1.3k,24,21,Ahmedabad +18 other locations
3833,Outpace Consulting Services,4.6,,291,132,--,78,
3834,Publicis Resources,3.5,Marketing & Advertising,291,1.7k,14,17,Gurugram +10 other locations
3835,DigiTech Call System,2.7,BPO,291,779,--,30,Noida +18 other locations
3836,Apollo Diagnostics,4.1,Healthcare,290,843,--,18,Kolkata +61 other locations
3837,Orient Paper Mill,4.5,Pulp & Paper,290,653,--,19,Shahdol +18 other locations
3838,Bacancy Technology,4.1,IT Services & Consulting,290,1.3k,6,68,Ahmedabad +4 other locations
3839,Delhi Duty Free Services,3.8,Retail,290,1.1k,2,15,New Delhi +9 other locations
3840,Trelleborg,3.8,Industrial Machinery,290,1.6k,11,22,Bengaluru +8 other locations
3841,Nilons Enterprises,3.9,Food Processing,290,913,1,19,Jalgaon +43 other locations
3842,Nature's Basket,3.9,Internet,290,963,--,15,Mumbai +12 other locations
3843,Bharat Dynamics,4.5,Defence & Aerospace,290,691,--,11,Hyderabad +7 other locations
3844,Samarth LifeSciences,3.6,Pharma,290,918,2,21,Mumbai +47 other locations
3845,Automotive Axles,3.9,Auto Components,290,965,--,6,Mysuru +14 other locations
3846,Bandhan KOnnagar,3.3,Non-Profit,290,682,5,22,Kolkata +67 other locations
3847,Wika Instruments India,4.0,Industrial Machinery,290,1.3k,15,23,Pune +15 other locations
3848,Pepe Jeans,4.1,Fashion & Textile,290,889,--,11,Mumbai +59 other locations
3849,Sakata Inx,3.9,Chemicals,290,1.2k,1,15,Bhiwadi +20 other locations
3850,Altera Digital Health,3.0,Software Product,290,1.7k,67,31,Pune +4 other locations
3851,Lee Pharma,3.4,Pharma,290,1.3k,2,18,Hyderabad +9 other locations
3852,Amnex Infotechnologies,3.8,IT Services & Consulting,290,1.2k,9,40,Ahmedabad +23 other locations
3853,LCC Projects,4.3,Engineering & Construction,290,786,9,27,Ahmedabad +44 other locations
3854,Tata Memorial Centre,4.0,Healthcare,290,1.1k,--,8,Mumbai +26 other locations
3855,DRA Homes,4.5,Real Estate,290,347,4,48,Chennai +4 other locations
3856,Sam India Built Well,3.4,Engineering & Construction,290,986,--,18,New Delhi +20 other locations
3857,Emmvee Photovoltaic Power,3.5,Power,290,1.1k,21,20,Bengaluru +14 other locations
3858,Infrastructure Leasing & Financial Services,4.4,Engineering & Construction,289,977,--,5,Mumbai +67 other locations
3859,Hema Engineering Industries,4.0,Auto Components,289,1.1k,--,13,Gurugram +23 other locations
3860,Toyota Tsusho,3.8,Metals & Mining,289,1.5k,6,15,Bengaluru +25 other locations
3861,OnProcess Technology,3.8,Software Product,289,876,--,12,Kolkata +3 other locations
3862,Think Future Technologies,4.5,IT Services & Consulting,289,1.1k,12,55,Gurugram +4 other locations
3863,Transworld Systems,3.1,Financial Services,289,1.4k,10,6,Bengaluru +8 other locations
3864,Gracure Pharmaceuticals,3.4,Pharma,289,1.1k,4,26,Bhiwadi +17 other locations
3865,FOX Solutions,3.8,Industrial Machinery,289,1.2k,15,35,Nashik +19 other locations
3866,Servotech Renewable Power System Ltd.,3.8,Power,289,720,15,29,New Delhi +20 other locations
3867,Locuz Enterprise Solutions,3.7,IT Services & Consulting,289,1.5k,36,23,Hyderabad +20 other locations
3868,Online Legal India,4.5,Other,288,57,--,21,Kolkata +7 other locations
3869,SAVIC Technologies,2.4,IT Services & Consulting,288,1.1k,20,21,Mumbai +18 other locations
3870,Gionee,4.4,Consumer Electronics & Appliances,288,298,--,1,New Delhi +94 other locations
3871,Banswara Syntex,3.8,Fashion & Textile,288,1k,6,9,Banswara +14 other locations
3872,MTAR Technologies,3.9,Industrial Machinery,288,1.2k,15,22,Hyderabad +4 other locations
3873,Calsonic Kansei Motherson Auto Products,4.1,Auto Components,288,1.1k,--,15,Bawal +12 other locations
3874,Munjal Auto Industries,3.6,Auto Components,288,1.1k,--,16,Vadodara +14 other locations
3875,Siegwerk,3.8,Chemicals,288,1k,3,21,Bhiwadi +27 other locations
3876,Consolidated Construction Consortium,4.2,Engineering & Construction,288,776,2,13,Chennai +30 other locations
3877,Imperative Business Ventures,3.7,IT Services & Consulting,288,681,1,13,Pune +8 other locations
3878,Mas Callnet,2.8,BPO,288,860,32,21,Noida +15 other locations
3879,Shriram Chits,3.7,Financial Services,288,693,--,11,Chennai +89 other locations
3880,Pfizer Healthcare india pvt lit,3.9,Pharma,287,1.3k,--,25,Visakhapatnam +16 other locations
3881,Nippon Audiotronix,3.3,Automobile,287,1.2k,--,13,Gurugram +17 other locations
3882,AirAsia,3.5,Aviation,287,1.4k,10,30,Bengaluru +24 other locations
3883,Highbar Technocrat,3.9,IT Services & Consulting,287,1.2k,7,28,Mumbai +16 other locations
3884,Amrita Institute of Medical Sciences and Research,3.8,Healthcare,287,1k,--,8,Kochi +16 other locations
3885,Konica Minolta Business Solutions India Pvt. Ltd.,4.0,Printing & Publishing,287,1.2k,11,35,Gurugram +31 other locations
3886,TowerVision India,4.2,Telecom,287,990,--,16,Gurugram +32 other locations
3887,Ciron Drugs & Pharmaceuticals,3.2,Healthcare,287,1.4k,4,24,Mumbai +12 other locations
3888,Clifford Chance,3.7,Legal,287,1.9k,10,20,Gurugram +7 other locations
3889,ONPASSIVE,2.5,IT Services & Consulting,287,1.4k,--,25,Hyderabad +7 other locations
3890,Home Centre,3.9,Furniture & Furnishing,287,1.2k,--,18,Bengaluru +35 other locations
3891,TourTravelWorld.Com,4.9,Internet,287,2,--,103,New Delhi
3892,Southern Petrochemical Industries Corporation,3.6,Agro Chemicals,287,1.5k,--,24,Thoothukudi +19 other locations
3893,Indira Gandhi International Airport,3.9,Urban Transport,287,808,4,14,New Delhi +9 other locations
3894,Levelshift,3.2,IT Services & Consulting,287,1.5k,7,32,Chennai +4 other locations
3895,J.M Baxi & Co,3.8,Ports & Shipping,287,1.2k,17,18,Mumbai +25 other locations
3896,MosChip Technologies,3.9,Semiconductors,287,1.1k,44,36,Hyderabad +5 other locations
3897,HM Group,4.5,Real Estate,287,415,--,36,Bengaluru +3 other locations
3898,Virtusa Software Services,3.6,IT Services & Consulting,286,2.7k,--,47,Hyderabad +10 other locations
3899,ANI INTEGRATED SERVICES,3.5,Engineering & Construction,286,1k,--,21,Mumbai +64 other locations
3900,Popular Vehicles and Services,3.8,Automobile,286,1.3k,2,9,Chennai +26 other locations
3901,Balajee Group,3.6,Engineering & Construction,286,889,3,14,Mumbai +43 other locations
3902,Property Solutions,3.8,Facility Management Services,286,1.4k,1,7,Mumbai +35 other locations
3903,Rupa,3.7,Fashion & Textile,286,928,5,20,Kolkata +40 other locations
3904,Virtusa Software Services,3.6,IT Services & Consulting,286,2.7k,--,47,Hyderabad +10 other locations
3905,ANI INTEGRATED SERVICES,3.5,Engineering & Construction,286,1k,--,21,Mumbai +64 other locations
3906,Trigyn Technologies,3.8,IT Services & Consulting,286,1.8k,43,28,Mumbai +15 other locations
3907,Ummeed Housing Finance,3.9,Financial Services,286,1.1k,--,12,Gurugram +72 other locations
3908,kipi.ai,3.8,IT Services & Consulting,286,1.4k,--,60,Bengaluru +10 other locations
3909,Vee Healthtek,3.8,BPO,286,1.4k,72,11,Chennai +12 other locations
3910,Ribbon Communication,3.8,Hardware & Networking,285,1.6k,--,31,Bengaluru +18 other locations
3911,SMR Automotive Systems India,3.7,Auto Components,285,1.2k,--,9,Chennai +19 other locations
3912,Arrow Electronics,4.2,Electronics Manufacturing,285,1.5k,9,82,Bengaluru +8 other locations
3913,Borgwarner Emission System,3.8,Auto Components,285,1.5k,--,13,Bengaluru +13 other locations
3914,360 Degree Cloud Technologies,3.8,IT Services & Consulting,285,1.5k,41,75,Noida +12 other locations
3915,OSB India,3.6,Financial Services,285,1.1k,10,34,Bengaluru +4 other locations
3916,Embitel Technologies,4.0,IT Services & Consulting,285,2.2k,13,39,Bengaluru +4 other locations
3917,National Institute for Smart Government,3.6,Management Consulting,285,1.7k,84,30,New Delhi +37 other locations
3918,Dotsquares,2.7,IT Services & Consulting,285,2.2k,14,33,Jaipur +8 other locations
3919,Black Box Limited,2.8,IT Services & Consulting,285,1.8k,93,24,Bengaluru +17 other locations
3920,Msi Services,4.0,IT Services & Consulting,285,962,12,55,Bengaluru +7 other locations
3921,Black Box Limited,2.8,IT Services & Consulting,285,1.8k,93,24,Bengaluru +17 other locations
3922,Easy Home Finance,4.4,FinTech,285,496,10,43,Mumbai +55 other locations
3923,Quantzig,4.6,Analytics & KPO,284,373,1,6,Bengaluru +4 other locations
3924,ICICI Direct,3.8,Financial Services,284,1.3k,--,28,Mumbai +65 other locations
3925,Jetking Infotrain,3.7,Education & Training,284,856,7,13,Mumbai +53 other locations
3926,Origo Commodities,3.5,Agriculture,284,842,3,15,Gurugram +57 other locations
3927,Pitambari Products,4.2,FMCG,284,998,--,11,Mumbai +51 other locations
3928,Elcamino Software,3.2,BPO,284,896,3,24,Bengaluru +7 other locations
3929,Anand Rathi Share and Stock Brokers Ltd,3.4,Financial Services,284,2k,99,25,Mumbai +47 other locations
3930,Total Environment Building Systems,4.0,Real Estate,284,1.5k,13,18,Bengaluru +6 other locations
3931,Gap,3.6,Retail,284,2k,32,35,Hyderabad +25 other locations
3932,Worldline Global Services,3.8,IT Services & Consulting,284,1.9k,2,26,Pune +15 other locations
3933,Massmutual Global Business Services,3.9,IT Services & Consulting,284,1.7k,29,9,Hyderabad +2 other locations
3934,Amartex Industries,3.4,Fashion & Textile,283,323,15,12,Panchkula +18 other locations
3935,Rimjhim Ispat,3.4,Iron & Steel,283,763,4,12,Angul +22 other locations
3936,Meghalaya Cements,4.1,Building Material,283,989,--,26,Guwahati +14 other locations
3937,Ajio Business,3.7,Fashion & Textile,283,565,--,16,Bengaluru +110 other locations
3938,PurpleTalk,3.7,IT Services & Consulting,283,1.6k,3,29,Hyderabad +6 other locations
3939,Kaleesuwari Refinery,3.9,Food Processing,283,1k,7,13,Chennai +44 other locations
3940,INDIAN PUBLIC SCHOOL,3.8,Education & Training,283,1.1k,10,21,Chennai +43 other locations
3941,PurpleTalk,3.7,IT Services & Consulting,283,1.6k,3,29,Hyderabad +6 other locations
3942,Kaleesuwari Refinery,3.9,Food Processing,283,1k,7,13,Chennai +44 other locations
3943,Emerald Jewel Industry India,3.7,Jewellery,283,1.5k,--,20,Coimbatore +14 other locations
3944,Omkar Realtors & Developers,3.7,Real Estate,282,910,--,8,Mumbai +13 other locations
3945,Toyota Material Handling,3.7,Industrial Machinery,282,1.1k,--,15,Gurugram +34 other locations
3946,LM Wind Power,3.9,Power,282,1.2k,--,16,Bengaluru +10 other locations
3947,Lumax Auto Technologies Ltd,4.2,Auto Components,282,1.2k,--,14,Pune +19 other locations
3948,Chakr Innovation,3.7,Industrial Machinery,282,919,5,43,Gurugram +7 other locations
3949,Gautam Solar,3.9,Power,282,715,--,28,New Delhi +18 other locations
3950,InnovationM,3.8,IT Services & Consulting,282,818,13,31,Noida +7 other locations
3951,Tommy Hilfiger,3.9,Fashion & Textile,282,803,--,17,Bengaluru +45 other locations
3952,Shyam Indus Power Solutions,3.7,Power,282,963,12,23,New Delhi +36 other locations
3953,Mantra Technologies,3.7,IT Services & Consulting,282,800,--,34,Hyderabad +10 other locations
3954,Ambey Mining,3.4,Metals & Mining,282,934,14,39,Durgapur +26 other locations
3955,Ahana Systems & Solutions,3.8,IT Services & Consulting,282,1.5k,6,24,Bengaluru +19 other locations
3956,MetroTelworks,3.6,Telecom,281,798,--,16,Ahmedabad +32 other locations
3957,Jbm Auto Components,3.8,Auto Components,281,1.2k,--,29,Chennai +37 other locations
3958,STYLAM Industries,3.4,Engineering & Construction,281,1.2k,8,16,Chandigarh +34 other locations
3959,AvenData GmbH,4.0,IT Services & Consulting,281,609,--,55,Mumbai +3 other locations
3960,AvenData GmbH,4.0,IT Services & Consulting,281,609,--,55,Mumbai +3 other locations
3961,Sonata Finance,3.9,Financial Services,281,724,--,16,Lucknow +76 other locations
3962,CloudFoundation,4.8,,281,166,3,1,
3963,Veer-O-- Metals,4.2,Industrial Machinery,281,1.2k,--,17,Bengaluru +8 other locations
3964,STYLAM Industries,3.4,Engineering & Construction,281,1.2k,8,16,Chandigarh +34 other locations
3965,Gupshup,2.8,IT Services & Consulting,281,2k,--,35,Mumbai +12 other locations
3966,Microsense,3.6,IT Services & Consulting,281,1k,--,22,Chennai +31 other locations
3967,Hindustan Latex Family Planning Promotion Trust,3.6,Healthcare,281,628,28,10,Noida +68 other locations
3968,Mindfire Solutions,4.0,IT Services & Consulting,281,1.6k,5,47,Bhubaneswar +7 other locations
3969,Rochem Separation Systems,3.6,Industrial Machinery,281,1.2k,16,19,Mumbai +28 other locations
3970,Adani Solar,3.6,Power,281,1k,--,36,Mundra +18 other locations
3971,HDFC Credila Financial Services,3.6,Financial Services,281,1.4k,6,17,Mumbai +32 other locations
3972,Malladi Drugs & Pharmaceuticals,3.6,Pharma,281,1.3k,--,25,Chennai +13 other locations
3973,Spectraforce Technologies,3.0,Recruitment,281,1.3k,46,28,Hyderabad +12 other locations
3974,Star Wire India,4.0,Industrial Machinery,281,1.2k,2,19,Faridabad +7 other locations
3975,K R Mangalam University,4.4,Education & Training,279,444,10,59,Gurugram +5 other locations
3976,Kd Logistics,3.8,Logistics,280,927,--,21,Mumbai +38 other locations
3977,Kangaro Industries,3.5,Retail,280,996,3,16,Ludhiana +23 other locations
3978,Sanmarg Projects,3.9,Oil & Gas,280,934,--,21,Noida +56 other locations
3979,Bhavani Industries,3.6,Industrial Machinery,280,1.2k,13,10,Bengaluru +17 other locations
3980,RM Education Solutions,3.2,IT Services & Consulting,280,1.8k,13,29,Thiruvananthapuram +13 other locations
3981,OneAssist Consumer Solutions,3.9,Financial Services,280,1.2k,--,23,Mumbai +31 other locations
3982,The Louis Berger Group,4.4,Engineering & Construction,280,700,--,18,Mumbai +36 other locations
3983,Velnik India,3.2,Beauty & Personal Care,280,1.1k,3,26,Indore +54 other locations
3984,Advance India Projects,4.2,Real Estate,280,969,1,47,Gurugram +10 other locations
3985,Unicorn Infosolutions,3.2,Retail,280,1.1k,11,13,Mumbai +25 other locations
3986,Joyson Safety Systems,4.0,Auto Components,280,1.2k,--,20,Chennai +12 other locations
3987,Vitesco Technologies,4.4,Auto Components,280,1.8k,--,26,Bengaluru +5 other locations
3988,Vanderlande Industries,3.9,Industrial Automation,280,1.7k,42,26,Pune +10 other locations
3989,Girlscript Foundation,4.9,,280,13,--,73,
3990,Suntory Global Spirits India,4.0,Beverage,280,989,6,17,Gurugram +64 other locations
3991,Sun TV Network,3.5,Media & Entertainment,279,1.4k,1,17,Chennai +16 other locations
3992,Infineon Technologies,3.6,Electronics Manufacturing,279,2.6k,141,48,Bengaluru +8 other locations
3993,Varmora Granito,4.0,Building Material,279,860,4,14,Ahmedabad +67 other locations
3994,MMC Infotech Services,3.5,IT Services & Consulting,279,975,5,24,Chennai +5 other locations
3995,Escalon Business Services,3.8,Accounting & Auditing,279,1.1k,--,30,Sahibzada Ajit Singh Nagar +8 other locations
3996,Royal Research,2.0,Analytics & KPO,279,478,--,28,Kolkata +5 other locations
3997,Four Points By Sheraton,4.1,Hospitality,279,692,--,10,Pune +33 other locations
3998,Bihar Rural Livelihoods Promotion Society,3.7,Non-Profit,279,661,--,16,Patna +56 other locations
3999,Dover India,3.9,Industrial Machinery,279,2.2k,13,37,Bengaluru +7 other locations
4000,Superhouse,3.2,Leather,279,1.1k,--,22,Kanpur +9 other locations
4001,Tata nexarc,3.1,Software Product,279,1k,3,29,Mumbai +16 other locations
4002,Fourrts,4.1,Pharma,279,795,4,14,Chennai +45 other locations
4003,Fujitec,3.9,Industrial Machinery,279,1.3k,6,11,Chennai +27 other locations
4004,Olyv,4.3,FinTech,279,625,24,159,Bengaluru +3 other locations
4005,Kirloskar Electric Company,3.7,Electrical Equipment,279,1.1k,14,22,Bengaluru +22 other locations
4006,Cremica Food Industries,3.8,Food Processing,279,1k,--,13,New Delhi +50 other locations
4007,Befree Business Resourceing,3.2,Accounting & Auditing,279,1.5k,26,55,Bengaluru +15 other locations
4008,Eastman Chemical Company,4.0,Chemicals,279,863,2,17,Hyderabad +5 other locations
4009,Techolution,3.5,IT Services & Consulting,279,1.1k,6,68,Hyderabad +4 other locations
4010,Hitachi Astemo Rajasthan Brake Systems,4.3,Auto Components,278,862,--,25,Neemrana +22 other locations
4011,Asia-Pacific Institute of Management,3.7,Education & Training,278,380,18,19,New Delhi +21 other locations
4012,Radium Creation,3.9,Jewellery,278,662,2,9,Mumbai +8 other locations
4013,Anupam Rasayan India,3.6,Chemicals,278,1.3k,13,19,Surat +10 other locations
4014,HYUNDAI TRANSYS INDIA,3.7,Auto Components,278,1.4k,2,20,Anantapur +15 other locations
4015,Walchandnagar Industries,3.2,Industrial Machinery,278,1.1k,4,11,Pune +11 other locations
4016,Polyplex,4.1,Packaging,278,1k,18,10,Noida +14 other locations
4017,Confederation of Indian Industry,3.3,Law Enforcement & Security,278,1.4k,10,22,New Delhi +42 other locations
4018,Calpion Software Technologies,3.5,IT Services & Consulting,278,1.6k,80,22,Bengaluru +7 other locations
4019,Phoenix Contact,4.0,Electronics Manufacturing,278,1.4k,14,27,Faridabad +17 other locations
4020,Indian Institute of Science,4.1,Education & Training,278,1.4k,4,22,Bengaluru +10 other locations
4021,Trivium Education Services,3.7,EdTech,278,902,2,31,New Delhi +17 other locations
4022,Liugong India,3.4,Engineering & Construction,279,1.3k,2,22,Indore +23 other locations
4023,Drydocks World Dubai,3.9,Ports & Shipping,278,569,4,22,Dubai +17 other locations
4024,ISS SDB Security Services,4.1,Facility Management Services,278,582,5,5,Chennai +48 other locations
4025,Ocrolus East,3.4,FinTech,278,892,13,24,Gurugram +10 other locations
4026,American Express Global Business Travel,4.2,Travel & Tourism,278,1.8k,130,17,Gurugram +13 other locations
4027,Petrocon Engineers & Consultants,3.7,Engineering & Construction,278,971,16,27,Hyderabad +10 other locations
4028,Manappuram Home Finance,4.0,Financial Services,277,894,8,11,Mumbai +93 other locations
4029,Nippon Express,3.8,Logistics,277,1.2k,--,11,Bengaluru +37 other locations
4030,EGIS,4.0,Power,277,1k,--,13,Bengaluru +59 other locations
4031,Classplus,3.7,Software Product,277,1.6k,4,33,Noida +19 other locations
4032,Anaptyss,4.0,IT Services & Consulting,277,721,1,16,Noida +6 other locations
4033,Vision Rx Lab,3.9,Medical Equipment,277,964,--,14,Gurugram +33 other locations
4034,Jayashree Polymers,3.7,Auto Components,277,1.3k,--,24,Pune +9 other locations
4035,Roche Diagnostics,3.8,Pharma,277,1.4k,--,33,Mumbai +32 other locations
4036,Chain-Sys,3.1,IT Services & Consulting,277,2.3k,--,23,Chennai +9 other locations
4037,Muthoot Pappachan Group,4.0,Financial Services,277,906,--,14,Thiruvananthapuram +80 other locations
4038,Eastern Software Solutions Pvt. Ltd,3.8,IT Services & Consulting,277,1.1k,--,19,Noida +8 other locations
4039,SKETS Studio,4.0,Architecture & Interior Design,277,784,3,33,New Delhi +10 other locations
4040,Urbanrise,3.8,Real Estate,276,837,5,93,Hyderabad +5 other locations
4041,Videocon Industries Ltd.,3.9,Consumer Electronics & Appliances,276,853,--,11,Chhatrapati Sambhajinagar +62 other locations
4042,Sir Ganga Ram Hospital,4.1,Healthcare,276,839,--,9,New Delhi +13 other locations
4043,Innover Digital,4.3,IT Services & Consulting,276,777,10,22,Kolkata +7 other locations
4044,PaySquare Consultancy,3.8,Recruitment,276,1.7k,7,14,Pune +8 other locations
4045,Suresh Surana & Associates,3.1,Accounting & Auditing,276,997,8,15,Mumbai +17 other locations
4046,Indo Amines,3.0,Chemicals,276,1.4k,4,21,Mumbai +15 other locations
4047,IDP IELTS,3.4,Education & Training,276,1.6k,--,13,Chennai +42 other locations
4048,Shaily Engineering Plastics Ltd,4.1,Industrial Machinery,276,1.2k,12,18,Vadodara +10 other locations
4049,Edureka,3.0,EdTech,276,1.4k,3,29,Bengaluru +20 other locations
4050,Naaptol Online Shopping,3.3,Internet,276,942,7,28,Mumbai +21 other locations
4051,Interface Microsystems,3.7,Auto Components,276,1.3k,6,31,Gurugram +12 other locations
4052,I P Integrated Services,3.7,Telecom,276,824,--,12,Gurugram +54 other locations
4053,Powerica,3.7,Industrial Machinery,276,1.1k,4,14,Mumbai +31 other locations
4054,Bonn Group,3.9,Food Processing,275,1k,--,15,Ludhiana +28 other locations
4055,HiyaMee Private Limited,2.9,Recruitment,275,1.8k,--,16,Bengaluru +10 other locations
4056,Smart Chip,3.9,Electronics Manufacturing,275,733,--,14,Noida +70 other locations
4057,ARCIS e Services,3.6,BPO,275,699,8,7,Gurugram +12 other locations
4058,Meenakshi Polymers,3.6,Auto Components,275,1k,--,17,Gurugram +21 other locations
4059,Star Hospitals,4.0,Healthcare,275,877,--,9,Hyderabad +16 other locations
4060,Reliable Autotech,4.1,Auto Components,275,1.1k,13,9,Pune +5 other locations
4061,Hero Vired,4.5,Education & Training,275,533,--,15,New Delhi +7 other locations
4062,Tatva Chintan Pharma Chem,3.6,Pharma,275,1.1k,8,20,Bharuch +8 other locations
4063,MM Forgings,3.4,Iron & Steel,275,1.5k,1,17,Chennai +24 other locations
4064,Weblink In,3.9,IT Services & Consulting,275,973,12,25,New Delhi +10 other locations
4065,Apparel Group India Private Limited,3.5,Retail,275,1.6k,2,25,Bengaluru +30 other locations
4066,Zee Media Corporation,3.4,Broadcasting,274,1.4k,2,15,Noida +21 other locations
4067,Nalco water,3.8,Waste Management,274,1k,15,16,Pune +46 other locations
4068,Puzzolana Machinery Fabricators,4.1,Industrial Machinery,274,890,--,25,Hyderabad +18 other locations
4069,Century Pulp & Paper,3.8,Pulp & Paper,274,1.1k,1,26,Lalkuan +17 other locations
4070,Teachmint,3.9,EdTech,274,1.2k,24,52,Bengaluru +28 other locations
4071,Forbes & Company,3.7,Engineering & Construction,274,1.2k,18,17,Chhatrapati Sambhajinagar +18 other locations
4072,Venkateshwar Hospital,3.4,Healthcare,274,1k,25,18,New Delhi +10 other locations
4073,Kosamattam Finance,3.7,NBFC,274,809,1,12,Kottayam +81 other locations
4074,Isc Projects,3.8,Engineering & Construction,274,811,--,18,Pune +39 other locations
4075,Indian Molasses Company,3.7,Ports & Shipping,274,1.4k,33,24,Chennai +37 other locations
4076,Ginesys,3.7,Software Product,274,703,19,71,Kolkata +8 other locations
4077,Bajaj Hindusthan,4.1,Food Processing,274,857,--,13,Lucknow +20 other locations
4078,Kunal Structure,3.9,Real Estate,274,817,--,15,Ahmedabad +26 other locations
4079,Netafim Irrigation India,4.1,Industrial Machinery,274,916,--,14,Vadodara +54 other locations
4080,Indian Molasses Company,3.7,Ports & Shipping,274,1.4k,33,24,Chennai +37 other locations
4081,Lipi Data Systems,3.8,Printing & Publishing,273,877,5,8,Udaipur +46 other locations
4082,SMS Limited,4.1,Engineering & Construction,273,2.4k,5,14,Nagpur +43 other locations
4083,Gatewaypark Business,4.6,,259,3,--,19,
4084,Government of Maharashtra,3.8,Government,273,1.7k,--,21,Mumbai +60 other locations
4085,SHL,3.3,Software Product,273,2.1k,6,18,Gurugram +15 other locations
4086,MindCraft Software,3.4,IT Services & Consulting,273,1.9k,1,30,Mumbai +7 other locations
4087,EVRY India,4.5,IT Services & Consulting,273,1.4k,1,19,Bengaluru +3 other locations
4088,Policyboss.com,3.3,Insurance,273,1k,15,12,Mumbai +38 other locations
4089,NTF Group,4.0,Auto Components,273,1.1k,--,23,Gurugram +17 other locations
4090,Oriflame India,4.1,Beauty & Personal Care,273,822,--,18,New Delhi +24 other locations
4091,TimesPro,3.2,Education & Training,273,1.5k,6,21,Mumbai +21 other locations
4092,Siddha Group,3.9,Real Estate,273,920,33,23,Kolkata +9 other locations
4093,Adonmo,4.4,Marketing & Advertising,272,573,--,28,Hyderabad +21 other locations
4094,Vcs Quality Services,4.0,Oil & Gas,273,956,--,19,New Delhi +53 other locations
4095,Noida Power Company,4.3,Power,272,1.2k,--,26,Greater Noida +12 other locations
4096,Vayam Info Solutions,4.0,Recruitment,272,848,--,17,New Delhi +44 other locations
4097,Mitsuba Sical,3.9,Auto Components,272,900,--,19,Gurugram +16 other locations
4098,Seven Hills Hospital,3.8,Healthcare,272,818,5,13,Mumbai +13 other locations
4099,FICO,3.3,Software Product,272,2.2k,28,45,Bengaluru +5 other locations
4100,Cholamandalam Securities,3.5,Financial Services,272,726,--,11,Chennai +100 other locations
4101,East African (I) Overseas Dehradun,4.0,Pharma,272,760,2,77,Dehradun +9 other locations
4102,Boston Scientific,3.9,Healthcare,272,1.8k,15,23,Gurugram +16 other locations
4103,indiagold,4.5,FinTech,272,547,17,45,Gurugram +21 other locations
4104,SasMos HET Technologies,3.7,Electrical Equipment,272,1.4k,4,18,Bengaluru +6 other locations
4105,StudyIn,4.0,EdTech,272,698,9,40,New Delhi +23 other locations
4106,ICFAI Business School,3.4,Education & Training,272,995,5,29,Hyderabad +57 other locations
4107,Adani Realty,3.6,Real Estate,272,1.6k,--,28,Mumbai +10 other locations
4108,Al-Yamama Group,3.5,Engineering & Construction,271,471,--,16,Dammam +25 other locations
4109,RACL Geartech,4.2,Auto Components,271,846,--,21,Noida +12 other locations
4110,BARC,4.4,Defence & Aerospace,271,979,--,33,Mumbai +22 other locations
4111,Sv Creditline,3.7,NBFC,271,569,--,7,Gurugram +88 other locations
4112,Annora Pharma,3.7,Pharma,271,1.1k,--,34,Hyderabad +5 other locations
4113,Cholamandalam MS Risk Services,3.7,Management Consulting,271,846,--,24,Chennai +62 other locations
4114,P&O Cruises,3.6,Travel & Tourism,271,354,--,11,Mumbai +19 other locations
4115,Big C,3.8,Retail,271,674,15,17,Hyderabad +54 other locations
4116,Technique Control Facility Management,3.7,Facility Management Services,271,1k,2,17,Bengaluru +21 other locations
4117,International Flavors & Fragrances,3.7,Chemicals,271,1.8k,60,21,Hyderabad +17 other locations
4118,Arrow,4.4,Fashion & Textile,271,208,--,14,Bengaluru +21 other locations
4119,Niine,3.7,Beauty & Personal Care,271,762,2,15,Gorakhpur +67 other locations
4120,Kalinga Commercial Corporation,3.8,Metals & Mining,270,808,1,28,Bhubaneswar +23 other locations
4121,Hetero Biopharma,3.8,Pharma,270,1k,--,17,Hyderabad +8 other locations
4122,Any Brand,4.1,Fashion & Textile,270,2.1k,--,117,New Delhi +61 other locations
4123,Shriram Properties,4.0,Real Estate,270,1.3k,3,28,Bengaluru +10 other locations
4124,Schneider Electric Infrastructure,4.2,Electrical Equipment,270,1.3k,--,7,Vadodara +24 other locations
4125,Aqualite India,3.7,Fashion & Textile,271,911,--,19,New Delhi +37 other locations
4126,Butterfly Gandhimathi Appliances,4.0,Consumer Electronics & Appliances,270,1.1k,4,10,Chennai +39 other locations
4127,Grauer & Weil (i),3.3,Chemicals,270,1.2k,--,18,Mumbai +29 other locations
4128,ICICI Foundation for Inclusive Growth,3.6,Non-Profit,270,664,--,18,Mumbai +65 other locations
4129,Terex,3.9,Industrial Machinery,270,1.5k,1,12,Bengaluru +20 other locations
4130,Alivira Animal Health,4.1,Pharma,270,992,3,19,Visakhapatnam +18 other locations
4131,Himalaya Opticals,4.4,Retail,270,551,5,39,Kolkata +53 other locations
4132,S G Encon,3.6,Engineering & Construction,270,636,--,19,New Delhi +41 other locations
4133,National Institute of Technology,4.3,Education & Training,270,1.3k,--,16,Mangaluru +41 other locations
4134,Synergy Maritime,4.0,Ports & Shipping,270,1.3k,5,24,Chennai +13 other locations
4135,Olam Group,3.7,FMCG,270,2.8k,33,42,Chennai +39 other locations
4136,Shriram Group,4.0,Financial Services,270,1.4k,--,11,Chennai +115 other locations
4137,InKnowTech,3.1,IT Services & Consulting,270,1.4k,12,23,Bengaluru +25 other locations
4138,Walking Tree,3.2,IT Services & Consulting,270,1.4k,23,30,Hyderabad +12 other locations
4139,Wishfin,3.4,Financial Services,270,1.1k,7,11,Noida +14 other locations
4140,National Institute of Technology,4.3,Education & Training,270,1.3k,--,16,Mangaluru +41 other locations
4141,Synergy Maritime,4.0,Ports & Shipping,270,1.3k,5,24,Chennai +13 other locations
4142,Keka Technologies,3.1,Software Product,270,1.8k,60,50,Hyderabad +6 other locations
4143,Fashion TV,3.0,Retail,269,463,25,27,Mumbai +13 other locations
4144,Sundaram Business Services,3.7,BPO,269,1.1k,1,13,Chennai +8 other locations
4145,Nalco,4.1,Metals & Mining,269,792,9,27,Bhubaneswar +16 other locations
4146,Don Bosco School,3.5,Education & Training,269,585,--,18,Mumbai +64 other locations
4147,Yakult Danone India,3.7,Food Processing,269,775,15,13,New Delhi +24 other locations
4148,Kanwar Enterprises,3.5,Engineering & Construction,269,974,7,18,Noida +38 other locations
4149,Sgs Tekniks Manufacturing,3.9,Electronics Manufacturing,269,1k,9,18,Gurugram +11 other locations
4150,Brinton Pharmaceuticals,4.3,Pharma,269,577,--,21,Pune +41 other locations
4151,L&T Realty,3.7,Real Estate,269,1.1k,--,14,Mumbai +10 other locations
4152,Indo Count Industries,3.5,Fashion & Textile,269,1.3k,31,12,Mumbai +21 other locations
4153,Alchem International,3.8,Pharma,269,981,3,17,Faridabad +24 other locations
4154,Profectus Capital,4.2,NBFC,268,998,--,18,Mumbai +35 other locations
4155,Faber India,4.3,Consumer Electronics & Appliances,268,976,--,16,Pune +57 other locations
4156,Utkarsh Classes,4.1,EdTech,268,418,6,12,Jodhpur +7 other locations
4157,Cargo Service Center India,3.7,Logistics,268,815,2,14,New Delhi +12 other locations
4158,MITA,3.8,Industrial Machinery,268,889,--,23,Ghaziabad +11 other locations
4159,Sumadhura Infracon,4.0,Real Estate,268,1.3k,21,21,Bengaluru +7 other locations
4160,Profectus Capital,4.2,NBFC,268,998,--,18,Mumbai +35 other locations
4161,Central Institute of Mining and Fuel Research,3.9,Education & Training,268,649,--,6,Dhanbad +19 other locations
4162,Normet,3.8,Industrial Machinery,268,1.1k,6,18,Jaipur +20 other locations
4163,Tata Autocomp Gotion Green Energy Solutions,3.8,Auto Components,268,811,--,25,Pune +9 other locations
4164,Everest Fleet,3.0,Urban Transport,268,1k,23,16,Mumbai +17 other locations
4165,Bacardi,3.9,Beverage,268,990,--,18,Gurugram +56 other locations
4166,Valmet,4.0,Oil & Gas,268,1.3k,23,15,Pune +14 other locations
4167,Enzene Biosciences,3.9,Biotechnology,268,1.4k,2,23,Pune +8 other locations
4168,East India Udyog,3.9,Electrical Equipment,268,867,11,17,Noida +38 other locations
4169,Goldstone Cements,3.3,Building Material,268,1.1k,1,22,Guwahati +23 other locations
4170,Protean eGov Technologies,3.4,IT Services & Consulting,269,1.7k,24,16,Mumbai +13 other locations
4171,Rakon,3.7,Electronics Manufacturing,267,1.1k,1,14,Bengaluru +4 other locations
4172,BuildAHome,4.5,Engineering & Construction,267,349,2,83,Bengaluru +5 other locations
4173,Immacule Life Sciences,3.3,Pharma,267,1k,--,25,Nalagarh +12 other locations
4174,Expertise Contracting Company,3.5,Industrial Machinery,267,890,--,24,Al Jubail +15 other locations
4175,Eastern Condiments,3.8,FMCG,267,759,--,15,Kochi +55 other locations
4176,Flipspaces,4.0,Architecture & Interior Design,267,917,18,18,Mumbai +12 other locations
4177,Centific,3.4,IT Services & Consulting,267,1.5k,15,24,Hyderabad +9 other locations
4178,Operational Energy Group India,3.9,Power,267,896,16,16,Chennai +56 other locations
4179,99acres,3.6,Internet,267,1.2k,--,38,Noida +31 other locations
4180,Freelancer.com,4.1,,267,41.6k,35,79,
4181,MAN Truck & Bus,2.6,Automobile,267,904,33,16,Pune +19 other locations
4182,Hidden Brains InfoTech,3.7,IT Services & Consulting,267,841,5,24,Ahmedabad +7 other locations
4183,Bhilai Engineering Corporation,3.6,Industrial Machinery,267,1.1k,--,12,Bhilai Nagar +21 other locations
4184,NEC Software Solutions,3.9,IT Services & Consulting,267,1.9k,34,24,Mumbai +6 other locations
4185,Reliance resQ,3.9,Other,266,598,--,13,Mumbai +81 other locations
4186,Sunteck Realty,3.3,Real Estate,267,1.5k,5,23,Mumbai +9 other locations
4187,Apex CoVantage,3.0,IT Services & Consulting,266,1.2k,9,12,Hyderabad +11 other locations
4188,Karnataka Bank,3.7,Banking,266,1.1k,--,17,Bengaluru +67 other locations
4189,Allengers Medical Systems,3.6,Medical Equipment,266,1.2k,39,16,Chandigarh +41 other locations
4190,Manipal University,4.1,Education & Training,266,1.2k,3,34,Jaipur +20 other locations
4191,Hero Electric,4.0,Automobile,266,1.1k,--,18,Ludhiana +38 other locations
4192,Dbs Mintek,3.4,Financial Services,266,1.4k,3,21,Pune +20 other locations
4193,Shakambhari Ispat & Power,3.7,Power,266,1k,3,23,Kolkata +17 other locations
4194,Centillion Networks,3.7,Telecom,266,1.6k,7,35,Hyderabad +5 other locations
4195,Sonalika Group of Companies,3.7,Automobile,266,1.3k,11,22,Hoshiarpur +43 other locations
4196,Intech Organics,3.1,Agro Chemicals,266,1.1k,8,29,Gurugram +19 other locations
4197,Zeetech Management And Marketing,3.8,,266,47,--,9,
4198,Milky Mist Dairy Food,4.0,Food Processing,266,1.2k,--,26,Erode +57 other locations
4199,Credit Saison India,3.7,NBFC,266,1.3k,32,14,Bengaluru +41 other locations
4200,Mouser Electronics,3.4,Semiconductors,266,1.8k,90,37,Bengaluru +3 other locations
4201,OmniActive Health Technologies,3.4,Fitness & Wellness,265,1.2k,5,18,Pune +13 other locations
4202,Stellar Information Technology,3.7,Software Product,265,1.1k,20,24,Gurugram +13 other locations
4203,Bombardier Transportation,4.4,Urban Transport,265,1k,--,12,Vadodara +11 other locations
4204,Dnata,3.1,Aviation,265,916,7,20,Bengaluru +20 other locations
4205,Brink's,4.0,Logistics,265,678,--,10,Mumbai +47 other locations
4206,Strada,3.5,Financial Services,265,3.2k,12,23,Hyderabad +26 other locations
4207,Naandi Foundation,3.9,Non-Profit,265,600,--,19,Hyderabad +52 other locations
4208,Della Adventure Resort,3.8,Hospitality,265,771,4,15,Pune +17 other locations
4209,Uniqlo,2.8,Fashion & Textile,265,721,2,29,New Delhi +13 other locations
4210,Creamy foods,3.7,Food Processing,265,910,2,27,Bulandshahr +45 other locations
4211,greytHR,3.7,Software Product,265,1.2k,2,38,Bengaluru +15 other locations
4212,Belstar Investment and Finance,4.0,Investment Banking / Venture Capital / Private Equity,265,748,1,8,Chennai +105 other locations
4213,SUN Mobility,3.9,Automobile,265,1.4k,3,34,Bengaluru +10 other locations
4214,Wilo Mather and Platt Pumps,3.9,Industrial Machinery,264,1.2k,4,17,Pune +22 other locations
4215,Shriram Value Services,3.9,IT Services & Consulting,264,542,--,3,Chennai +28 other locations
4216,Shivalaya Construction,4.2,Engineering & Construction,265,922,--,11,New Delhi +36 other locations
4217,MEDOPHARM,3.9,Pharma,264,1.1k,1,16,Chennai +19 other locations
4218,Electronic Arts,4.0,Gaming,264,2.3k,24,30,Hyderabad +7 other locations
4219,Sentiss Pharma,3.6,Pharma,264,1.1k,11,8,Gurugram +27 other locations
4220,Sentiss Pharma,3.6,Pharma,264,1.1k,11,8,Gurugram +27 other locations
4221,Enpro Industries,4.3,Industrial Machinery,264,1.1k,13,26,Pune +2 other locations
4222,Sakra World Hospital,4.1,Healthcare,264,898,24,12,Bengaluru +10 other locations
4223,KiwiTech,3.7,IT Services & Consulting,263,1.5k,1,32,Noida +4 other locations
4224,Etisalat,3.3,Telecom,263,1.2k,--,17,Dubai +15 other locations
4225,Century Enka,4.0,Fashion & Textile,263,922,26,16,Pune +13 other locations
4226,Lafarge,4.6,Building Material,263,519,--,10,Mumbai +73 other locations
4227,Caplin Point Laboratories,3.3,Pharma,263,1.3k,13,20,Chennai +7 other locations
4228,Unitech,3.6,Real Estate,263,1.1k,17,9,Gurugram +29 other locations
4229,Mitsubishi Elevators,4.0,Industrial Machinery,263,928,1,8,Bengaluru +24 other locations
4230,Jspiders,3.7,Education & Training,263,603,--,21,Bengaluru +18 other locations
4231,GyanSys Inc,3.1,IT Services & Consulting,263,2.3k,45,26,Bengaluru +12 other locations
4232,Accurex Biomedical,4.4,Medical Equipment,263,267,--,69,Mumbai +49 other locations
4233,Winjit Technologies,3.6,IT Services & Consulting,263,2k,21,45,Nashik +12 other locations
4234,Toshiba Software India,3.5,IT Services & Consulting,263,1.7k,3,22,Bengaluru +5 other locations
4235,Apna,3.3,Recruitment,263,1.2k,--,40,Bengaluru +21 other locations
4236,The Professional Couriers,3.4,Logistics,263,1.1k,14,8,New Delhi +67 other locations
4237,Trimble,3.8,IT Services & Consulting,263,2.3k,56,34,Chennai +15 other locations
4238,State Bank Operations Support Services,3.4,IT Services & Consulting,263,374,2,21,New Delhi +159 other locations
4239,Armstrong Robotics & Technologies Private Limited,3.9,Industrial Automation,263,1k,5,32,Nashik +13 other locations
4240,Anthology,3.4,EdTech,262,2.1k,--,26,Bengaluru +7 other locations
4241,Yatharth Hospital,3.9,Healthcare,264,969,5,14,Noida +9 other locations
4242,Reliance Fresh,4.4,Retail,262,543,--,20,New Delhi +60 other locations
4243,Supermax Personal Care,3.5,Beauty & Personal Care,262,954,--,17,Mumbai +47 other locations
4244,Tata Boeing Aerospace,3.7,Defence & Aerospace,262,1.4k,15,14,Hyderabad +9 other locations
4245,Medgenome Labs,3.9,Biotechnology,262,989,3,23,Bengaluru +21 other locations
4246,Insecticides India,4.0,Agro Chemicals,262,1.2k,2,18,Bharuch +42 other locations
4247,Corsearch,4.0,IT Services & Consulting,262,416,5,12,Mumbai +5 other locations
4248,Vesuvius,3.8,Industrial Machinery,262,1.1k,3,14,Kolkata +24 other locations
4249,Applus IDIADA,4.0,Auto Components,262,686,8,40,Pune +5 other locations
4250,Sigachi Industries,3.8,Pharma,262,1.2k,--,27,Bharuch +16 other locations
4251,Nandan Petrochem,3.7,Petrochemicals,262,1k,7,24,Mumbai +33 other locations
4252,RentoMojo,3.8,Internet,262,1k,42,12,Bengaluru +19 other locations
4253,Sahajanand Medical Technologies,3.4,Medical Equipment,262,1.3k,8,12,Surat +37 other locations
4254,Novonesis,3.9,Biotechnology,262,1.3k,2,17,Bengaluru +11 other locations
4255,JRG Automotive india,3.3,Auto Components,261,948,--,15,Bawal +15 other locations
4256,British Airways,2.9,Aviation,261,1.3k,--,32,New Delhi +13 other locations
4257,JM Financial Home Loans,4.0,NBFC,261,641,1,9,Mumbai +81 other locations
4258,Rostfrei Steels,3.8,Industrial Machinery,261,850,12,36,New Delhi +12 other locations
4259,Danieli,3.5,Industrial Machinery,261,1.2k,--,15,Chennai +15 other locations
4260,Shivani Locks,3.6,Industrial Machinery,261,1k,--,13,Faridabad +12 other locations
4261,The KCP,4.1,Building Material,261,965,9,18,Chennai +16 other locations
4262,Diffusion Engineers,4.0,Industrial Machinery,261,641,2,16,Nagpur +32 other locations
4263,STT Global Data Centres India,3.9,IT Services & Consulting,261,1.1k,--,16,Mumbai +18 other locations
4264,Shyam Steel Manufacturing,3.5,,261,889,--,31,
4265,UNICEF,3.9,Non-Profit,261,727,5,31,New Delhi +58 other locations
4266,Piramal Realty,4.1,Real Estate,261,1.2k,--,14,Mumbai +9 other locations
4267,Pinkerton,3.7,Law Enforcement & Security,261,933,15,13,Gurugram +15 other locations
4268,Kutch Chemical Industries,3.9,Chemicals,261,1.1k,--,21,Gandhidham +15 other locations
4269,Madhu Jayanti International,3.6,FMCG,261,713,16,24,Kolkata +43 other locations
4270,Essel Mining & Industries,4.3,Metals & Mining,261,703,--,20,Kolkata +23 other locations
4271,Vacmet India,4.2,Packaging,261,1.2k,3,18,Indore +13 other locations
4272,Cochin Shipyard,4.2,Ports & Shipping,261,1.1k,--,12,Kochi +16 other locations
4273,Fingent,3.9,Software Product,261,973,28,28,Kochi +4 other locations
4274,JGC Corporation,4.4,Oil & Gas,261,588,7,38,Chennai +17 other locations
4275,Omega Healthcare Solutions,3.7,Healthcare,260,1.8k,--,39,Chennai +8 other locations
4276,Terralogic Software Solutions,2.9,IT Services & Consulting,261,2k,83,34,Bengaluru +10 other locations
4277,Fresenius Medical Care,3.8,Healthcare,260,888,--,17,Gurugram +32 other locations
4278,Snowman Logistics,4.2,Logistics,260,952,2,13,Bengaluru +26 other locations
4279,CohnReznick,3.9,Accounting & Auditing,260,1.7k,28,36,Chennai +4 other locations
4280,PG Electroplast,4.0,Consumer Electronics & Appliances,260,1.1k,--,22,Noida +23 other locations
4281,Cogito Tech,2.4,IT Services & Consulting,260,717,--,32,Noida +4 other locations
4282,Rosenberger Electronic,3.9,Electronics Manufacturing,260,1.2k,1,13,Gurugram +33 other locations
4283,Birla Open Minds Education Private Limited,3.2,Education & Training,260,764,3,19,Hyderabad +33 other locations
4284,AISECT,3.8,Education & Training,260,814,4,9,Bhopal +58 other locations
4285,ReachLocal Services,3.6,Marketing & Advertising,260,1.1k,--,23,Mumbai +5 other locations
4286,Tata Strive Skill Development Centre,3.9,Education & Training,260,607,--,31,Mumbai +48 other locations
4287,Roha Dyechem,3.4,Food Processing,260,1.2k,--,24,Mumbai +10 other locations
4288,Indian Railway Catering and Tourism,3.8,Urban Transport,260,926,--,12,New Delhi +53 other locations
4289,GfK MODE,3.4,Analytics & KPO,260,1.7k,--,25,Gurugram +19 other locations
4290,ZIGRAM,3.4,Software Product,260,1.1k,8,63,Gurugram +8 other locations
4291,Gujarat State Fertilizers & Chemicals,4.2,Agro Chemicals,259,1k,--,13,Vadodara +26 other locations
4292,GrapplTech,4.8,IT Services & Consulting,259,15,--,16,Bengaluru +12 other locations
4293,Rajiv Gandhi Cancer Institute & Research Centre,3.9,Healthcare,259,920,33,16,New Delhi +3 other locations
4294,Rossell Techsys,4.1,Defence & Aerospace,259,1.4k,1,6,Bengaluru +4 other locations
4295,Liberty Shoes,3.8,Fashion & Textile,259,944,2,20,Karnal +47 other locations
4296,MBD GROUP,3.3,Printing & Publishing,259,964,--,13,New Delhi +35 other locations
4297,SCM Garments,3.6,Fashion & Textile,259,1.1k,--,17,Tiruppur +11 other locations
4298,Vistra Corporate Services,3.5,Power,259,1.4k,4,23,Mumbai +11 other locations
4299,L&T Heavy Civil Infrastructure,4.1,Engineering & Construction,259,982,--,25,Chennai +37 other locations
4300,Amity Software Limited,4.0,Insurance,259,774,19,22,Noida +8 other locations
4301,Nesma & Partners,4.1,Engineering & Construction,259,500,--,10,Mumbai +23 other locations
4302,Mamaearth,3.8,Beauty & Personal Care,259,1.3k,24,29,Gurugram +45 other locations
4303,Dyson,3.7,Consumer Electronics & Appliances,259,1.1k,9,21,Gurugram +34 other locations
4304,Dosti Realty,3.7,Real Estate,259,1.1k,1,19,Mumbai +5 other locations
4305,Birla Tyres,3.7,Auto Components,258,647,5,7,Balasore +57 other locations
4306,Super Auto Forge,3.9,Industrial Machinery,258,1.3k,--,8,Chennai +9 other locations
4307,Appasamy Associates,3.6,Medical Equipment,258,1.1k,--,12,Chennai +40 other locations
4308,Augmont Goldtech,4.7,Financial Services,258,305,11,95,Mumbai +57 other locations
4309,MRO,3.0,Clinical Research,258,1.5k,5,6,Pune
4310,LIXIL,3.8,Building Material,258,1k,986,15,Gurugram +41 other locations
4311,Saurav Chemicals,3.6,Agro Chemicals,258,993,10,20,Chandigarh +12 other locations
4312,PMT Machines,3.1,Industrial Machinery,258,1k,11,25,Pune +15 other locations
4313,Gallantt Ispat,3.8,Iron & Steel,258,735,--,17,Gorakhpur +23 other locations
4314,Tata Sikorsky Aerospace,3.7,Defence & Aerospace,257,1.2k,--,11,Hyderabad +4 other locations
4315,Tractor Junction,4.1,Internet,257,453,--,20,Alwar +29 other locations
4316,Government of Andhra Pradesh,3.8,Government,257,1k,--,10,Hyderabad +64 other locations
4317,UBI Services,3.6,Banking,257,685,7,11,Hyderabad +86 other locations
4318,Shivaami Cloud Services,4.1,IT Services & Consulting,257,527,--,76,Mumbai +7 other locations
4319,Weddingz.in,2.8,Internet,257,916,--,17,Mumbai +32 other locations
4320,Tractor Junction,4.1,Internet,257,453,--,20,Alwar +29 other locations
4321,Government of Andhra Pradesh,3.8,Government,257,1k,--,10,Hyderabad +64 other locations
4322,Shivaami Cloud Services,4.1,IT Services & Consulting,257,527,--,76,Mumbai +7 other locations
4323,Weddingz.in,2.8,Internet,257,916,--,17,Mumbai +32 other locations
4324,Tata Sikorsky Aerospace,3.7,Defence & Aerospace,257,1.2k,--,11,Hyderabad +4 other locations
4325,Sparsh Hospital,3.6,Healthcare,257,1.1k,61,4,Bengaluru +28 other locations
4326,Amber,4.1,Internet,257,691,16,39,Pune +9 other locations
4327,Costa Cruise Lines,4.2,Travel & Tourism,257,363,--,15,Mumbai +16 other locations
4328,Pahal Financial Services,4.1,NBFC,257,743,3,11,Ahmedabad +97 other locations
4329,Dhruv Research,3.0,Management Consulting,256,279,--,16,Gurugram +16 other locations
4330,Searce Cosourcing Services,3.1,IT Services & Consulting,256,2.1k,5,37,Pune +13 other locations
4331,Dynamatic Technologies,3.7,Auto Components,256,1.3k,--,15,Bengaluru +11 other locations
4332,O P Jindal Global University,3.7,Education & Training,256,892,10,21,Sonipat +10 other locations
4333,Algonomy,3.9,Software Product,256,1.3k,5,11,Bengaluru +8 other locations
4334,Binary Semantics,3.4,IT Services & Consulting,256,1.5k,7,22,Gurugram +10 other locations
4335,Maharishi Vidya Mandir,4.0,Education & Training,256,692,--,20,Chennai +83 other locations
4336,Mobius Knowledge Services,3.4,Printing & Publishing,256,1.6k,7,9,Chennai +4 other locations
4337,Foundation To Educate Girls Globally,4.0,Education & Training,256,549,25,19,Mumbai +54 other locations
4338,Ambica Steels,3.7,Metals & Mining,256,863,5,27,New Delhi +16 other locations
4339,Modi Mundi Pharma,3.7,Pharma,256,545,17,11,New Delhi +42 other locations
4340,Vialto Partners,2.9,Management Consulting,256,1.5k,6,35,Bengaluru +9 other locations
4341,JSG Group,3.7,Auto Components,256,1.1k,12,15,New Delhi +13 other locations
4342,Perfios Software Solutions,3.6,FinTech,256,2.5k,11,27,Bengaluru +5 other locations
4343,Oswaal Books and Learning Private Limited,4.1,Printing & Publishing,256,372,35,34,Agra +11 other locations
4344,Jeena Sikho Lifecare,3.9,Healthcare,256,676,28,31,Chandigarh +46 other locations
4345,Mogli labs,3.4,Internet,256,1.4k,--,9,Noida +27 other locations
4346,Reliance Cement Company,4.1,Building Material,256,746,--,13,Maihar +29 other locations
4347,Sundaram Home Finance,4.2,NBFC,256,741,8,12,Chennai +75 other locations
4348,Unison Pharmaceuticals,3.9,Pharma,256,1.3k,4,21,Ahmedabad +10 other locations
4349,Madras Radiators and Pressings Limited,3.5,Auto Components,255,386,--,5,Chennai +11 other locations
4350,Hindware Home Innovation,3.6,Consumer Electronics & Appliances,255,704,--,14,Gurugram +50 other locations
4351,Kovai Medical Center and Hospital,4.2,Healthcare,255,962,4,4,Coimbatore +12 other locations
4352,Globus Infocom,4.2,EdTech,255,619,6,38,Noida +30 other locations
4353,ACN Health care,3.3,BPO,255,1k,6,16,Bengaluru +6 other locations
4354,Yodlee,3.8,Software Product,255,1.6k,--,18,Bengaluru +5 other locations
4355,Durian Industries,3.7,Retail,255,1.1k,9,23,Mumbai +37 other locations
4356,Integra Micro Systems,3.9,Software Product,255,1.3k,--,18,Bengaluru +42 other locations
4357,Hewlett Packard Globalsoft,3.5,,255,943,2,5,
4358,Teleindia Networks,3.8,Telecom,255,1.2k,1,11,Bengaluru +27 other locations
4359,Madhucon Projects,3.5,Engineering & Construction,255,799,8,16,Hyderabad +35 other locations
4360,JP Infra,3.7,Real Estate,255,1.4k,9,25,Mumbai +10 other locations
4361,Oriental Aromatics,3.4,Chemicals,255,1.4k,24,29,Vadodara +12 other locations
4362,Rehau Polymers,3.3,Engineering & Construction,255,1.1k,--,14,Vadodara +23 other locations
4363,Quality Council of India,3.3,,255,1.5k,6,24,
4364,Vamani Overseas,3.4,Furniture & Furnishing,255,1.3k,4,14,Faridabad +15 other locations
4365,Singareni Collieries Company,4.5,Metals & Mining,254,581,--,12,Hyderabad +19 other locations
4366,AAFT,4.2,EdTech,254,492,5,24,Noida +7 other locations
4367,Hawkins Cookers,3.6,Consumer Electronics & Appliances,254,838,--,23,Mumbai +39 other locations
4368,Epigral,4.1,Chemicals,254,1.4k,--,22,Bharuch +5 other locations
4369,Captain Fresh,3.9,Food Processing,254,1.2k,3,13,Bengaluru +27 other locations
4370,Kinetic Engineering,3.4,Auto Components,254,941,19,15,Ahilyanagar +17 other locations
4371,J. C. Penney,3.9,Retail,254,1.6k,16,21,Bengaluru +8 other locations
4372,Metacube Software,3.8,IT Services & Consulting,254,2k,7,26,Jaipur +5 other locations
4373,Sony India Software Centre,3.8,Consumer Electronics & Appliances,254,2.1k,43,36,Bengaluru +8 other locations
4374,Steel Infra Solutions,3.5,,254,921,6,15,
4375,Leap Finance,3.2,FinTech,254,1k,8,76,Bengaluru +15 other locations
4376,Eaton Power Quality,4.1,Electronics Manufacturing,254,1.2k,--,12,Puducherry +19 other locations
4377,Sequential Technology International,4.1,BPO,253,897,--,11,Gurugram +4 other locations
4378,ATC Telecom Infrastructure,4.3,Telecom,253,763,--,14,Gurugram +47 other locations
4379,Data Marshall,3.3,Analytics & KPO,253,1.3k,19,13,Hyderabad +6 other locations
4380,Amazon Distributors,3.8,,253,509,--,9,
4381,Cargo Motors,4.1,Automobile,253,871,4,13,Ahmedabad +22 other locations
4382,Royal Infraconstru,3.3,Engineering & Construction,253,783,1,20,Kolkata +37 other locations
4383,Tangoe,3.8,IT Services & Consulting,253,1.2k,--,26,Bengaluru +4 other locations
4384,Sona Koyo Steering Systems,4.3,Auto Components,253,363,6,7,Gurugram +17 other locations
4385,Mahagun India,3.0,Real Estate,253,1k,24,16,Noida +5 other locations
4386,OneBanc Technologies,4.8,FinTech,253,214,3,41,Gurugram +2 other locations
4387,General Energy Management Systems,3.6,Industrial Machinery,253,1k,39,20,Noida +39 other locations
4388,Zee Learn,3.7,Education & Training,253,947,3,15,Mumbai +34 other locations
4389,Asian Heart Institute,4.0,Healthcare,253,437,42,35,Mumbai +6 other locations
4390,Indian Oil- Adani Gas,3.8,Oil & Gas,253,1.2k,11,22,Noida +33 other locations
4391,El Seif Engineering Contracting,4.3,Engineering & Construction,253,315,--,10,Riyadh +17 other locations
4392,Azad Engineering,3.8,Engineering & Construction,253,1.2k,--,17,Hyderabad +13 other locations
4393,PhyCARE Solutions,3.7,Healthcare,253,947,--,18,Hyderabad +7 other locations
4394,Numerator,4.1,Marketing & Advertising,253,1.3k,169,44,Vadodara +3 other locations
4395,HyperCITY,4.7,Retail,252,389,--,4,Mumbai +21 other locations
4396,Malabar Group Of Companies,3.7,Jewellery,252,1.3k,3,9,Kozhikode +55 other locations
4397,Leayan Global,4.0,Fashion & Textile,252,654,--,10,Kanpur +46 other locations
4398,British Paints,3.6,Chemicals,252,647,--,24,New Delhi +77 other locations
4399,Welspun Global Brands,3.8,Fashion & Textile,252,853,--,10,Mumbai +37 other locations
4400,Oriental Carbon & Chemicals,4.2,Chemicals,252,970,--,24,Mundra +16 other locations
4401,Meghmani Industries,3.5,Agro Chemicals,252,1.2k,--,14,Bharuch +22 other locations
4402,Inland World Logistics,3.5,Logistics,249,857,4,12,Mumbai +48 other locations
4403,GTL Limited,4.3,Hardware & Networking,252,581,3,10,Pune +38 other locations
4404,Cordova Publication,3.5,Printing & Publishing,252,540,1,5,Noida +54 other locations
4405,KGK Group,3.4,Jewellery,252,1.2k,23,13,Mumbai +15 other locations
4406,Zyoin,3.6,Recruitment,252,863,6,22,Bengaluru +6 other locations
4407,Catch Foods,4.1,Food Processing,252,421,--,17,Noida +70 other locations
4408,Objectways Technologies,3.1,IT Services & Consulting,252,1.5k,1,17,Karur +8 other locations
4409,Shalina Healthcare,3.3,Pharma,252,742,12,13,Pune +14 other locations
4410,GE Aviation,4.0,Aviation,252,1.3k,--,23,Pune +7 other locations
4411,Leeford Healthcare,4.1,Pharma,252,604,8,14,Ludhiana +69 other locations
4412,Kisna Diamonds - HK Jewels,3.4,Jewellery,252,588,17,22,Mumbai +50 other locations
4413,Hill International,4.2,Engineering & Construction,252,747,42,11,Mumbai +26 other locations
4414,Latinem,3.8,Real Estate,252,558,22,53,Hyderabad +3 other locations
4415,Battery Smart,3.3,Auto Components,252,866,19,19,Gurugram +31 other locations
4416,Richfeel Health & Beauty,2.8,Beauty & Personal Care,251,595,--,5,Mumbai +38 other locations
4417,Turtle,3.2,Fashion & Textile,251,698,--,14,Kolkata +38 other locations
4418,Jain University,3.5,Education & Training,251,929,--,28,Bengaluru +8 other locations
4419,Oncquest Laboratories,3.3,Healthcare,251,895,--,14,New Delhi +29 other locations
4420,Mahindra Susten,4.4,Engineering & Construction,251,970,6,13,Mumbai +28 other locations
4421,Grassroots BPO,3.4,BPO,251,798,3,10,Bengaluru +7 other locations
4422,Apollo 247,3.4,Healthcare,251,1.7k,17,24,Hyderabad +21 other locations
4423,Wheels Emi,3.8,Auto Components,251,840,--,17,Pune +57 other locations
4424,Sudhir Power,3.7,Power,251,1.1k,10,19,Gurugram +36 other locations
4425,Calderys India Refractories,4.1,Metals & Mining,251,1k,103,29,Nagpur +20 other locations
4426,Health Total,3.4,Fitness & Wellness,251,559,20,16,Mumbai +12 other locations
4427,Cardinal Health,4.0,Pharma,251,1.2k,11,34,Bengaluru +9 other locations
4428,Apothecon Pharmaceuticals,4.4,Pharma,251,1k,2,21,Vadodara +9 other locations
4429,Canam Consultants,3.3,Education & Training,250,824,18,12,Chandigarh +22 other locations
4430,New Allenberry Works,3.4,Power,250,925,--,16,Faridabad +11 other locations
4431,GS Engineering & Construction,3.7,Engineering & Construction,250,681,1,10,Mumbai +19 other locations
4432,Sophos Technologies,3.7,Software Product,250,1.8k,17,29,Ahmedabad +7 other locations
4433,Xtancia Technosoft,4.0,Software Product,250,47,--,40,Chennai +2 other locations
4434,Business for Social Responsibility,3.2,Accounting & Auditing,250,521,--,20,Mumbai +20 other locations
4435,Avance Consulting Services,3.8,Recruitment,250,1.3k,1,11,Hyderabad +6 other locations
4436,Betsol,3.6,IT Services & Consulting,250,1.4k,7,41,Bengaluru +3 other locations
4437,Real Time Data Services,4.1,IT Services & Consulting,250,1.3k,14,30,Gurugram +5 other locations
4438,Aditya Infotech,4.3,IT Services & Consulting,250,1.1k,7,14,Noida +42 other locations
4439,Galgotias University,3.3,Education & Training,250,918,2,19,Greater Noida +11 other locations
4440,Galgotias University,3.3,Education & Training,250,918,2,19,Greater Noida +11 other locations
4441,Lloyds Technology Centre,3.5,IT Services & Consulting,250,3.1k,75,54,Hyderabad +8 other locations
4442,Easyday Club,4.6,Retail,249,449,--,11,New Delhi +74 other locations
4443,Venus Industrial Corporation,4.0,Industrial Machinery,249,1k,11,18,Faridabad +16 other locations
4444,Meneta Automotive Components,3.8,Auto Components,249,923,--,20,Sonipat +7 other locations
4445,Bajaj Healthcare,3.3,Pharma,249,1.3k,3,12,Vadodara +12 other locations
4446,ASUS,4.2,Consumer Electronics & Appliances,249,950,8,22,Mumbai +53 other locations
4447,Infocus Technologies,3.9,IT Services & Consulting,249,635,--,25,Kolkata +15 other locations
4448,Bright Life Care,4.0,Fitness & Wellness,250,809,--,15,Gurugram +47 other locations
4449,Kotak Mahindra General Insurance,3.7,Insurance,249,1.4k,--,14,Mumbai +49 other locations
4450,Millennium Engineers & Contractors,4.1,Engineering & Construction,249,1.1k,--,13,Pune +7 other locations
4451,Electropneumatics & Hydraulics (I),4.1,Industrial Machinery,249,1.1k,13,23,Pune +5 other locations
4452,iServeU,4.2,FinTech,249,1.1k,11,25,Bhubaneswar +6 other locations
4453,Motorola,4.2,Consumer Electronics & Appliances,249,1.1k,--,18,Bengaluru +63 other locations
4454,RG Stone Urology & Laparoscopy Hospital,3.9,Healthcare,249,729,85,7,New Delhi +15 other locations
4455,Amantya Technologies,4.0,IT Services & Consulting,249,1.4k,88,52,Gurugram +5 other locations
4456,Ivy Mobility Solutions,2.6,Software Product,249,1.9k,--,22,Chennai +12 other locations
4457,Burckhardt Compression,4.0,Industrial Machinery,249,1.1k,6,10,Pune +9 other locations
4458,KANINI Software Solutions,3.9,IT Services & Consulting,249,1.4k,9,50,Chennai +8 other locations
4459,Media.net Software Services (India),3.3,Marketing & Advertising,249,2.1k,--,77,Mumbai +9 other locations
4460,WizKlub,2.8,EdTech,249,816,--,33,Bengaluru +14 other locations
4461,Ricoh,4.0,IT Services & Consulting,248,719,--,9,New Delhi +43 other locations
4462,Rittal,3.8,Industrial Machinery,248,1.1k,2,15,Bengaluru +19 other locations
4463,Edward Food Research and Analysis Centre,3.7,Analytics & KPO,248,639,--,35,Kolkata +4 other locations
4464,Simpson,3.4,Auto Components,248,1.2k,7,12,Chennai +9 other locations
4465,Emversity,4.2,Education & Training,248,221,--,71,Bengaluru +26 other locations
4466,Intersoft Data Labs,3.6,IT Services & Consulting,248,1.4k,8,22,Gurugram +8 other locations
4467,MARG ERP,3.5,Accounting & Auditing,248,1.2k,--,23,New Delhi +35 other locations
4468,Agilysys Technologies India,3.3,Software Product,248,2.6k,11,60,Chennai +4 other locations
4469,Mangalam Cement,4.0,Building Material,248,925,25,17,Kota +30 other locations
4470,Exusia,3.3,IT Services & Consulting,248,757,2,28,Pune +12 other locations
4471,Barista Coffee Company,4.3,Beverage,248,664,4,10,New Delhi +35 other locations
4472,KTL Automobile,3.9,Automobile,248,1.1k,--,24,Lucknow +69 other locations
4473,InvestoXpert,4.3,Real Estate,248,425,2,132,Noida +12 other locations
4474,Toyotetsu India Auto Parts,3.9,Auto Components,248,828,10,12,Bengaluru +9 other locations
4475,Godawari Power & Ispat,4.3,Iron & Steel,248,824,1,15,Raipur +12 other locations
4476,LOTS Wholesale Solutions,3.9,Food Processing,248,979,6,20,New Delhi +6 other locations
4477,Central Tool Room & Training Centre,4.1,Industrial Machinery,248,625,--,7,Bhubaneswar +17 other locations
4478,Niit Foundation,4.0,Education & Training,248,662,3,16,New Delhi +49 other locations
4479,IIT Madras,3.9,Education & Training,247,1.1k,13,28,Chennai +9 other locations
4480,DM Consultants,1.4,,247,61,--,3,
4481,ITCONS e-Solutions,3.3,IT Services & Consulting,247,610,5,17,Noida +68 other locations
4482,Stanley Lifestyles,4.0,Furniture & Furnishing,247,861,24,23,Bengaluru +10 other locations
4483,Sraco,3.8,Engineering & Construction,247,567,--,31,Dammam +24 other locations
4484,Health Insurance TPA of India,3.9,Insurance,247,901,2,20,Noida +24 other locations
4485,Archirodon,4.2,Engineering & Construction,247,386,--,19,Mumbai +23 other locations
4486,Interocean Group,4.4,Ports & Shipping,247,264,7,9,New Delhi +19 other locations
4487,Trantor,3.9,IT Services & Consulting,247,1.8k,30,29,Chandigarh +9 other locations
4488,Laborate Pharmaceuticals,3.7,Pharma,247,886,--,20,Panipat +33 other locations
4489,Saint Gobain Sekurit India,3.6,Auto Components,247,900,--,16,Chennai +16 other locations
4490,Newgen Knowledge Works,3.4,Printing & Publishing,247,1.2k,--,14,Chennai +10 other locations
4491,Huntsman International,4.1,Chemicals,247,1k,8,11,Mumbai +25 other locations
4492,FoodPanda,3.9,Internet,247,812,--,7,Gurugram +20 other locations
4493,Credgenics,4.0,FinTech,247,1.3k,5,41,Noida +6 other locations
4494,L. V. Prasad Eye Institute,4.2,Healthcare,247,627,5,13,Hyderabad +19 other locations
4495,Niwas Housing Finance,4.1,,247,647,9,10,
4496,Ruloans,3.7,Financial Services,247,1.1k,7,19,Mumbai +49 other locations
4497,Vantive,4.5,Healthcare,247,248,12,88,Bengaluru +7 other locations
4498,Decorpot,3.1,Architecture & Interior Design,247,1k,9,27,Bengaluru +16 other locations
4499,House of Hiranandani,4.6,Real Estate,246,559,--,40,Mumbai +11 other locations
4500,Xeam Ventures,3.5,Recruitment,246,852,--,14,New Delhi +69 other locations
4501,NextGen Healthcare,3.7,Software Product,246,1.6k,--,18,Bengaluru +11 other locations
4502,IIFL Securities,3.8,Financial Services,246,1.6k,--,22,Mumbai +41 other locations
4503,House of Hiranandani,4.6,Real Estate,246,559,--,40,Mumbai +11 other locations
4504,PMEA Solar Tech Solutions,4.0,Automobile,246,1k,--,15,Nashik +14 other locations
4505,Honasa Consumer,3.6,Beauty & Personal Care,246,893,7,21,Gurugram +43 other locations
4506,Riviera Infraprojects,4.1,Engineering & Construction,247,735,5,11,Ahmedabad +15 other locations
4507,Naga Limited,3.7,Food Processing,246,1.3k,1,16,Dindigul +22 other locations
4508,Vinove Software & Services,3.4,IT Services & Consulting,246,771,3,62,Noida +4 other locations
4509,Diamond Beverages,3.0,Beverage,246,768,1,28,Kolkata +5 other locations
4510,Bombay Stock Exchange,3.5,Financial Services,246,1.6k,2,9,Mumbai +14 other locations
4511,Terrier Security Services,4.2,Law Enforcement & Security,246,649,--,13,Bengaluru +40 other locations
4512,Som Autotech,4.0,Auto Components,245,944,--,16,Chhatrapati Sambhajinagar +25 other locations
4513,Muthoot Money,3.9,NBFC,245,715,--,21,Hyderabad +81 other locations
4514,Net Solutions,3.8,IT Services & Consulting,245,808,1,10,Chandigarh +4 other locations
4515,Raj Petro Specialities,3.9,Oil & Gas,245,1k,--,7,Chennai +25 other locations
4516,ITW India,3.7,Automobile,245,1.2k,9,17,Pune +18 other locations
4517,C. L. GUPTA EXPORTS,4.3,Import & Export,245,827,--,8,Moradabad +8 other locations
4518,The Smart Cube,3.5,Management Consulting,245,1.9k,--,30,Noida +7 other locations
4519,Securens System,3.9,Law Enforcement & Security,245,753,187,9,Mumbai +36 other locations
4520,Securens System,3.9,Law Enforcement & Security,245,753,187,9,Mumbai +36 other locations
4521,The Smart Cube,3.5,Management Consulting,245,1.9k,--,30,Noida +7 other locations
4522,L&T Water & Effluent Treatment,4.1,Engineering & Construction,245,314,--,10,Chennai +58 other locations
4523,Smith+Nephew,4.1,Medical Equipment,245,1.5k,23,12,Pune +20 other locations
4524,Arrise Bpo Solutions,3.5,BPO,245,707,13,8,Mumbai +59 other locations
4525,Chandigarh Group of Colleges,3.8,Education & Training,245,830,4,21,Chandigarh +20 other locations
4526,Credera,3.2,IT Services & Consulting,245,1.8k,31,41,Hyderabad +10 other locations
4527,Riddhi Corporate Services,3.9,IT Services & Consulting,245,789,--,14,Ahmedabad +55 other locations
4528,Coolberg Beverages,3.3,Beverage,244,495,--,25,Mumbai +40 other locations
4529,National Contracting Company,3.9,Engineering & Construction,244,649,--,4,Chennai +19 other locations
4530,Clearpack,4.1,Industrial Machinery,244,1.1k,--,26,Greater Noida +17 other locations
4531,GMM Pfaudler,3.8,Industrial Machinery,244,1.3k,--,13,Anand +11 other locations
4532,Zamil Steel Buildings India,4.0,Engineering & Construction,244,1.2k,10,10,Pune +22 other locations
4533,Everllence,3.7,Industrial Machinery,245,1.2k,6,15,Chhatrapati Sambhajinagar +10 other locations
4534,Vision Express,4.0,Retail,244,562,--,2,Bengaluru +37 other locations
4535,Essar Power,4.0,Power,244,1k,--,7,Jamnagar +18 other locations
4536,Rishabh Software,3.6,IT Services & Consulting,244,1.7k,45,15,Vadodara +12 other locations
4537,Health Prime Services (India),3.5,Medical Equipment,244,913,7,17,Mumbai +11 other locations
4538,Plada Infotech Services,3.6,IT Services & Consulting,244,746,2,11,Mumbai +44 other locations
4539,AONE OUTSOURCING SOLUTIONS,4.6,Financial Services,244,320,--,21,Ghaziabad +7 other locations
4540,Bizcrum Infotech,3.5,Internet,244,800,--,14,New Delhi +59 other locations
4541,Health & Glow,3.7,Beauty & Personal Care,244,1.2k,--,16,Bengaluru +15 other locations
4542,Health Prime Services (India),3.5,Medical Equipment,244,913,7,17,Mumbai +11 other locations
4543,Goodluck,3.8,Iron & Steel,244,893,--,24,Ghaziabad +24 other locations
4544,Cryoviva Biotech,3.4,Biotechnology,244,617,2,14,Gurugram +46 other locations
4545,Microchip Technology,3.8,Semiconductors,244,1.9k,91,40,Bengaluru +6 other locations
4546,CGM ARIA Health Services,3.6,Software Product,244,511,3,24,Noida +5 other locations
4547,Sila Solutions,3.8,Facility Management Services,244,764,17,19,Mumbai +22 other locations
4548,Mercurius Advisory Services,4.4,Accounting & Auditing,244,543,26,35,New Delhi +2 other locations
4549,Agappe Diagnostics,4.0,Medical Equipment,244,729,10,25,Kochi +36 other locations
4550,Adfactors PR,3.3,Marketing & Advertising,244,1.8k,17,17,Mumbai +12 other locations
4551,Dataflow Group,3.0,Law Enforcement & Security,244,1.1k,15,19,Noida +8 other locations
4552,VSynergize Outsourcing,3.1,Marketing & Advertising,244,903,12,8,Pune +1 other locations
4553,Apollo Pipes,3.9,Building Material,243,873,8,16,Noida +34 other locations
4554,Tokai Rubber Auto Parts India,3.4,Industrial Machinery,243,921,--,17,Neemrana +11 other locations
4555,Onkar Infotech,3.9,BPO,243,697,3,10,Gurugram +3 other locations
4556,Pacific Cyber Technology,3.6,Electronics Manufacturing,243,875,14,15,Daman & Diu +10 other locations
4557,Navata Road Transport,3.6,Logistics,243,753,56,15,Vijayawada +34 other locations
4558,VERITY GLOBAL SOLUTIONS,3.5,Investment Banking / Venture Capital / Private Equity,243,1.3k,--,14,Bengaluru +11 other locations
4559,Lucy Electric,3.9,Electrical Equipment,243,1.1k,17,17,Nashik +15 other locations
4560,Lucy Electric,3.9,Electrical Equipment,243,1.1k,17,17,Nashik +15 other locations
4561,Allianz,4.4,Insurance,243,1.7k,6,20,Thiruvananthapuram +15 other locations
4562,GeeksForGeeks,2.8,Education & Training,243,1.1k,5,45,Noida +10 other locations
4563,Moveinsync Technology Solutions,3.1,Software Product,243,1.5k,16,35,Bengaluru +12 other locations
4564,Virgo Laminates,4.1,Building Material,243,707,--,7,New Delhi +54 other locations
4565,Suminter India Organics,3.8,FMCG,243,828,3,19,Mumbai +25 other locations
4566,Sika,3.9,Chemicals,243,958,8,22,Mumbai +35 other locations
4567,Mahindra Defence Systems,4.0,Defence & Aerospace,243,1.2k,--,16,Pune +25 other locations
4568,KhataBook,3.5,FinTech,243,1.3k,7,18,Bengaluru +27 other locations
4569,SA Infrastructure Consultants,3.5,Engineering & Construction,243,796,--,11,Noida +60 other locations
4570,Madras Engineering Industries,3.8,Auto Components,242,1.2k,6,11,Chennai +14 other locations
4571,Sangam India,3.8,Fashion & Textile,242,929,6,19,Bhilwara +22 other locations
4572,Forvia,3.4,Auto Components,243,1.3k,--,25,Pune +13 other locations
4573,Tatvasoft,3.4,IT Services & Consulting,242,1.7k,2,65,Ahmedabad +6 other locations
4574,JWIL,4.1,Waste Management,242,931,--,9,New Delhi +37 other locations
4575,Housejoy,4.2,Facility Management Services,242,503,--,2,Bengaluru +16 other locations
4576,Jindal India Thermal Power,3.8,Power,242,987,--,23,Angul +17 other locations
4577,e-Procurement Technologies,3.2,IT Services & Consulting,242,871,--,17,Ahmedabad +18 other locations
4578,SpanIdea,3.4,IT Services & Consulting,242,1.6k,23,34,Bengaluru +10 other locations
4579,Toshiba,4.2,Industrial Machinery,242,1.2k,--,33,Bengaluru +31 other locations
4580,Jindal India Thermal Power,3.8,Power,242,987,--,23,Angul +17 other locations
4581,Interarch Building Product,4.0,Engineering & Construction,242,1k,7,15,Noida +29 other locations
4582,PERSOLKELLY,3.4,Recruitment,242,1k,--,18,Bengaluru +40 other locations
4583,Antara Senior Care,3.3,,242,924,6,29,
4584,Toshiba,4.2,Industrial Machinery,242,1.2k,--,33,Bengaluru +31 other locations
4585,Puranik Builders,4.2,Real Estate,242,1.1k,10,6,Mumbai +8 other locations
4586,Net Access India,3.8,IT Services & Consulting,242,1.2k,18,33,Chennai +31 other locations
4587,Botree Software International,3.6,Software Product,242,1.6k,13,20,Chennai +15 other locations
4588,Envestnet Asset Management,4.0,Financial Services,242,1.8k,6,20,Thiruvananthapuram +7 other locations
4589,IndustryBuying.com,3.0,Internet,242,1.2k,5,23,New Delhi +17 other locations
4590,Dalmia Bharat Sugar & Industries,4.2,Food Processing,242,811,1,19,Kolhapur +19 other locations
4591,Franco-Indian Pharmaceuticals,3.2,Pharma,241,698,--,10,Mumbai +46 other locations
4592,The Institute Of Chartered Accountants,3.3,Education & Training,241,1.3k,7,18,New Delhi +50 other locations
4593,National Securities Depository,3.4,Financial Services,241,1.8k,--,15,Mumbai +10 other locations
4594,Triveni Turbines,3.5,Electrical Equipment,241,1.4k,--,38,Bengaluru +17 other locations
4595,Starmark Software,3.3,IT Services & Consulting,241,1.6k,6,20,Bengaluru +4 other locations
4596,Skylark Infra Engineering Private Limited,3.8,Engineering & Construction,241,613,4,24,Gurugram +41 other locations
4597,Innova Captab,4.1,Pharma,241,806,6,9,Baddi +13 other locations
4598,Vasta Global,3.8,Clinical Research,241,1.1k,--,43,Mumbai +8 other locations
4599,Capillary Technologies,3.4,Software Product,241,2k,1,20,Bengaluru +7 other locations
4600,Turner Construction,4.0,Engineering & Construction,241,853,3,13,Mumbai +17 other locations
4601,Kapture CX,3.4,Software Product,241,845,44,23,Bengaluru +8 other locations
4602,Anand Rathi Global Finance,3.2,NBFC,241,1k,--,22,Mumbai +39 other locations
4603,Concentrix Catalyst,3.1,IT Services & Consulting,241,2.5k,--,37,Hyderabad +10 other locations
4604,SK E&C,4.4,Engineering & Construction,241,484,--,11,Mumbai +36 other locations
4605,Billabong High International School,3.6,Education & Training,241,755,--,12,Mumbai +20 other locations
4606,Keller Ground Engineering,4.1,Engineering & Construction,241,760,--,21,Chennai +28 other locations
4607,Narmada Bio Chem,4.9,Agro Chemicals,241,285,--,7,Ahmedabad +14 other locations
4608,Lenexis Foodworks,3.8,Hospitality,241,842,12,23,Mumbai +32 other locations
4609,Dev Information Technology,3.5,IT Services & Consulting,241,1.2k,10,8,Ahmedabad +33 other locations
4610,Netenrich Technologies,3.3,Software Product,241,1.9k,9,32,Hyderabad +7 other locations
4611,Organic India,4.3,FMCG,241,940,2,17,Lucknow +49 other locations
4612,United Alliance Technology,4.9,IT Services & Consulting,241,27,--,5,Pune +6 other locations
4613,Deen Dayal Upadhyaya Grameen Kaushalya Yojana,3.9,Government,239,475,--,10,Hyderabad +104 other locations
4614,SevenMentor,4.3,Education & Training,240,449,101,63,Pune +3 other locations
4615,Q Way Technologies,2.9,Healthcare,240,1k,20,15,Chennai +3 other locations
4616,Randstad Global Capability Center,3.6,Recruitment,240,1.6k,--,25,Hyderabad +18 other locations
4617,Emergys Labs,3.4,IT Services & Consulting,240,1.8k,--,29,Pune +9 other locations
4618,RGBSI,3.2,Software Product,240,1.5k,--,30,Bengaluru +9 other locations
4619,Klaus IT Solutions,3.5,IT Services & Consulting,240,1.3k,4,15,Bengaluru +5 other locations
4620,YES SECURITIES,3.4,Investment Banking / Venture Capital / Private Equity,240,1.4k,100,18,Mumbai +41 other locations
4621,Boston Institute of Analytics,4.3,Education & Training,240,233,1,84,Mumbai +13 other locations
4622,ION Group,2.5,Software Product,240,1.6k,21,113,Noida +8 other locations
4623,OneCard,3.4,FinTech,240,1.3k,2,27,Pune +11 other locations
4624,SRM Institute of Science and Technology,3.8,Education & Training,240,1.4k,18,19,Chennai +17 other locations
4625,Bravura Solutions,3.6,Software Product,240,1.2k,25,17,Gurugram +3 other locations
4626,Simpolo Vitrified,4.0,Building Material,240,798,23,19,Ahmedabad +41 other locations
4627,WorkIndia,3.1,IT Services & Consulting,240,1.4k,5,34,Bengaluru +18 other locations
4628,Radnik Exports,4.1,Fashion & Textile,239,786,3,7,Noida +6 other locations
4629,VISA Steel,3.2,Iron & Steel,239,826,--,23,Jajpur +16 other locations
4630,Simar Infrastructures,3.7,Engineering & Construction,239,800,--,15,Panipat +48 other locations
4631,iVenus,4.2,Retail,239,385,1,41,Surat +25 other locations
4632,Arkade Group,3.9,Real Estate,239,306,1,38,Mumbai +5 other locations
4633,Kharafi National,4.3,Engineering & Construction,239,320,--,3,Chennai +18 other locations
4634,Live Connections,3.8,Recruitment,239,863,8,22,Chennai +7 other locations
4635,Kaveri Seed Company,3.9,Agriculture,239,721,--,23,Hyderabad +62 other locations
4636,Galpha Laboratories,3.7,Pharma,239,733,--,10,Baddi +28 other locations
4637,Chennai Petroleum Corporation,4.6,Oil & Gas,239,1k,--,19,Chennai +11 other locations
4638,Kamineni Hospitals,4.1,Healthcare,239,761,8,12,Hyderabad +10 other locations
4639,Lentra AI,2.8,Financial Services,239,1.9k,2,23,Pune +6 other locations
4640,VGN Projects Estates,3.8,Real Estate,239,696,1,15,Chennai +8 other locations
4641,Sterling Hospitals,4.0,Healthcare,239,797,--,11,Ahmedabad +15 other locations
4642,CLR Facility Services,3.7,Facility Management Services,239,813,3,11,Pune +43 other locations
4643,Entero Healthcare Solutions,4.1,Pharma,239,955,13,11,Mumbai +26 other locations
4644,Amara Raja Power Systems,4.3,Auto Components,239,939,48,20,Tirupati +35 other locations
4645,Prabhat Dairy,3.7,FMCG,239,856,--,7,Mumbai +25 other locations
4646,Avontix,3.4,IT Services & Consulting,239,785,33,21,Hyderabad +3 other locations
4647,Sanghvi Movers,4.3,Industrial Machinery,239,670,14,37,Pune +28 other locations
4648,Vaidik Eduservices,3.3,EdTech,239,514,12,77,Noida +15 other locations
4649,Karanwal Capital,4.6,Investment Banking / Venture Capital / Private Equity,238,211,--,102,Mumbai +2 other locations
4650,Miraj Cinemas,3.8,Media & Entertainment,238,557,--,4,Mumbai +53 other locations
4651,Hofincons Infotech & Industrial Services,4.1,Industrial Machinery,238,612,--,8,Chennai +39 other locations
4652,GlobusSoft,3.6,IT Services & Consulting,238,783,5,36,Bengaluru +6 other locations
4653,Sales India,4.0,Retail,238,1.6k,--,32,Ahmedabad +74 other locations
4654,National Petroleum Construction Company,4.4,Oil & Gas,238,534,--,11,Abu Dhabi +21 other locations
4655,Formidium Corp,2.8,Financial Services,238,1.3k,--,12,Jaipur +6 other locations
4656,AGIO Pharmaceuticals,3.5,Pharma,238,850,7,43,Pune +10 other locations
4657,Pinnacle Industries,3.5,Auto Components,238,1.1k,3,16,Indore +11 other locations
4658,Gen,4.1,Software Product,238,1.7k,1,23,Pune +8 other locations
4659,KPC Projects,4.0,Engineering & Construction,238,848,6,21,Hyderabad +28 other locations
4660,Gen,4.1,Software Product,238,1.7k,1,23,Pune +8 other locations
4661,Kuwait Oil Company,4.3,Oil & Gas,238,742,--,17,Chennai +18 other locations
4662,Safran Engineering Services India,3.2,Aviation,238,1.7k,15,30,Bengaluru +7 other locations
4663,Kanpur Plastipack,3.6,Packaging,238,773,2,21,Kanpur +6 other locations
4664,KPC Projects,4.0,Engineering & Construction,238,848,6,21,Hyderabad +28 other locations
4665,Income Tax Department India,4.3,Government,238,964,--,10,New Delhi +81 other locations
4666,Covalent Laboratories,3.3,Pharma,238,975,1,10,Hyderabad +7 other locations
4667,Zota Health Care,3.7,Pharma,238,846,9,23,Surat +60 other locations
4668,Hindustan Pencils,4.2,FMCG,238,695,5,5,Mumbai +59 other locations
4669,Collman Services,3.8,BPO,238,727,--,12,Chennai +26 other locations
4670,Dish Infra Services,3.2,Telecom,237,612,--,7,New Delhi +82 other locations
4671,PIX Transmissions,3.6,Petrochemicals,237,882,11,17,Nagpur +12 other locations
4672,Smc Insurance Brokers,3.5,Insurance,237,849,5,10,New Delhi +32 other locations
4673,ICICI Merchant Service,3.4,Banking,237,643,--,14,Mumbai +55 other locations
4674,MQSYS Technologies,3.6,IT Services & Consulting,237,2.3k,--,15,Chennai +17 other locations
4675,Identifyplus Delivery Services,3.1,Logistics,237,410,--,11,Gurugram +86 other locations
4676,The Sparks Foundation,4.2,Education & Training,237,321,--,23,Mumbai +20 other locations
4677,Optiemus Electronics,3.6,Electronics Manufacturing,237,844,5,11,Noida +8 other locations
4678,Filatex India,3.6,Fashion & Textile,237,1.1k,3,16,Bharuch +16 other locations
4679,FEV,3.4,Auto Components,237,1.6k,1,10,Pune +7 other locations
4680,Dish Infra Services,3.2,Telecom,237,612,--,7,New Delhi +82 other locations
4681,ICICI Merchant Service,3.4,Banking,237,643,--,14,Mumbai +55 other locations
4682,Expertrons,3.7,Education & Training,237,622,9,39,Mumbai +7 other locations
4683,Mfar Constructions,3.6,Engineering & Construction,237,772,1,13,Bengaluru +13 other locations
4684,Webtel Electrosoft,3.6,IT Services & Consulting,237,1k,6,13,New Delhi +12 other locations
4685,Vakilsearch,3.2,Legal,237,1.1k,18,15,Chennai +12 other locations
4686,Annova Solutions,3.7,Pharma,237,806,18,18,Indore +11 other locations
4687,Reliance Smart Bazaar,4.0,Retail,237,566,--,12,New Delhi +108 other locations
4688,Texas Review,4.0,Education & Training,237,559,1,71,Hyderabad +13 other locations
4689,SkillRecruit,4.4,Recruitment,237,332,--,9,Hyderabad +11 other locations
4690,Vserve Ebusiness Solutions,4.2,IT Services & Consulting,237,714,2,4,Coimbatore +9 other locations
4691,Vara United,3.7,IT Services & Consulting,236,684,4,9,Hyderabad +29 other locations
4692,Manubhai Jewellers,4.7,Jewellery,236,194,--,62,Mumbai +2 other locations
4693,BillDesk,3.2,FinTech,236,1.4k,9,17,Mumbai +15 other locations
4694,Carnival Cinemas,3.6,Media & Entertainment,236,773,--,8,Mumbai +60 other locations
4695,Barmalt Malting,3.8,Food Processing,236,912,2,15,Gurugram +14 other locations
4696,NKC Projects,4.0,Engineering & Construction,236,1k,--,13,Gurugram +27 other locations
4697,Bonito Designs,3.5,Architecture & Interior Design,236,1.2k,1,39,Bengaluru +4 other locations
4698,Sanjeev Auto Parts Manufacturers,4.0,Auto Components,236,739,5,16,Chhatrapati Sambhajinagar +3 other locations
4699,Nagata India,3.8,Metals & Mining,236,924,--,12,Gurugram +15 other locations
4700,Galva Decoparts,3.5,Chemicals,236,1.1k,--,18,Vapi +16 other locations
4701,WeRize,3.1,Financial Services,236,1k,10,18,Bengaluru +18 other locations
4702,Neudesic Technologies,4.1,IT Services & Consulting,236,2.1k,7,39,Bengaluru +4 other locations
4703,Javi Systems,3.5,IT Services & Consulting,236,703,--,15,Gurugram +34 other locations
4704,Maruti Ispat And Pipes,3.6,Iron & Steel,236,514,1,35,Hyderabad +11 other locations
4705,11:11 Systems,3.4,IT Services & Consulting,236,1.4k,6,17,Pune +3 other locations
4706,Arun Excello,3.9,Engineering & Construction,236,949,12,16,Chennai +14 other locations
4707,Genzeon (India) Private Limited,3.9,IT Services & Consulting,236,858,34,55,Hyderabad +3 other locations
4708,Casio India Company,3.3,Consumer Electronics & Appliances,235,866,--,24,New Delhi +30 other locations
4709,CTM India Limited,3.4,Industrial Machinery,235,816,--,8,Chennai +19 other locations
4710,Chai Point,3.8,Internet,235,1.2k,15,16,Bengaluru +16 other locations
4711,Pittie Group,3.0,Real Estate,235,996,1,23,Mumbai +34 other locations
4712,Indo German Tool Room,4.1,Government,235,529,--,10,Chhatrapati Sambhajinagar +20 other locations
4713,Indiabulls Real Estate,4.4,Real Estate,235,932,--,9,Mumbai +22 other locations
4714,Neon Laboratories,4.1,Pharma,235,1.1k,--,8,Mumbai +38 other locations
4715,ABEC,4.2,Events,235,420,9,30,Mumbai +13 other locations
4716,Alembic,4.0,Pharma,235,811,162,20,Vadodara +28 other locations
4717,Airblack,4.0,EdTech,235,266,11,26,Gurugram +6 other locations
4718,St. John's Medical College Hospital,4.1,Healthcare,235,652,--,5,Bengaluru +11 other locations
4719,ProcMart,3.8,IT Services & Consulting,235,553,4,40,Pune +20 other locations
4720,National Insurance Company,4.5,Insurance,234,562,--,6,Kolkata +80 other locations
4721,Ajay Industrial Corporation,3.5,Industrial Machinery,234,800,7,11,New Delhi +40 other locations
4722,Finnable Technologies,4.1,FinTech,234,666,--,20,Bengaluru +51 other locations
4723,Weikfield Foods,3.4,Food Processing,234,785,10,12,Pune +46 other locations
4724,Star Engineers India,3.6,Auto Components,234,1.3k,13,10,Pune +16 other locations
4725,ITI Finance,4.1,Financial Services,234,481,--,16,Mumbai +101 other locations
4726,NBCC,4.0,Real Estate,234,779,--,19,New Delhi +32 other locations
4727,Koyo Bearings India,3.9,Auto Components,234,759,--,8,Rewari +7 other locations
4728,Jaipur National University,3.0,Education & Training,234,609,1,10,Jaipur +8 other locations
4729,Sears Holdings,3.0,Retail,234,1.4k,--,13,Pune +9 other locations
4730,Radius Global Solutions,2.8,BPO,234,985,--,14,Mumbai +6 other locations
4731,QualiZeal,4.0,IT Services & Consulting,234,634,9,63,Hyderabad +3 other locations
4732,The BIM Engineers,4.3,Engineering & Construction,234,1k,26,38,Gurugram +12 other locations
4733,Bread Financial,3.8,FinTech,234,1.6k,23,27,Bengaluru +5 other locations
4734,HAL Offshore,4.2,Oil & Gas,234,929,--,12,Mumbai +28 other locations
4735,The New India Assurance Co.,4.4,Insurance,234,658,1,10,Mumbai +82 other locations
4736,Crown Solutions,3.7,IT Services & Consulting,234,1.6k,--,20,Chennai +10 other locations
4737,Marathon Realty,3.9,Real Estate,234,825,12,10,Mumbai +7 other locations
4738,Shalimar Corp,4.2,Real Estate,234,835,7,18,Lucknow +13 other locations
4739,Jitm Skills,3.2,Education & Training,234,636,1,18,New Delhi +50 other locations
4740,Placementindia.com,4.9,Recruitment,234,5,--,7,New Delhi +2 other locations
4741,Kroll,3.4,Financial Services,234,1.7k,89,26,Mumbai +7 other locations
4742,Accentuate Business Solutions,3.5,IT Services & Consulting,234,2.2k,14,20,Bengaluru +16 other locations
4743,Zifo RnD Solutions,3.7,IT Services & Consulting,234,1.3k,--,69,Chennai +3 other locations
4744,Aarti Pharmalabs,3.7,Pharma,234,1.2k,--,21,Mumbai +15 other locations
4745,Verzeo,2.7,EdTech,233,402,--,33,Bengaluru +12 other locations
4746,University of Petroleum & Energy Studies,3.8,Education & Training,233,870,1,18,Dehradun +12 other locations
4747,Ginger Hotels,4.0,Hospitality,233,722,--,9,Mumbai +40 other locations
4748,Nova IVI Fertility,3.8,Healthcare,233,668,--,17,Bengaluru +45 other locations
4749,Caliber Technologies,3.3,IT Services & Consulting,233,1.6k,3,16,Hyderabad +12 other locations
4750,Parason Machinery,3.3,Industrial Machinery,233,1.2k,7,30,Chhatrapati Sambhajinagar +9 other locations
4751,Shiva Pharmachem,3.8,Pharma,233,1.1k,--,5,Vadodara +11 other locations
4752,Indutch Composites Technology,3.7,Industrial Machinery,233,1.2k,7,7,Chennai +11 other locations
4753,Adani Airport Holdings,3.0,Aviation,233,1k,--,17,Ahmedabad +15 other locations
4754,Tirupati Group,4.1,Pharma,233,1k,--,11,Paonta Sahib +22 other locations
4755,Allen Solly,3.9,Fashion & Textile,233,530,--,16,Bengaluru +70 other locations
4756,Kwality Pharmaceuticals,3.9,Pharma,233,894,4,23,Amritsar +10 other locations
4757,Pearl Global Industries,3.8,Fashion & Textile,233,1k,7,10,Gurugram +11 other locations
4758,Bekaert Industries,3.9,Electrical Equipment,233,983,11,12,Pune +8 other locations
4759,Futurz Staffing Solutions,3.6,Recruitment,233,825,--,20,Mumbai +50 other locations
4760,Kwality Pharmaceuticals,3.9,Pharma,233,894,4,23,Amritsar +10 other locations
4761,Eversana,3.2,Software Product,233,1.6k,37,28,Pune +11 other locations
4762,Allen Solly,3.9,Fashion & Textile,233,530,--,16,Bengaluru +70 other locations
4763,MUNDRA SOLAR TECHNOPARK,3.7,Industrial Machinery,229,701,--,13,Mundra +23 other locations
4764,Box8,3.3,Hospitality,232,820,3,13,Mumbai +20 other locations
4765,Atibir Industries,3.2,Iron & Steel,232,610,1,6,Giridih +15 other locations
4766,Virohan,3.9,EdTech,232,631,4,35,Gurugram +17 other locations
4767,M.J Global,3.9,Packaging,232,296,1,9,Noida +10 other locations
4768,Sanoh,4.1,Auto Components,232,888,--,14,Gurugram +16 other locations
4769,Chandan Steel,3.4,Metals & Mining,232,1k,7,16,Umbergaon +17 other locations
4770,Corecard Software,3.8,FinTech,232,1.4k,--,18,Bhopal +8 other locations
4771,SRM Technologies Pvt.Ltd,3.5,IT Services & Consulting,232,2.1k,40,32,Chennai +11 other locations
4772,Infosearch BPO Services,4.1,BPO,232,490,7,13,Chennai +6 other locations
4773,Evonith Value Steels,4.2,Iron & Steel,232,631,--,18,Wardha +11 other locations
4774,American Tower Corporation,3.9,Telecom,232,1.1k,--,6,Gurugram +45 other locations
4775,Bull Machines,3.8,Engineering & Construction,232,1.1k,27,23,Coimbatore +31 other locations
4776,Spectrum Consultants,2.4,Recruitment,232,992,66,30,Pune +13 other locations
4777,Bihar Foundry and Castings Limited,4.4,Industrial Machinery,232,326,6,11,Ranchi +9 other locations
4778,HMSHost,3.8,FMCG,232,609,1,14,Bengaluru +11 other locations
4779,Grazitti Interactive,3.1,IT Services & Consulting,232,2k,107,20,Chandigarh +7 other locations
4780,Kapston Services,4.0,Recruitment,232,872,--,14,Hyderabad +33 other locations
4781,EVIO,3.8,Power,232,745,14,10,Mumbai +16 other locations
4782,Naprod Life Sciences,3.5,Pharma,232,1k,1,17,Mumbai +9 other locations
4783,SLAP,3.8,Management Consulting,231,838,--,17,Anantapur +15 other locations
4784,Rasna,3.4,Food Processing,231,591,--,18,Ahmedabad +55 other locations
4785,UPS Supply Chain Solutions,3.7,Logistics,231,1.3k,--,15,Pune +15 other locations
4786,Xchanging,4.1,IT Services & Consulting,231,626,--,4,Bengaluru +10 other locations
4787,Government of West Bengal,3.6,Government,231,866,--,10,Kolkata +37 other locations
4788,Focus Energy,3.5,Oil & Gas,231,750,5,19,Jaisalmer +13 other locations
4789,IMSI,3.1,Recruitment,231,793,12,10,Mumbai +40 other locations
4790,Autometers Alliance,4.4,Electronics Manufacturing,231,930,--,16,Noida +16 other locations
4791,Pharmaceutical job,4.2,Pharma,231,2.1k,--,23,Mumbai +65 other locations
4792,Metro Brands,3.8,Fashion & Textile,231,940,8,14,Mumbai +39 other locations
4793,Regalo Kitchens,3.6,Architecture & Interior Design,231,524,9,39,New Delhi +11 other locations
4794,Fusion,3.1,IT Services & Consulting,231,884,1,18,Kolkata +34 other locations
4795,Ratna Sagar,3.9,Printing & Publishing,231,734,1,34,New Delhi +27 other locations
4796,Agiliad,3.3,Engineering & Construction,231,1.7k,32,35,Pune +5 other locations
4797,National Small Industries Corporation,3.9,Government,231,566,--,15,New Delhi +34 other locations
4798,Parle Elizabeth Tools,4.0,Industrial Machinery,231,1k,--,20,Ahmedabad +10 other locations
4799,Renata Precision Components,3.5,Industrial Machinery,231,1.1k,13,15,Pune +10 other locations
4800,Intuit,3.4,IT Services & Consulting,230,2.7k,--,84,Bengaluru +13 other locations
4801,Asian Institute of Medical Sciences,4.0,,230,1.1k,--,5,
4802,OASYS Cybernetics,3.2,IT Services & Consulting,230,1.3k,14,12,Chennai +29 other locations
4803,Prompt Personnel,3.8,Recruitment,230,776,--,11,Mumbai +32 other locations
4804,NCL BUILDTEK,3.5,Building Material,230,899,74,18,Hyderabad +37 other locations
4805,Nordex India,3.8,Internet,230,1.1k,--,15,Chennai +16 other locations
4806,ILS Hospitals,3.5,Healthcare,230,611,--,11,Kolkata +11 other locations
4807,Akkodis,3.2,IT Services & Consulting,230,1.2k,11,24,Bengaluru +10 other locations
4808,IVTL Infoview Technologies,3.5,IT Services & Consulting,230,1.6k,--,11,Chennai +4 other locations
4809,Dhandhania Infotech,3.3,IT Services & Consulting,230,1.1k,9,18,Nagpur +4 other locations
4810,Med Manor Organics,3.7,Pharma,230,661,1,17,Hyderabad +42 other locations
4811,TravelTriangle,3.4,Internet,230,948,7,15,Gurugram +7 other locations
4812,Arkray Healthcare,3.6,Healthcare,230,822,14,7,Surat +34 other locations
4813,Innoval Digital Solutions,4.7,Software Product,230,369,1,9,Thiruvananthapuram +6 other locations
4814,BoAt,4.3,Consumer Electronics & Appliances,230,1.3k,2,11,Mumbai +15 other locations
4815,Linfox Logistics,4.1,Urban Transport,230,670,--,5,Chennai +33 other locations
4816,Azim Premji Foundation,3.8,Non-Profit,230,728,57,34,Bengaluru +48 other locations
4817,Jakson Green,4.3,,230,502,--,19,
4818,Ammann Apollo,4.0,Industrial Machinery,230,976,6,14,Ahmedabad +18 other locations
4819,SMS Pharmaceuticals,3.2,Pharma,230,785,--,15,Hyderabad +5 other locations
4820,American Oncology Institute,4.1,Healthcare,230,938,66,11,Hyderabad +24 other locations
4821,S Chand Group,4.1,Printing & Publishing,230,856,2,5,New Delhi +33 other locations
4822,Omprime Technology Private Limited,4.0,IT Services & Consulting,229,279,5,19,Gurugram +5 other locations
4823,"Sanjay Ghodawat International School, Kolhapur",3.6,Education & Training,229,444,10,122,Kolhapur +13 other locations
4824,Trivitron Healthcare,3.3,Medical Equipment,229,1.1k,1,25,Chennai +17 other locations
4825,Kobelco Construction Equipment India,4.3,Industrial Machinery,229,985,--,21,Chennai +34 other locations
4826,Balaji Enterprises,4.5,Real Estate,229,1.4k,7,11,New Delhi +73 other locations
4827,Bombay Rayon Fashions,3.3,Fashion & Textile,229,834,--,4,Mumbai +20 other locations
4828,Sami-Sabinsa Group,3.1,Pharma,229,1.1k,6,20,Bengaluru +8 other locations
4829,La Renon Healthcare,4.1,Pharma,229,649,15,15,Ahmedabad +47 other locations
4830,Scc Infrastructure,3.9,Engineering & Construction,229,695,3,22,Ahmedabad +35 other locations
4831,Student Life,4.0,Non-Profit,229,557,--,57,Kolkata +46 other locations
4832,Infoesearch Ites,3.2,Media & Entertainment,229,583,6,30,Hyderabad +8 other locations
4833,WPIL,3.4,Building Material,229,859,2,19,Kolkata +31 other locations
4834,bebo Technologies,3.5,IT Services & Consulting,229,1.3k,5,29,Chandigarh +8 other locations
4835,Save the Children,4.4,Non-Profit,229,692,--,18,Gurugram +40 other locations
4836,VHS Consulting,3.8,IT Services & Consulting,229,1.5k,--,14,Bengaluru +12 other locations
4837,Shaw Toyota,4.9,Automobile,229,142,--,51,Pune +3 other locations
4838,EY-Parthenon,2.9,,229,2.8k,--,35,
4839,JAY JAY MILLS,4.1,Fashion & Textile,229,753,106,17,Erode +14 other locations
4840,Tecnotree Convergence,3.1,IT Services & Consulting,229,1.7k,1,16,Bengaluru +3 other locations
4841,Umedica Laboratories,3.6,Pharma,229,1.2k,15,13,Vapi +11 other locations
4842,Aditya Birla Money,4.0,,229,722,--,24,
4843,NIELIT,4.1,Education & Training,229,665,--,19,New Delhi +55 other locations
4844,Harita Techserv,3.4,Recruitment,229,1.2k,--,22,Bengaluru +11 other locations
4845,Grb Dairy Foods,3.5,Food Processing,229,980,--,13,Hosur +32 other locations
4846,MASAI School,4.2,EdTech,229,729,16,26,Bengaluru +7 other locations
4847,BPL Medical Technologies,3.4,Medical Equipment,228,941,10,15,Bengaluru +31 other locations
4848,Geetanjali Medical College and Hospital,4.1,Healthcare,228,706,2,9,Udaipur +22 other locations
4849,SUGAR Cosmetics,3.8,Internet,228,964,--,23,Mumbai +50 other locations
4850,Selectsys,3.6,Software Product,228,1.2k,2,24,Hyderabad +2 other locations
4851,ADARSH DEVELOPERS,4.3,Real Estate,228,710,1,13,Bengaluru +5 other locations
4852,Scania,3.6,Auto Components,228,587,--,17,Bengaluru +21 other locations
4853,Shorthills AI,3.8,Emerging Technologies,228,523,4,12,Gurugram +4 other locations
4854,Games24x7,3.8,Gaming,228,1.7k,1,25,Bengaluru +4 other locations
4855,iD Fresh Food,4.1,FMCG,228,680,2,22,Bengaluru +32 other locations
4856,Red Bull,4.0,Beverage,228,777,5,14,Mumbai +50 other locations
4857,Q3 Technologies,3.5,IT Services & Consulting,228,1.6k,19,32,Gurugram +10 other locations
4858,AGILE AIRPORT SERVICES,3.9,Aviation,228,423,--,17,New Delhi +36 other locations
4859,Tide - Business Management Platform,3.7,FinTech,228,1.3k,58,41,Hyderabad +13 other locations
4860,Fresher Than Fresh,4.0,Retail,228,389,--,58,Hyderabad +43 other locations
4861,Skechers,4.0,Retail,228,781,--,13,Mumbai +56 other locations
4862,CPM International,3.9,Recruitment,228,457,--,20,New Delhi +50 other locations
4863,Radio Mirchi,3.4,Broadcasting,228,1k,--,19,Mumbai +46 other locations
4864,Cyrix Health Care,4.4,Medical Equipment,228,459,16,43,Lucknow +38 other locations
4865,Link Group,3.7,Financial Services,228,1.4k,--,34,Mumbai +9 other locations
4866,Greenway Health,2.9,IT Services & Consulting,228,1.2k,2,28,Bengaluru +3 other locations
4867,Broker Network,2.4,Internet,228,976,--,12,Mumbai +18 other locations
4868,Reecomps Teleservices,3.8,Telecom,227,639,--,13,Mumbai +49 other locations
4869,Excelra Knowledge Solutions,3.5,Analytics & KPO,227,931,10,22,Hyderabad +7 other locations
4870,RASI SEEDS,4.1,Agriculture,227,727,--,8,Hyderabad +70 other locations
4871,Albert David,3.5,Pharma,227,601,3,18,Kolkata +40 other locations
4872,Reliance Home Finance,4.5,NBFC,227,481,--,2,Mumbai +44 other locations
4873,Zenex Animal Health,4.5,Pharma,227,236,3,71,Ahmedabad +43 other locations
4874,Sonovision-Aetos,3.5,IT Services & Consulting,227,1k,--,18,Bengaluru +3 other locations
4875,Pure & Cure Healthcare,4.0,Pharma,227,652,--,9,Haridwar +11 other locations
4876,Pontika Aerotech,3.6,Pharma,227,770,1,18,Paonta Sahib +9 other locations
4877,Rajasthan Patrika,3.3,Broadcasting,227,949,17,10,Jaipur +42 other locations
4878,SunMax Auto Engineering,3.5,Auto Components,227,644,2,12,Gurugram +12 other locations
4879,Oasis Partners Asia,3.8,Recruitment,227,724,--,11,Mumbai +89 other locations
4880,Ventra Health,3.1,Analytics & KPO,227,996,30,16,Chennai +5 other locations
4881,Finorchem Limited,3.7,Petrochemicals,227,820,3,28,Ankleshwar +7 other locations
4882,Paradise Food Court,3.7,Hospitality,227,841,44,22,Hyderabad +14 other locations
4883,Mantri Developers,3.3,Real Estate,227,948,13,9,Bengaluru +6 other locations
4884,AT&S,3.8,Semiconductors,227,1.2k,12,14,Mysuru +29 other locations
4885,Touchstone Educationals,3.4,Education & Training,227,503,9,17,Chandigarh +29 other locations
4886,Uniinfo Telecom Services,3.5,Telecom,227,502,9,13,Indore +33 other locations
4887,Aachi Foods,4.1,FMCG,227,885,3,27,Chennai +32 other locations
4888,Sugam Parivahan,4.2,Logistics,227,708,5,21,Noida +46 other locations
4889,Z1 Tech,4.1,Internet,227,402,20,22,Gurugram +3 other locations
4890,Flash Viven Machining Technologies,3.6,Auto Components,227,1.2k,--,15,Pune +2 other locations
4891,Andhra Paper,3.6,Pulp & Paper,226,1.1k,4,21,Rajamahendravaram +15 other locations
4892,Stratosphere IT Services,3.0,Recruitment,226,1.4k,--,11,Hyderabad +18 other locations
4893,AABSyS IT,3.3,IT Services & Consulting,226,992,1,10,Bhubaneswar +7 other locations
4894,PIT Solutions,3.9,IT Services & Consulting,226,1k,26,17,Thiruvananthapuram +4 other locations
4895,Linc,3.5,FMCG,226,904,6,16,Kolkata +32 other locations
4896,BluSmart,3.9,Urban Transport,226,910,--,20,Gurugram +10 other locations
4897,Reliance Money,4.3,Financial Services,226,794,--,4,Mumbai +52 other locations
4898,Sears IT & Management Services India,3.1,IT Services & Consulting,226,1.3k,--,15,Pune +3 other locations
4899,Brij Gopal Construction Company,3.9,Engineering & Construction,226,774,--,17,New Delhi +34 other locations
4900,Andhra Paper,3.6,Pulp & Paper,226,1.1k,4,21,Rajamahendravaram +15 other locations
4901,Linc,3.5,FMCG,226,904,6,16,Kolkata +32 other locations
4902,Shankaranarayana Constructions,3.9,Engineering & Construction,226,799,3,24,Bengaluru +19 other locations
4903,WEG,4.1,Electronics Manufacturing,226,1.2k,--,18,Hosur +8 other locations
4904,Advantum Health,2.9,Healthcare,226,825,6,13,Hyderabad +4 other locations
4905,Balasore Alloys,3.1,Metals & Mining,226,728,3,16,Balasore +15 other locations
4906,Sneha Farms,4.1,Agriculture,226,828,7,13,Hyderabad +22 other locations
4907,Orange Mantra,3.6,IT Services & Consulting,226,1.1k,27,33,Gurugram +7 other locations
4908,Jaypee Hotels,3.9,Hospitality,226,668,--,11,New Delhi +14 other locations
4909,Impressico Business Solutions,4.5,IT Services & Consulting,226,1k,17,15,Noida +9 other locations
4910,Zeelab Pharmacy,3.6,Pharma,226,642,13,50,New Delhi +30 other locations
4911,APM Terminals,4.4,Ports & Shipping,226,782,130,10,Mumbai +25 other locations
4912,20Cube Logistics,3.8,Logistics,226,1k,2,19,Chennai +30 other locations
4913,ExpertCallers,3.5,BPO,225,870,5,15,Bengaluru +8 other locations
4914,RSH Global,4.2,FMCG,225,739,--,8,Kolkata +50 other locations
4915,Learning Links Foundation,4.1,Non-Profit,225,836,9,15,New Delhi +43 other locations
4916,Sand Martin Consultants,3.0,BPO,225,877,1,29,New Delhi +9 other locations
4917,Om Innovation Call Services,3.6,BPO,225,749,--,6,New Delhi +12 other locations
4918,Promea Therapeutics,4.1,Medical Equipment,225,498,27,21,Hyderabad +7 other locations
4919,Sarda Energy & Minerals,4.0,Iron & Steel,225,832,3,11,Raipur +11 other locations
4920,Om Innovation Call Services,3.6,BPO,225,749,--,6,New Delhi +12 other locations
4921,ExpertCallers,3.5,BPO,225,870,5,15,Bengaluru +8 other locations
4922,The Indian Express,4.0,Printing & Publishing,225,1.2k,--,8,Noida +29 other locations
4923,Verifone,3.1,FinTech,225,1.6k,2,28,Bengaluru +6 other locations
4924,Ileads Auxiliary Services,3.0,BPO,225,690,8,18,Dehradun +11 other locations
4925,Precision Group,3.5,Industrial Machinery,225,1.6k,--,11,Chennai +42 other locations
4926,Maral Overseas,3.7,Fashion & Textile,225,840,--,8,Noida +13 other locations
4927,Godrej Capital,3.5,Financial Services,225,1.5k,--,14,Mumbai +32 other locations
4928,Zydus Hospira Oncology,4.2,Pharma,225,701,--,7,Ahmedabad +6 other locations
4929,Programmers.io,4.0,IT Services & Consulting,225,982,59,31,Jaipur +3 other locations
4930,Sewa Grih Rin,3.4,NBFC,225,842,--,10,New Delhi +56 other locations
4931,Neolite Zkw Lightings,3.8,Auto Components,225,884,6,21,Bahadurgarh +11 other locations
4932,DAZN,2.6,Media & Entertainment,225,1.7k,54,39,Hyderabad +5 other locations
4933,Little Millennium,3.8,EdTech,224,652,7,19,Pune +42 other locations
4934,VRC Constructions India,3.8,Engineering & Construction,226,707,--,10,New Delhi +39 other locations
4935,Essae Digitronics,4.1,Electronics Manufacturing,224,801,1,12,Bengaluru +33 other locations
4936,FarEye,3.2,IT Services & Consulting,224,1.6k,2,30,Noida +6 other locations
4937,Gem Engserv,4.0,Engineering & Construction,224,897,--,29,Mumbai +21 other locations
4938,Ivy Hospital,3.6,Healthcare,224,761,20,10,Chandigarh +13 other locations
4939,Ceragon Networks,3.8,Telecom,224,839,2,14,New Delhi +30 other locations
4940,Little Millennium,3.8,EdTech,224,652,7,19,Pune +42 other locations
4941,Essae Digitronics,4.1,Electronics Manufacturing,224,801,1,12,Bengaluru +33 other locations
4942,LinkedIn,4.1,Internet,224,2.3k,--,73,Bengaluru +8 other locations
4943,TRF,3.5,Auto Components,224,867,--,11,Jamshedpur +18 other locations
4944,Travelex,3.3,Financial Services,224,1.4k,9,20,Mumbai +8 other locations
4945,GLA University,3.6,Education & Training,224,827,12,18,Mathura +12 other locations
4946,Affluent Global Services,2.9,IT Services & Consulting,224,1.2k,--,15,Hyderabad +11 other locations
4947,HEG,3.8,Semiconductors,224,915,--,18,Bhopal +11 other locations
4948,Olympus,3.7,Medical Equipment,224,1k,1,9,Gurugram +19 other locations
4949,Charak Pharma,3.6,Healthcare,224,752,--,12,Mumbai +41 other locations
4950,Changepond Technologies,2.9,IT Services & Consulting,224,1.9k,4,31,Chennai +4 other locations
4951,Echs Polyclinic,4.2,Healthcare,224,418,--,13,New Delhi +108 other locations
4952,Kalyani Maxion Wheels,4.1,Auto Components,224,1k,--,6,Pune +5 other locations
4953,Epicor Software Corporation,3.1,IT Services & Consulting,224,1.8k,2,27,Bengaluru +4 other locations
4954,DelaPlex Software,4.2,IT Services & Consulting,224,948,20,38,Nagpur +6 other locations
4955,Sankey Solutions,3.8,IT Services & Consulting,223,631,1,37,Mumbai +6 other locations
4956,Coffee Day,3.1,Hospitality,223,982,--,22,Bengaluru +32 other locations
4957,Archwell Operations,3.4,IT Services & Consulting,223,1.3k,--,10,Bengaluru +7 other locations
4958,Schott Poonawalla,3.5,Packaging,223,1.1k,3,8,Vadodara +13 other locations
4959,CompuGroup Medical,3.3,Software Product,223,853,--,17,Noida +6 other locations
4960,Archwell Operations,3.4,IT Services & Consulting,223,1.3k,--,10,Bengaluru +7 other locations
4961,Matrix ComSec,3.6,Law Enforcement & Security,223,1.3k,21,21,Vadodara +12 other locations
4962,Informatica Business Solutions,3.8,Software Product,223,2k,--,41,Bengaluru +3 other locations
4963,Army Ordnance Corps,4.8,Defence & Aerospace,223,483,--,7,New Delhi +60 other locations
4964,JPM Group,3.9,Industrial Machinery,223,1.1k,--,12,Gurugram +21 other locations
4965,KNR Constructions,4.1,Engineering & Construction,223,763,2,8,Hyderabad +41 other locations
4966,Megafine Pharma,3.9,Pharma,223,1.1k,--,6,Nashik +11 other locations
4967,Texas Instruments,3.8,Semiconductors,223,2.3k,150,135,Bengaluru +10 other locations
4968,Google Pay,3.7,FinTech,223,1.3k,--,40,Bengaluru +79 other locations
4969,Pearl Precision Products,3.8,Building Material,223,666,3,8,Noida +35 other locations
4970,Kriti Industries,3.6,Building Material,223,687,2,14,Indore +37 other locations
4971,Elevate Services,3.1,Software Product,223,1.1k,2,21,Gurugram +6 other locations
4972,Ritz-Carlton,4.1,Hospitality,223,565,--,10,Bengaluru +16 other locations
4973,Veltris,3.7,IT Services & Consulting,223,1.1k,16,22,Hyderabad +6 other locations
4974,Verifacts Services,3.4,Recruitment,223,747,3,17,Bengaluru +10 other locations
4975,Copart,3.1,Automobile,223,1.6k,3,31,Hyderabad +5 other locations
4976,Pattern Technologies,4.3,IT Services & Consulting,223,470,50,72,Pune +2 other locations
4977,Cube Highways,4.3,Engineering & Construction,223,653,--,17,Noida +50 other locations
4978,Freedom Employability Academy,4.2,Education & Training,224,536,--,28,New Delhi +47 other locations
4979,Kserve Bpo,4.5,BPO,222,452,2,9,Mumbai +5 other locations
4980,Steelman Telecom,3.9,Telecom,222,678,--,8,Kolkata +50 other locations
4981,Ga Digital Web Word,3.6,IT Services & Consulting,222,976,--,17,New Delhi +48 other locations
4982,Essel Group,4.2,Media & Entertainment,222,1k,--,7,Mumbai +39 other locations
4983,Patton International,3.7,Iron & Steel,222,934,1,14,Kolkata +4 other locations
4984,MT Educare,2.9,EdTech,222,727,--,6,Mumbai +25 other locations
4985,Veolia,3.9,Waste Management,222,909,--,13,Bengaluru +43 other locations
4986,Sedin Technologies,4.4,IT Services & Consulting,222,977,26,57,Chennai +5 other locations
4987,La-Gajjar Machineries,4.3,Electronics Manufacturing,222,689,--,8,Ahmedabad +31 other locations
4988,Beumer Group,4.0,Industrial Machinery,222,942,16,18,Gurugram +20 other locations
4989,Flexituff Ventures International,3.3,Packaging,222,813,--,7,Indore +16 other locations
4990,Rustomjee Group,4.0,Real Estate,222,1.2k,--,22,Mumbai +5 other locations
4991,S&IB Services,4.0,Facility Management Services,222,773,--,6,Kolkata +37 other locations
4992,Augtech Nextwealth,3.8,IT Services & Consulting,222,397,9,38,Bhilai Nagar +3 other locations
4993,Nineleaps Technology Solutions,4.2,IT Services & Consulting,222,1.2k,4,39,Bengaluru +4 other locations
4994,RineX,3.8,,222,170,--,218,
4995,D'Decor Home Fabrics,4.1,Fashion & Textile,222,1.3k,9,19,Mumbai +19 other locations
4996,Lubi Industries Llp,4.1,Industrial Machinery,222,955,6,10,Ahmedabad +36 other locations
4997,Zones Corporate Solutions,3.0,IT Services & Consulting,222,1.2k,21,21,Bengaluru +7 other locations
4998,Biotique,3.0,Beauty & Personal Care,222,722,--,17,Noida +35 other locations
4999,Successive Technologies,3.9,IT Services & Consulting,222,2k,26,27,Noida +5 other locations
5000,Lifelong India,3.9,Petrochemicals,222,913,9,19,Gurugram +8 other locations
5001,Nuance Communications,4.1,Software Product,222,1.4k,--,26,Pune +14 other locations
5002,Fragomen Immigration Services,3.4,Travel & Tourism,220,968,--,17,Kochi +13 other locations
5003,Mvs Acmei Technologies,3.9,Industrial Machinery,221,719,5,16,Hyderabad +37 other locations
5004,Bo International,4.1,Beauty & Personal Care,222,449,26,35,New Delhi +5 other locations
5005,Shri Mahavir Ferro Alloys,3.4,Iron & Steel,221,754,--,16,Rourkela +8 other locations
5006,State Street Global Advisors,3.7,,221,2.1k,--,8,
5007,Steril Gene Life Sciences,3.8,Pharma,221,1k,4,16,Puducherry +10 other locations
5008,Religare Finvest,4.3,Financial Services,221,526,1,3,New Delhi +34 other locations
5009,Rolta India,3.3,IT Services & Consulting,221,879,--,2,Mumbai +12 other locations
5010,Ritu Kumar,4.1,Fashion & Textile,221,821,--,14,Gurugram +37 other locations
5011,Innoplexus,4.0,IT Services & Consulting,221,616,--,10,Pune +1 other locations
5012,Vcare Call Center,3.6,BPO,221,555,3,19,Noida +10 other locations
5013,Fortis Memorial Research Institute,4.0,Clinical Research,221,824,--,5,Gurugram +8 other locations
5014,Sun Vacuum Formers,4.0,Auto Components,221,772,--,18,Gurugram +9 other locations
5015,Hicare Services,3.9,Facility Management Services,221,832,--,13,Mumbai +24 other locations
5016,ICPA Health Products,3.1,Healthcare,221,642,28,15,Mumbai +37 other locations
5017,Knest Manufacturers,3.4,Metals & Mining,221,1.2k,--,13,Pune +13 other locations
5018,Petrofac Engineering India,4.5,Petrochemicals,221,1k,5,11,Mumbai +12 other locations
5019,B4S Solutions,4.0,Law Enforcement & Security,221,663,6,11,Pune +49 other locations
5020,Agrim,3.5,Agriculture,221,821,39,26,Gurugram +13 other locations
5021,Teerthanker Mahaveer University,3.4,Education & Training,221,676,38,11,Moradabad +12 other locations
5022,Airtel Africa,3.1,Telecom,221,1.1k,3,44,Gurugram +9 other locations
5023,Marquardt,3.7,Auto Components,221,1.5k,7,15,Pune +5 other locations
5024,SGB By BrandSafway,3.9,Engineering & Construction,221,644,2,22,Hyderabad +32 other locations
5025,Nielsen Sports,3.8,Sports & Recreation,221,916,52,8,Bengaluru +6 other locations
5026,Codeyoung,3.6,,221,683,3,58,
5027,Valenta AI Private Limited,4.3,Emerging Technologies,221,618,7,31,Bengaluru +12 other locations
5028,BeatO,3.3,Fitness & Wellness,220,610,1,20,New Delhi +7 other locations
5029,Pha India,4.0,Auto Components,220,774,1,6,Chennai +13 other locations
5030,Moreish Food,3.5,Food Processing,220,516,8,25,Kolkata +26 other locations
5031,SAVA Healthcare,3.8,Pharma,220,810,68,14,Pune +19 other locations
5032,Nuberg Engineering,3.7,Industrial Machinery,220,991,14,15,Noida +15 other locations
5033,Bank Muscat,4.2,Banking,220,1.9k,--,25,Mumbai +74 other locations
5034,Mehin,3.9,Software Product,220,582,--,9,Mumbai +69 other locations
5035,Blue Cross Laboratories,3.7,Pharma,220,640,2,14,Mumbai +56 other locations
5036,ABCD,4.0,Education & Training,220,5.5k,--,101,Bengaluru +35 other locations
5037,Sutlej Textiles and Industries,3.8,Fashion & Textile,220,875,--,8,Mumbai +19 other locations
5038,IPCS GLOBAL SOLUTIONS PVT LTD,4.4,Education & Training,220,312,5,62,Kochi +27 other locations
5039,SRR Projects,4.1,Engineering & Construction,220,722,4,16,Hyderabad +24 other locations
5040,Colourtex,3.8,Chemicals,220,966,7,11,Surat +13 other locations
5041,Wave Infratech,4.0,Real Estate,220,1.1k,8,27,Noida +8 other locations
5042,Coastal Marine Construction & Engineering,4.2,Engineering & Construction,220,799,16,23,Mumbai +23 other locations
5043,Taggd,3.3,Recruitment,220,720,14,13,Gurugram +17 other locations
5044,Cross Country Infotech,4.0,IT Services & Consulting,220,747,2,54,Pune
5045,Jagsonpal Pharmaceuticals,3.5,Pharma,220,643,11,15,New Delhi +49 other locations
5046,Merkle,3.4,,220,2.1k,--,28,
5047,VisionTek,3.6,Telecom,220,828,6,15,Hyderabad +28 other locations
5048,Relevantz Technology Services,3.6,IT Services & Consulting,219,1.5k,12,33,Chennai +6 other locations
5049,EFKON INDIA,3.8,IT Services & Consulting,219,857,2,14,Gurugram +23 other locations
5050,Techahead Software,4.0,IT Services & Consulting,219,828,5,38,Noida +7 other locations
5051,Victora Industries,3.7,Auto Components,219,773,--,13,Faridabad +10 other locations
5052,United India Insurance Company,4.4,Insurance,219,601,--,10,Chennai +81 other locations
5053,Garden Silk Mills,3.6,Fashion & Textile,219,925,9,6,Surat +11 other locations
5054,MaRS Planning & Engineering Services,3.8,Engineering & Construction,219,812,3,8,Ahmedabad +64 other locations
5055,Blazeclan Technologies,3.7,IT Services & Consulting,219,1.7k,--,21,Pune +8 other locations
5056,SrinSoft Technologies,3.8,IT Services & Consulting,219,1.2k,15,24,Chennai +5 other locations
5057,Bazar India,3.7,Retail,219,445,--,15,Gurugram +56 other locations
5058,SIAC SKH India Cabs Manufacturing,3.8,Industrial Machinery,219,774,--,23,Faridabad +9 other locations
5059,Lapiz Digital Services,2.7,BPO,219,1.2k,15,13,Chennai +4 other locations
5060,Furlenco,3.3,Internet,219,1.2k,--,24,Bengaluru +16 other locations
5061,CyberSWIFT Infotech,3.3,IT Services & Consulting,219,469,2,13,Kolkata +13 other locations
5062,Ishan Technologies,3.7,Internet,219,838,3,16,Ahmedabad +36 other locations
5063,Algoworks,3.2,IT Services & Consulting,219,1.7k,41,31,Noida +5 other locations
5064,Vensa Infrastructure,4.3,Real Estate,219,699,--,18,Hyderabad +24 other locations
5065,Marine Electricals,3.6,Industrial Automation,219,1.2k,13,25,Mumbai +20 other locations
5066,King George's Medical University,4.2,Education & Training,219,600,9,9,Lucknow +13 other locations
5067,Mayur Uniquoters,3.9,Leather,219,1k,7,13,Jaipur +12 other locations
5068,Hyva,3.8,Urban Transport,219,1k,9,20,Pune +14 other locations
5069,Purnartha Investment Advisors,4.1,Financial Services,219,753,6,20,Pune +15 other locations
5070,Busy Infotech,4.0,Software Product,219,825,12,14,New Delhi +29 other locations
5071,ONLEI Technologies,4.9,,218,20,2,25,
5072,Resonance Eduventures,3.7,EdTech,218,701,--,7,Kota +39 other locations
5073,MKCL,3.6,Education & Training,218,1k,--,16,Pune +27 other locations
5074,RegisterKaro,3.5,Internet,218,401,3,76,Gurugram +6 other locations
5075,Flex Technologies,4.0,,218,1.6k,--,12,
5076,PrepLadder,2.7,EdTech,219,1k,13,31,Chandigarh +16 other locations
5077,Forest Essentials,4.0,Retail,218,808,--,18,New Delhi +43 other locations
5078,Preethi Kitchen Appliances,3.9,Electronics Manufacturing,218,684,--,8,Chennai +47 other locations
5079,Neogen Chemicals,3.9,Chemicals,218,1.3k,9,17,Bharuch +8 other locations
5080,Nahars Engineering India,3.2,Auto Components,218,1k,--,15,Bengaluru +10 other locations
5081,Ncc Urban Infrastructure,4.3,Engineering & Construction,218,858,2,16,Hyderabad +24 other locations
5082,Globus Stores,3.7,Retail,218,626,--,9,Mumbai +33 other locations
5083,OPG Mobility,3.1,Automobile,218,669,--,14,New Delhi +32 other locations
5084,Neogen Chemicals,3.9,Chemicals,218,1.3k,9,17,Bharuch +8 other locations
5085,Flex Technologies,4.0,,218,1.6k,--,12,
5086,Xplore-Tech Services,3.2,BPO,218,791,--,21,Kolkata +14 other locations
5087,RAXA,4.2,Law Enforcement & Security,218,468,1,6,New Delhi +25 other locations
5088,Moople Academy,4.2,Education & Training,218,130,4,38,Kolkata +11 other locations
5089,Milk Mantra Dairy,3.7,Food Processing,218,813,--,19,Bhubaneswar +25 other locations
5090,Uni Cards,3.8,FinTech,218,800,9,27,Bengaluru +8 other locations
5091,ExcelSoft Technologies,3.5,IT Services & Consulting,218,1.7k,9,21,Mysuru +4 other locations
5092,Hippo Homes,3.4,Retail,217,689,--,14,New Delhi +15 other locations
5093,ZeMoSo Technologies,3.3,IT Services & Consulting,217,1.1k,11,164,Hyderabad +5 other locations
5094,Savita Oil Technologies,4.2,Oil & Gas,217,968,--,12,Mumbai +28 other locations
5095,Tata Housing Development Company,4.3,Real Estate,217,920,1,11,Mumbai +24 other locations
5096,Mitsui O.S.K. Lines,4.0,Ports & Shipping,217,735,--,5,Mumbai +16 other locations
5097,Ramky Group,4.3,Engineering & Construction,217,751,--,14,Hyderabad +34 other locations
5098,Absolute Barbecues,4.0,Hospitality,217,864,--,9,Hyderabad +22 other locations
5099,Sterling and Wilson Renewable Energy,4.1,Power,217,879,6,11,New Delhi +33 other locations
5100,Orchid Chemicals & Pharmaceuticals,4.1,Pharma,217,504,9,11,Chennai +21 other locations
5101,XenonStack,3.2,Emerging Technologies,217,489,79,33,Sahibzada Ajit Singh Nagar +9 other locations
5102,Yaantra,3.6,Internet,218,556,--,11,New Delhi +25 other locations
5103,Helmerich & Payne,3.8,Oil & Gas,217,1.8k,--,9,Bengaluru +15 other locations
5104,BMW Industries,3.4,Iron & Steel,217,775,--,10,Kolkata +17 other locations
5105,Ganit Inc,3.8,IT Services & Consulting,217,754,2,28,Chennai +7 other locations
5106,Meditab Software,3.2,Software Product,217,1.3k,12,29,Ahmedabad +2 other locations
5107,The Mission Hospital,3.9,Healthcare,217,758,7,9,Durgapur +24 other locations
5108,Unthinkable Solutions,2.7,IT Services & Consulting,217,1.6k,--,63,Gurugram +3 other locations
5109,Scyo Decision Services,4.5,Analytics & KPO,217,365,5,24,Chennai +2 other locations
5110,Chrysalis High,4.0,,217,672,--,17,
5111,inMorphis Services,4.1,IT Services & Consulting,216,913,11,12,Noida +8 other locations
5112,MEDICO Healthcare Services & Technologies,3.1,Healthcare,216,910,--,26,Hyderabad +11 other locations
5113,Ibis,4.4,Hospitality,217,624,--,7,Mumbai +25 other locations
5114,Man Industries,3.5,Iron & Steel,217,1k,5,14,Mumbai +15 other locations
5115,Optimus Drugs,3.9,Pharma,217,1k,--,12,Hyderabad +6 other locations
5116,KFA Consultant,1.3,,216,6,--,3,
5117,Prithvi Innerwears Private Limited,4.8,Fashion & Textile,216,63,--,47,Tiruppur +23 other locations
5118,Garware Hi-Tech Films,4.0,Packaging,216,1k,13,7,Chhatrapati Sambhajinagar +9 other locations
5119,STMicroelectronics,4.0,Semiconductors,216,1.1k,10,24,Noida +7 other locations
5120,Akbar Travels,3.4,Travel & Tourism,216,964,2,13,Mumbai +32 other locations
5121,Kinetic Green Energy And Power Solutions,3.0,Power,216,923,21,23,Pune +29 other locations
5122,Vishnu Chemicals,3.9,Chemicals,216,853,17,21,Visakhapatnam +12 other locations
5123,Consilio,3.6,Legal,216,1.4k,16,26,Bengaluru +7 other locations
5124,Qdigi Services,3.3,Recruitment,216,571,4,12,Noida +45 other locations
5125,Galaxy Weblinks,3.9,IT Services & Consulting,216,903,9,17,Indore +8 other locations
5126,Shangri-la Hotels & Resorts,4.2,Hospitality,216,526,--,5,New Delhi +22 other locations
5127,South Eastern Coalfields,4.2,Metals & Mining,216,291,--,8,Bilaspur +30 other locations
5128,GENWORKS Health,3.2,Healthcare,216,722,5,19,Bengaluru +40 other locations
5129,Born Group,3.6,Marketing & Advertising,216,1.7k,--,19,Chennai +10 other locations
5130,Bosch Power Tools,4.3,Industrial Machinery,216,881,--,16,Chennai +39 other locations
5131,InMobi,3.2,Marketing & Advertising,216,2k,62,42,Bengaluru +10 other locations
5132,Pothys,4.1,Fashion & Textile,216,339,11,11,Chennai +17 other locations
5133,Government Medical College,4.0,Education & Training,216,830,--,6,Srinagar +66 other locations
5134,Matix Fertilisers & Chemicals,3.7,Agro Chemicals,216,1k,--,23,Durgapur +15 other locations
5135,Dunnhumby,3.8,Analytics & KPO,216,1.8k,37,31,Gurugram +5 other locations
5136,Chaitanya Projects Consultancy,4.0,Financial Services,216,630,17,17,Noida +53 other locations
5137,Tata CLiQ,3.0,Internet,216,1.4k,--,15,Mumbai +9 other locations
5138,Lauren Information Technologies,3.5,IT Services & Consulting,216,1.3k,6,10,Mumbai +19 other locations
5139,Chiripal Poly Films,4.0,Packaging,216,1.1k,5,18,Ahmedabad +11 other locations
5140,Navitas Life Sciences,3.6,Clinical Research,216,1.3k,14,16,Chennai +7 other locations
5141,MyCaptain by Imarticus Learning,3.7,EdTech,216,532,--,55,Bengaluru +9 other locations
5142,Mining Engineering Services,3.6,Metals & Mining,217,610,--,34,Vadodara +16 other locations
5143,Svatantra Micro Housing Finance Corporation Limited,3.9,Financial Services,216,691,26,17,Mumbai +57 other locations
5144,Matter Motor Works,3.4,Automobile,216,1k,5,25,Ahmedabad +5 other locations
5145,Cloud Analogy,3.9,IT Services & Consulting,215,1.4k,--,67,Noida +11 other locations
5146,Hinduja Group,3.8,Automobile,216,1.6k,--,25,Chennai +55 other locations
5147,Teachers Insurance and Annuity Association of America,3.8,Financial Services,216,2.1k,--,7,Pune +4 other locations
5148,Walter Bushnell,3.1,Pharma,215,538,--,19,Gurugram +51 other locations
5149,ZingHR,3.1,IT Services & Consulting,215,1.2k,--,22,Mumbai +9 other locations
5150,Aia Engineering,4.1,Industrial Machinery,215,1.1k,--,20,Ahmedabad +5 other locations
5151,Software AG,4.3,Software Product,215,1.6k,--,25,Bengaluru +15 other locations
5152,Kanoria Chemicals & Industries,3.9,Chemicals,215,883,--,16,Ankleshwar +17 other locations
5153,City Montessori School,3.5,Education & Training,215,725,1,8,Lucknow +8 other locations
5154,Centillion Solutions and Services,4.0,IT Services & Consulting,215,571,11,10,Bengaluru +73 other locations
5155,HTL,3.6,Telecom,215,1.2k,3,10,Chennai +10 other locations
5156,Navigators Software,4.2,IT Services & Consulting,215,588,20,19,Kolkata +3 other locations
5157,Information Services Group,3.7,IT Services & Consulting,215,1.5k,8,23,Bengaluru +9 other locations
5158,Ecolab,3.5,Waste Management,215,1.4k,145,23,Pune +14 other locations
5159,Rossari Biotech,3.7,Chemicals,215,1.1k,3,13,Mumbai +24 other locations
5160,Verticurl,3.1,,215,2k,1,13,
5161,Netaxis IT Solutions,3.9,IT Services & Consulting,215,283,3,20,Chennai +4 other locations
5162,Red FM 93.5,3.8,Broadcasting,215,811,--,8,New Delhi +51 other locations
5163,Zinnov Management Consulting,3.3,Management Consulting,215,1.5k,99,27,Bengaluru +13 other locations
5164,Synthite Industries,4.1,Food Processing,215,775,13,11,Kochi +17 other locations
5165,Laxmi-Agni Components and Forging,4.1,Industrial Machinery,215,623,--,14,Chhatrapati Sambhajinagar +8 other locations
5166,Emirates Airlines,3.9,Aviation,215,853,11,25,Mumbai +16 other locations
5167,VISTRA INTERNATIONAL EXPANSION,3.3,Other,215,1.1k,6,24,Mumbai +6 other locations
5168,Cogent,3.2,IT Services & Consulting,215,843,--,23,Bengaluru +25 other locations
5169,Marsh,4.1,Insurance,215,527,--,20,Mumbai +10 other locations
5170,Aziro,3.7,IT Services & Consulting,215,1.3k,123,56,Chennai +4 other locations
5171,ARB Bearings,3.5,Auto Components,215,824,1,12,New Delhi +19 other locations
5172,Hindustan PowerProjects,3.8,Power,215,898,--,11,Anuppur +18 other locations
5173,Flyhomes,4.3,Internet,214,354,--,2,Noida +9 other locations
5174,Shivam Infocom,4.3,Telecom,214,574,--,3,New Delhi +29 other locations
5175,TATA MEDICAL CENTER,3.8,Healthcare,214,597,1,15,Kolkata +6 other locations
5176,Prakash Industries,3.8,Metals & Mining,214,940,4,5,Champa +39 other locations
5177,TPI Composites,4.3,Industrial Machinery,214,949,--,24,Chennai +10 other locations
5178,Anand CY Myutec Automotive,3.6,Auto Components,214,721,--,12,Gurugram +11 other locations
5179,Indo Nissin Foods,4.0,Food Processing,214,693,4,7,Bengaluru +42 other locations
5180,Flyhomes,4.3,Internet,214,354,--,2,Noida +9 other locations
5181,HEPL - A Cavinkare Group Company,3.4,Recruitment,214,1.1k,--,28,Cuddalore +19 other locations
5182,TATA MEDICAL CENTER,3.8,Healthcare,214,597,1,15,Kolkata +6 other locations
5183,Shivam Infocom,4.3,Telecom,214,574,--,3,New Delhi +29 other locations
5184,Prakash Industries,3.8,Metals & Mining,214,940,4,5,Champa +39 other locations
5185,Toshiba Water Solutions,3.7,Waste Management,214,899,--,20,Gurugram +20 other locations
5186,SPRAY ENGINEERING DEVICES,4.2,Industrial Machinery,214,767,2,15,Sahibzada Ajit Singh Nagar +12 other locations
5187,Droom,3.2,Internet,214,1.1k,18,21,Gurugram +1 other locations
5188,Experion Developers,4.7,Real Estate,214,636,--,6,Gurugram +9 other locations
5189,Ajax Engineering,4.0,Engineering & Construction,214,1.2k,8,9,Bengaluru +29 other locations
5190,Analytix Business Solutions,3.3,Analytics & KPO,214,1.2k,1,27,Ahmedabad +8 other locations
5191,TLC DigiTech Private Limited,3.2,Hospitality,214,781,7,16,New Delhi +22 other locations
5192,Bondada Engineering,3.7,Engineering & Construction,214,653,68,30,Hyderabad +42 other locations
5193,Innovapptive,4.3,Software Product,214,689,26,22,Hyderabad +3 other locations
5194,Ts Tech Sun India,4.1,Automobile,214,748,2,16,Neemrana +12 other locations
5195,Amrita Vishwa Vidyapeetham,3.7,Education & Training,214,1.2k,168,18,Coimbatore +17 other locations
5196,Cotecna Inspection India,3.6,Analytics & KPO,214,810,7,9,Mumbai +35 other locations
5197,Biostadt,4.2,,214,570,3,12,
5198,Jyoti Structures,4.1,Power,213,534,1,16,Mumbai +43 other locations
5199,Faiveley Transport,4.0,Railways,213,811,155,14,Hosur +24 other locations
5200,Faiveley Transport,4.0,Railways,213,811,155,14,Hosur +24 other locations
5201,Enser Communications,2.8,IT Services & Consulting,213,773,5,15,Gurugram +14 other locations
5202,Jyoti Structures,4.1,Power,213,534,1,16,Mumbai +43 other locations
5203,Flair Writing Instruments,3.7,Other,213,870,--,14,Mumbai +53 other locations
5204,All India Radio,4.4,Government,213,627,--,12,New Delhi +81 other locations
5205,Anri Solutions HR Services,4.0,Recruitment,213,618,--,21,New Delhi +6 other locations
5206,AYM Syntex,3.5,Fashion & Textile,213,869,--,20,Mumbai +9 other locations
5207,Maxinfra,4.0,Real Estate,213,738,--,16,Hyderabad +26 other locations
5208,Alp Consulting,3.4,Recruitment,213,1.2k,--,22,Bengaluru +19 other locations
5209,TP Southern Odisha Distribution,3.4,,213,695,--,20,
5210,KPR Mill,3.8,Fashion & Textile,213,899,--,11,Coimbatore +20 other locations
5211,NOVO Medisciences,3.3,Pharma,214,483,14,27,Mumbai +32 other locations
5212,Montra Electric,3.7,Automobile,213,802,3,15,Chennai +28 other locations
5213,Tricon Infra Buildtech pvt.Ltd,3.0,Engineering & Construction,213,767,9,17,Pune +7 other locations
5214,Inchcape Shipping Services,3.4,Ports & Shipping,213,1.2k,11,24,Chennai +15 other locations
5215,Rubamin,4.0,Pharma,213,1k,2,19,Vadodara +6 other locations
5216,BridgeLabz Solutions,3.5,EdTech,213,534,--,22,Mumbai +9 other locations
5217,Bikaji Foods,4.0,FMCG,213,624,11,14,Bikaner +51 other locations
5218,Rapid Care Transcription,4.4,Analytics & KPO,213,418,7,56,Chennai +3 other locations
5219,Torque Pharmaceuticals,3.8,Pharma,213,727,11,11,Chandigarh +33 other locations
5220,Bajel Projects,4.2,Engineering & Construction,213,616,10,21,Mumbai +49 other locations
5221,Ensure Support Services,4.4,IT Services & Consulting,213,673,2,5,Chennai +46 other locations
5222,SAMCO Securities,3.9,Financial Services,214,882,--,93,Mumbai +12 other locations
5223,Vivifi India Finance,3.5,NBFC,212,832,--,26,Hyderabad +6 other locations
5224,Bsr Infratech India,3.9,Engineering & Construction,212,885,--,16,Bengaluru +13 other locations
5225,Appsierra,4.4,IT Services & Consulting,212,273,1,32,Noida +16 other locations
5226,OSI Digital,3.6,IT Services & Consulting,212,2.1k,25,18,Hyderabad +4 other locations
5227,Ashok Iron Works,3.3,Industrial Machinery,212,823,14,13,Belagavi +7 other locations
5228,WovVTech,4.2,Software Product,212,408,--,23,Vadodara +11 other locations
5229,Satyesh Brinechem,3.2,Chemicals,212,848,1,29,Bhuj +12 other locations
5230,Mold-Tek Technologies,3.2,IT Services & Consulting,212,934,1,12,Hyderabad +12 other locations
5231,COWI,4.1,Engineering & Construction,212,663,3,9,Gurugram +4 other locations
5232,Jm Frictech,3.3,Industrial Machinery,212,1.1k,2,14,Chennai +9 other locations
5233,Ankura Hospital,3.8,Healthcare,212,971,5,16,Hyderabad +11 other locations
5234,Cleartrip,3.5,Internet,212,1.3k,20,25,Bengaluru +11 other locations
5235,Oasis Fertility,3.9,Healthcare,212,611,10,17,Hyderabad +20 other locations
5236,Square Bpo Services,3.3,BPO,212,767,9,13,Hyderabad +6 other locations
5237,Mordor Intelligence,3.0,Analytics & KPO,213,975,--,21,Hyderabad +3 other locations
5238,Microlink Solutions,3.8,IT Services & Consulting,212,722,3,14,Ahmedabad +31 other locations
5239,Indo National Limited (Nippo),4.2,FMCG,212,683,1,11,Chennai +57 other locations
5240,Indo Rama Synthetics (i),3.6,Fashion & Textile,212,866,3,12,Nagpur +10 other locations
5241,Cordlife Sciences India,3.5,Pharma,212,573,9,13,Kolkata +33 other locations
5242,Rajan Technocast,4.7,Industrial Machinery,212,173,--,10,Rajkot +18 other locations
5243,Arihant Publications,3.5,Printing & Publishing,212,540,7,24,New Delhi +21 other locations
5244,Ananth Technologies,3.9,Electronics Manufacturing,212,1.2k,3,15,Hyderabad +10 other locations
5245,Krishnapatnam Port,3.8,Ports & Shipping,212,724,--,7,Nellore +14 other locations
5246,Spacewood,3.5,Furniture & Furnishing,212,1.2k,7,11,Nagpur +20 other locations
5247,Valueonshore Advisors,3.6,Management Consulting,212,609,14,11,Gurugram +5 other locations
5248,UL Solutions,3.9,"Testing, Inspection and Certification (TIC)",212,765,39,14,Bengaluru +9 other locations
5249,Khanna Paper Mills,3.9,Pulp & Paper,212,849,3,11,Amritsar +13 other locations
5250,John Crane Sealing Systems India,3.4,Industrial Machinery,212,1.2k,65,21,Bengaluru +6 other locations
5251,SEO Discovery,4.9,Financial Services,212,196,3,65,Sahibzada Ajit Singh Nagar +6 other locations
5252,Integrated Personnel Services Limited,4.0,Recruitment,212,885,12,17,Mumbai +36 other locations
5253,Elsamex Maintenance Services,4.1,Facility Management Services,211,580,--,11,Ahmedabad +46 other locations
5254,Mark's,4.0,Telecom,211,28,--,9,Gurugram +35 other locations
5255,Keertana Finserv,3.3,NBFC,211,487,9,25,Hyderabad +59 other locations
5256,FAIRWAY ENTERPRISES,3.9,Leather,211,883,--,16,Krishnagiri +9 other locations
5257,Bharathi Cement,4.0,Building Material,211,728,--,5,Y.S.R. Kadapa +33 other locations
5258,SITA,3.9,IT Services & Consulting,211,1.1k,7,29,Gurugram +29 other locations
5259,UGC Supply Chain Solutions,2.8,Logistics,211,943,--,6,Pune +22 other locations
5260,Sterling Talent Solutions,3.7,Internet,211,732,--,11,Mumbai +3 other locations
5261,AWC Software,3.8,IT Services & Consulting,211,1.5k,4,15,Noida +13 other locations
5262,Modicare,3.9,Beauty & Personal Care,211,778,3,19,New Delhi +46 other locations
5263,Paramatrix Technologies,3.9,Software Product,211,543,26,13,Mumbai +5 other locations
5264,ContinuServe Softech India,3.3,BPO,211,1.3k,--,19,Bengaluru +4 other locations
5265,TEOCO Software,3.8,IT Services & Consulting,211,916,--,18,Kolkata +8 other locations
5266,ATS Homekraft,4.1,Real Estate,211,728,2,23,Noida +7 other locations
5267,Girnar Care,3.4,BPO,211,750,--,19,Jaipur +17 other locations
5268,Moody's,3.9,Analytics & KPO,211,1.8k,--,29,Bengaluru +7 other locations
5269,Chhatrapati Shivaji International Airport,3.5,Real Estate,211,1.1k,--,11,Mumbai +7 other locations
5270,Toppan Merrill,3.9,Financial Services,211,1.4k,18,24,Chennai +2 other locations
5271,Turito,3.1,EdTech,211,863,--,25,Hyderabad +7 other locations
5272,Putzmeister Concrete Machines,3.6,Industrial Machinery,211,963,57,18,New Delhi +28 other locations
5273,M Swasth Solutions,3.4,,211,436,--,15,
5274,EagleBurgmann,4.2,Industrial Machinery,211,1.1k,--,16,Pune +19 other locations
5275,First Citizens India,3.9,Financial Services,211,1.7k,29,21,Bengaluru +3 other locations
5276,Travel Boutique Online,3.3,Travel & Tourism,211,1.2k,6,27,Gurugram +16 other locations
5277,Weatherford,3.5,Oil & Gas,211,888,9,16,Mumbai +19 other locations
5278,SkillVertex,3.3,EdTech,211,287,3,17,Bengaluru +11 other locations
5279,Lizmontagens India,4.1,Engineering & Construction,211,710,--,7,Mumbai +21 other locations
5280,Infiiloom,3.1,Fashion & Textile,211,829,--,16,Pune +15 other locations
5281,Gensol Engineering,3.7,Power,210,760,--,15,Ahmedabad +23 other locations
5282,Third wave Coffee Roasters,3.6,Internet,210,835,--,19,Bengaluru +11 other locations
5283,Special Technical Services,4.0,Oil & Gas,210,597,--,12,Muscat +16 other locations
5284,Career Launcher,3.7,Education & Training,210,1k,8,8,New Delhi +42 other locations
5285,Quest Global Technologies,3.5,IT Services & Consulting,210,1.7k,9,26,Bengaluru +16 other locations
5286,Aneja Associates,3.3,Accounting & Auditing,210,827,2,17,Mumbai +10 other locations
5287,IDMC,3.6,Industrial Machinery,210,881,5,7,Anand +14 other locations
5288,Texspin Bearings,4.0,Auto Components,210,1.1k,12,17,Ahmedabad +19 other locations
5289,Tps Infrastructure,4.2,Industrial Machinery,210,730,--,14,Bhiwadi +15 other locations
5290,Cummins Generator Technologies,4.1,Industrial Machinery,210,725,--,13,Pune +17 other locations
5291,Abante Integrated Management Services,4.2,Management Consulting,210,675,13,18,Gurugram +5 other locations
5292,Zamil Air Conditioners,4.0,Consumer Electronics & Appliances,210,511,--,11,New Delhi +23 other locations
5293,Beri Udyog,3.8,Industrial Machinery,210,806,12,17,Karnal +18 other locations
5294,Drools,3.4,FMCG,210,684,7,8,Bengaluru +51 other locations
5295,Ziff Davis Performance Marketing,3.7,Marketing & Advertising,210,780,3,4,Pune +3 other locations
5296,Fernandez Hospital,4.4,Healthcare,210,548,--,6,Hyderabad +1 other locations
5297,Pathfinder Business Analysis,3.5,Management Consulting,210,1.2k,--,14,Coimbatore +14 other locations
5298,Linux Laboratories,3.9,Pharma,210,487,3,20,Chennai +34 other locations
5299,Ichhapurti.com,2.4,Software Product,210,667,--,20,Gurugram +26 other locations
5300,BetterPlace Safety Solutions,3.5,IT Services & Consulting,210,1.4k,1,20,Bengaluru +11 other locations
5301,Qi Spine Clinic,3.0,Healthcare,210,507,6,19,Mumbai +13 other locations
5302,RAKS Pharma,4.2,Pharma,210,757,5,11,Visakhapatnam +11 other locations
5303,Ajmera Realty & Infra India,4.5,Real Estate,210,572,40,4,Mumbai +6 other locations
5304,Graviti Pharmaceuticals,3.0,Pharma,210,901,17,6,Hyderabad +5 other locations
5305,MMTC-PAMP,3.7,Metals & Mining,210,827,1,14,Gurugram +18 other locations
5306,Fulcrum Digital,3.4,IT Services & Consulting,210,1.4k,2,35,Pune +5 other locations
5307,REI Systems,3.9,IT Services & Consulting,210,464,3,35,Pune
5308,Anlage Infotech,3.2,IT Services & Consulting,210,765,2,19,Bengaluru +15 other locations
5309,Kalyani Forge,3.7,Iron & Steel,209,743,13,14,Pune +7 other locations
5310,Mitsubishi Heavy Industries,4.2,Industrial Machinery,209,822,--,4,Mysuru +30 other locations
5311,Atidiv,2.8,IT Services & Consulting,209,1.2k,7,22,Pune +2 other locations
5312,Vidya Mandir Classes,3.4,EdTech,209,843,--,9,New Delhi +38 other locations
5313,PEARCE SERVICES,3.4,Telecom,209,1.1k,13,20,Sahibzada Ajit Singh Nagar +12 other locations
5314,Dr Oetker,4.3,Food Processing,209,848,--,14,New Delhi +34 other locations
5315,Emami Frank Ross,3.7,Retail,209,722,1,9,Kolkata +23 other locations
5316,Innovalance Learning Systems,3.1,EdTech,209,364,--,35,New Delhi +11 other locations
5317,Kerakoll,4.2,Building Material,209,710,--,16,Vadodara +48 other locations
5318,LNV Technology,3.9,Industrial Machinery,209,632,2,14,Chennai +29 other locations
5319,Govt. Medical College,4.2,Education & Training,209,849,--,13,Chandigarh +73 other locations
5320,Dr Oetker,4.3,Food Processing,209,848,--,14,New Delhi +34 other locations
5321,Futaba Industrial Gujarat,4.4,Auto Components,209,787,--,12,Ahmedabad +11 other locations
5322,LNV Technology,3.9,Industrial Machinery,209,632,2,14,Chennai +29 other locations
5323,Continental Hospitals,3.9,Healthcare,209,847,18,14,Hyderabad +3 other locations
5324,RateGain,3.7,IT Services & Consulting,209,1.4k,21,23,Noida +6 other locations
5325,Ayesa,4.0,IT Services & Consulting,209,614,1,15,New Delhi +12 other locations
5326,Motion Education,3.3,Education & Training,209,917,59,17,Kota +43 other locations
5327,Videojet Technologies,3.8,Consumer Electronics & Appliances,209,807,10,9,Mumbai +26 other locations
5328,Eternis Fine Chemicals,3.3,Chemicals,209,1.1k,--,18,Pune +8 other locations
5329,Ebixcash World Money,3.5,FinTech,209,873,11,17,Mumbai +38 other locations
5330,PES Engineers,4.2,Engineering & Construction,209,723,--,12,Hyderabad +36 other locations
5331,Jindal Worldwide,3.4,Fashion & Textile,209,986,10,10,Ahmedabad +5 other locations
5332,Rotostat Services,3.8,Industrial Machinery,208,802,2,18,Mumbai +30 other locations
5333,EMCO,3.6,Power,208,606,--,6,Mumbai +25 other locations
5334,Connectwell Industries,3.7,Electronics Manufacturing,208,1k,22,17,Mumbai +13 other locations
5335,Wanbury,3.3,Pharma,208,798,2,7,Mumbai +31 other locations
5336,Carzonrent,3.3,Travel & Tourism,208,634,--,3,New Delhi +15 other locations
5337,Bioseed,4.1,Agriculture,208,426,--,15,Hyderabad +57 other locations
5338,Biryani By Kilo,4.3,Hospitality,208,718,--,6,Gurugram +29 other locations
5339,Tata Lockheed Martin Aerostructures,4.0,Defence & Aerospace,208,965,--,16,Hyderabad +7 other locations
5340,Chitkara University,4.0,Education & Training,208,688,9,17,Chandigarh +9 other locations
5341,Bioseed,4.1,Agriculture,208,426,--,15,Hyderabad +57 other locations
5342,Carzonrent,3.3,Travel & Tourism,208,634,--,3,New Delhi +15 other locations
5343,AARGEE STAFFING SERVICES,3.7,Recruitment,208,654,--,6,Mumbai +16 other locations
5344,Supreme Treon,3.9,Auto Components,208,870,16,13,Pune +26 other locations
5345,Vinsum Axpress,3.6,Logistics,208,524,--,13,Gurugram +21 other locations
5346,CallHealth,3.6,Healthcare,208,808,--,4,Hyderabad +17 other locations
5347,Crimson Interactive,2.6,Content Development,208,1.1k,17,20,Mumbai +5 other locations
5348,Manipal Business Solutions,3.6,,208,758,--,14,
5349,SBL,3.7,IT Services & Consulting,208,826,4,7,New Delhi +31 other locations
5350,Koye Pharmaceuticals,3.2,Pharma,208,587,--,9,Mumbai +45 other locations
5351,AGROCEL INDUSTRIES,4.4,Chemicals,208,668,--,17,Bhuj +24 other locations
5352,Deutsche Telekom Digital Labs,3.6,Software Product,208,1.8k,8,37,Gurugram +5 other locations
5353,N.K. Realtors,4.3,Real Estate,208,485,6,31,Kolkata +6 other locations
5354,Milan Laboratories India Private Limited,3.7,Pharma,208,960,5,9,Mumbai +16 other locations
5355,Fibe,3.6,FinTech,208,1.3k,24,17,Pune +16 other locations
5356,Reserve Bank Information Technology,3.3,IT Services & Consulting,208,1.9k,6,49,Mumbai +7 other locations
5357,Northern Arc Capital,3.7,NBFC,208,968,5,17,Chennai +51 other locations
5358,Lingaya's Vidyapeeth,4.5,Education & Training,207,278,3,46,Faridabad +4 other locations
5359,Bodal Chemicals,3.4,Chemicals,208,1.2k,7,19,Vadodara +17 other locations
5360,Jindal (India) Limited,4.1,Iron & Steel,207,314,--,12,Kolkata +10 other locations
5361,Bombay Dyeing,3.8,Fashion & Textile,207,898,--,9,Mumbai +22 other locations
5362,International Certification Services,3.2,Other,207,782,7,7,Mumbai +34 other locations
5363,Lingaya's Vidyapeeth,4.5,Education & Training,207,278,3,46,Faridabad +4 other locations
5364,MeritNation,3.2,EdTech,207,584,--,7,New Delhi +20 other locations
5365,Brainium Information Technologies,3.7,IT Services & Consulting,207,509,--,9,Kolkata +1 other locations
5366,ACME Group,4.6,Internet,207,285,--,31,Gurugram +28 other locations
5367,Bodal Chemicals,3.4,Chemicals,208,1.2k,7,19,Vadodara +17 other locations
5368,Soothe Healthcare,3.4,Healthcare,207,837,2,17,New Delhi +43 other locations
5369,Country Club India,3.4,Hospitality,207,519,--,2,Hyderabad +27 other locations
5370,Aarav Global Products & Services Private Limited,3.0,IT Services & Consulting,207,742,8,14,Mumbai +9 other locations
5371,Axio,3.8,Financial Services,207,847,--,8,Bengaluru +25 other locations
5372,Kh Exports,3.9,Import & Export,207,834,1,9,Chennai +7 other locations
5373,Kopran,3.7,Pharma,207,1.2k,9,14,Mumbai +17 other locations
5374,Zinnia,3.1,,207,1.2k,4,16,
5375,YouTube,4.4,Internet,207,871,--,11,New Delhi +41 other locations
5376,Apex Hospital,4.0,Healthcare,207,837,15,13,Jaipur +34 other locations
5377,ARaymond,4.0,Auto Components,207,1k,12,16,Pune +5 other locations
5378,KisanKraft Machine Tools,3.3,Industrial Machinery,207,724,1,14,Bengaluru +20 other locations
5379,NATIONAL SKILL DEVELOPMENT CORPORATION,3.5,Non-Profit,207,969,--,24,New Delhi +50 other locations
5380,NATIONAL SKILL DEVELOPMENT CORPORATION,3.5,Non-Profit,207,969,--,24,New Delhi +50 other locations
5381,Stashfin,3.8,FinTech,207,781,4,13,New Delhi +18 other locations
5382,KisanKraft Machine Tools,3.3,Industrial Machinery,207,724,1,14,Bengaluru +20 other locations
5383,Precision Camshafts,3.1,Auto Components,207,759,--,5,Solapur +5 other locations
5384,Mol Information Processing Services India,3.5,IT Services & Consulting,207,833,18,8,Kolkata +6 other locations
5385,C DOT,3.6,Telecom,207,1.2k,--,34,New Delhi +14 other locations
5386,SkilloVilla,4.2,Education & Training,207,256,7,18,Bengaluru +3 other locations
5387,Artech,3.1,Architecture & Interior Design,207,1.4k,--,13,Bengaluru +12 other locations
5388,Geo Chem Laboratories,3.8,Industrial Machinery,207,647,2,12,Mumbai +21 other locations
5389,Wardwizard Innovations & Mobility,3.3,Automobile,207,679,14,10,Vadodara +50 other locations
5390,Pran Beverages India,3.7,Beverage,208,703,2,14,Kolkata +53 other locations
5391,Pradhan Mantri Kaushal Vikas Yojana,4.0,Education & Training,206,372,--,7,New Delhi +90 other locations
5392,Pie Infocomm,4.4,IT Services & Consulting,206,156,1,45,Lucknow +8 other locations
5393,Colorbar Cosmetics,4.0,Beauty & Personal Care,206,583,--,14,New Delhi +37 other locations
5394,Gujarat Narmada Valley Fertilizers & Chemicals,4.3,Agro Chemicals,206,812,--,10,Bharuch +16 other locations
5395,Rohan Motors,3.6,Automobile,207,725,56,13,New Delhi +21 other locations
5396,Jagran Prakashan,3.7,Printing & Publishing,206,865,3,8,New Delhi +49 other locations
5397,Decimal Technologies,2.8,Software Product,206,1.7k,--,34,Gurugram +10 other locations
5398,Raheja Developers,2.5,Real Estate,206,801,--,6,Gurugram +6 other locations
5399,Bilt Graphic Paper Products,3.8,Pulp & Paper,206,764,4,13,Pune +11 other locations
5400,Colorbar Cosmetics,4.0,Beauty & Personal Care,206,583,--,14,New Delhi +37 other locations
5401,Development Consultants,3.3,IT Services & Consulting,206,565,--,11,Kolkata +16 other locations
5402,Rohan Motors,3.6,Automobile,207,725,56,13,New Delhi +21 other locations
5403,Gujarat Narmada Valley Fertilizers & Chemicals,4.3,Agro Chemicals,206,812,--,10,Bharuch +16 other locations
5404,Raheja Developers,2.5,Real Estate,206,801,--,6,Gurugram +6 other locations
5405,Pradan,3.8,Non-Profit,206,459,1,18,New Delhi +60 other locations
5406,i-exceed technology solutions,2.7,FinTech,206,1.5k,13,43,Bengaluru +6 other locations
5407,ORISSA METALIKS,3.8,Industrial Machinery,206,843,--,10,Kharagpur +10 other locations
5408,Roulunds Braking,3.6,Auto Components,206,787,2,21,Sonipat +8 other locations
5409,Upstox,3.5,FinTech,206,1.5k,16,46,Mumbai +19 other locations
5410,Data Patterns,3.4,Defence & Aerospace,206,1.2k,13,55,Chennai +11 other locations
5411,Malayala Manorama,3.7,Printing & Publishing,206,1.1k,74,13,Kottayam +23 other locations
5412,Teleone,3.6,Internet,206,707,--,13,New Delhi +20 other locations
5413,Network Intelligence India,3.2,Emerging Technologies,206,1.3k,10,19,Mumbai +8 other locations
5414,Alpha Design Technologies,3.6,Defence & Aerospace,206,1.2k,--,15,Bengaluru +13 other locations
5415,Tbea Energy,3.8,Electrical Equipment,206,873,12,14,Vadodara +18 other locations
5416,ASP OL Media,4.0,Marketing & Advertising,206,331,6,71,Pune +6 other locations
5417,Paychex IT Solutions India,3.3,Software Product,206,1.1k,18,30,Bengaluru +3 other locations
5418,Gulbrandsen,4.1,Chemicals,205,1.1k,3,6,Vadodara +11 other locations
5419,Rajesh Motors,3.8,Automobile,205,643,--,6,Jaipur +28 other locations
5420,CBSI,3.3,Recruitment,205,1.1k,--,10,Bengaluru +14 other locations
5421,SmartStream Technologies,3.4,IT Services & Consulting,205,1.6k,5,17,Bengaluru +6 other locations
5422,Keolis Hyderabad Metro,4.0,Urban Transport,207,879,--,13,Hyderabad +4 other locations
5423,Shriram Fortune Solutions,3.6,Financial Services,205,462,--,9,Gurugram +97 other locations
5424,Gulbrandsen,4.1,Chemicals,205,1.1k,3,6,Vadodara +11 other locations
5425,Hgs Services,3.8,Analytics & KPO,205,651,--,55,Bengaluru +20 other locations
5426,IFB Automotive,3.9,Auto Components,205,814,4,7,Bengaluru +18 other locations
5427,BTL EPC LTD,3.5,Industrial Machinery,205,759,1,19,Kolkata +20 other locations
5428,Centrient Pharmaceuticals,3.8,Pharma,205,1.1k,--,17,Chandigarh +17 other locations
5429,ITCube Solutions,3.0,IT Services & Consulting,205,1k,4,16,Pune +8 other locations
5430,Bhima Gold,3.8,Jewellery,205,793,7,17,Bengaluru +32 other locations
5431,Magicrete Building Solutions,3.9,Building Material,205,831,13,23,Surat +26 other locations
5432,Yashi Consulting Services,3.2,IT Services & Consulting,205,287,--,11,Gurugram +21 other locations
5433,Network Techlab,3.7,Hardware & Networking,205,968,17,14,Mumbai +10 other locations
5434,Anglo-Eastern Ship Management,4.1,Ports & Shipping,205,555,5,17,Mumbai +15 other locations
5435,Country Inns & Suites,4.0,Hospitality,205,624,--,6,New Delhi +25 other locations
5436,Simform,3.6,IT Services & Consulting,205,1.5k,12,49,Ahmedabad +3 other locations
5437,Oxyzo Financial Services,3.4,Financial Services,205,1.1k,1,12,Gurugram +29 other locations
5438,Josh Talks,4.2,Broadcasting,205,375,3,28,Gurugram +14 other locations
5439,Providence Global Center,3.7,IT Services & Consulting,205,1.8k,32,20,Hyderabad +2 other locations
5440,Grass Roots Research & Creation,4.7,Analytics & KPO,205,130,1,2,New Delhi +14 other locations
5441,Crossword Bookstores,3.6,Retail,204,530,3,7,Pune +34 other locations
5442,Tresor Systems,3.6,Retail,204,729,6,12,New Delhi +27 other locations
5443,ACT Plast Paints,3.8,Chemicals,204,785,1,11,Chennai +13 other locations
5444,Sagitec Solutions,3.2,IT Services & Consulting,204,1.6k,3,23,Pune +5 other locations
5445,Andhra Pradesh State Skill Development Corporation,3.8,Non-Profit,204,558,--,5,Vijayawada +33 other locations
5446,Jay Ushin,4.0,Auto Components,204,880,--,7,Gurugram +13 other locations
5447,Haldiram's Prabhuji,2.8,FMCG,204,548,--,11,Kolkata +42 other locations
5448,PagarBook,3.6,Software Product,204,862,3,19,Bengaluru +24 other locations
5449,Siemens PLM Software,4.1,Industrial Automation,204,1.7k,--,12,Pune +12 other locations
5450,Vinculum Solutions,2.4,IT Services & Consulting,204,1.4k,6,14,Noida +5 other locations
5451,ZunRoof Tech,3.7,Power,204,465,25,40,Gurugram +21 other locations
5452,Sri Gopikrishna Infrastructure,4.0,Engineering & Construction,204,486,--,7,Hyderabad +43 other locations
5453,Hi Tech Informatics,3.6,IT Services & Consulting,204,702,--,12,Mumbai +47 other locations
5454,Itvedant Education,3.9,Education & Training,204,440,69,34,Mumbai +10 other locations
5455,TransPerfect,3.0,Hardware & Networking,204,1.2k,21,30,Pune +7 other locations
5456,iLink Digital,2.8,IT Services & Consulting,204,1.8k,32,23,Chennai +8 other locations
5457,Praxis home Retail,4.3,Retail,204,819,8,7,Mumbai +29 other locations
5458,Embassy Services,3.9,Facility Management Services,204,936,4,11,Bengaluru +16 other locations
5459,Quest Diagnostics,4.5,Healthcare,204,904,16,11,Hyderabad +11 other locations
5460,Orthosquare Dental Clinic,4.6,Healthcare,204,85,--,16,Mumbai +26 other locations
5461,Comcast India Engineering Center,3.6,Software Product,204,2.3k,10,58,Chennai +3 other locations
5462,AISATS,3.4,Aviation,204,391,--,11,New Delhi +10 other locations
5463,Parker Hannifin,3.6,Industrial Machinery,204,1k,8,7,Chennai +14 other locations
5464,Futurism Technologies,3.7,IT Services & Consulting,204,1.1k,--,40,Pune +3 other locations
5465,Laxmi India Finleasecap,3.8,Financial Services,204,491,9,8,Jaipur +61 other locations
5466,Pacific Development Corporation Limited (Pacific Group),3.5,Real Estate,204,1k,11,19,New Delhi +19 other locations
5467,OptimHire,3.6,Internet,204,813,--,28,Hyderabad +6 other locations
5468,Aditi Consulting,3.4,IT Services & Consulting,204,1k,1,17,Bengaluru +7 other locations
5469,eligarf Technologies,3.8,Emerging Technologies,204,232,1,13,Pune +2 other locations
5470,Shirdi Sai Electricals,3.5,Power,204,625,--,16,Y.S.R. Kadapa +26 other locations
5471,Marque Impex,3.9,Import & Export,204,663,--,15,Moradabad +5 other locations
5472,Bajaj Markets,2.9,FinTech,204,1.3k,--,9,Pune +20 other locations
5473,Vishay Components,4.1,Electronics Manufacturing,204,774,4,13,Pune +7 other locations
5474,Emirates Flight Catering,4.4,Hospitality,204,270,--,28,Dubai +12 other locations
5475,Transaction Solutions International (India) Pvt Ltd,3.8,Financial Services,203,743,--,21,Pune +20 other locations
5476,Blackbuck Insights,3.6,IT Services & Consulting,205,876,--,17,Bengaluru +12 other locations
5477,Corrival Corporate Services,4.2,Recruitment,203,491,--,22,Hyderabad +43 other locations
5478,ZKTeco Biometrics,3.0,Law Enforcement & Security,203,1.2k,--,26,Bengaluru +11 other locations
5479,Ashv Finance,4.1,NBFC,203,743,--,10,Mumbai +37 other locations
5480,Tata Asset Management Private Limited,3.7,Financial Services,203,956,--,12,Mumbai +55 other locations
5481,Prozo,3.3,Internet,203,913,2,11,Gurugram +28 other locations
5482,Emiza Supply Chain Services Private Limited,3.4,Logistics,203,724,2,10,Mumbai +19 other locations
5483,CONTUS TECH,4.2,IT Services & Consulting,203,898,1,57,Chennai +3 other locations
5484,ICA Pidilite,4.1,Furniture & Furnishing,203,740,--,8,Mumbai +41 other locations
5485,Jesons Industries,3.6,Chemicals,203,1.1k,1,17,Mumbai +12 other locations
5486,CRB Tech Solution,3.7,EdTech,203,418,--,12,Pune +8 other locations
5487,Blackbuck Insights,3.6,IT Services & Consulting,205,876,--,17,Bengaluru +12 other locations
5488,Transaction Solutions International (India) Pvt Ltd,3.8,Financial Services,203,743,--,21,Pune +20 other locations
5489,Utkal Alumina International,4.2,Chemicals,203,690,--,17,Rayagada +13 other locations
5490,ZKTeco Biometrics,3.0,Law Enforcement & Security,203,1.2k,--,26,Bengaluru +11 other locations
5491,Sapphire Software Solutions (India),4.4,IT Services & Consulting,203,326,3,15,Ahmedabad +5 other locations
5492,BajajSons,3.6,Automobile,203,846,4,10,Ludhiana +9 other locations
5493,Shopclues,3.3,Internet,203,1.1k,57,9,Gurugram +6 other locations
5494,Altum Credo Home Finance,3.7,NBFC,203,672,2,7,Pune +61 other locations
5495,Embio,3.9,Pharma,203,892,3,6,Mahad +10 other locations
5496,Mazars,3.0,Accounting & Auditing,203,1.4k,59,21,Gurugram +14 other locations
5497,Kazo Fashion,3.4,Fashion & Textile,203,544,--,12,New Delhi +34 other locations
5498,Deep Industries,3.6,Oil & Gas,203,968,3,21,Ahmedabad +25 other locations
5499,Orange Retail Finance,3.8,Financial Services,203,635,--,6,Chennai +55 other locations
5500,Kazo Fashion,3.4,Fashion & Textile,203,544,--,12,New Delhi +34 other locations
5501,SpeedLabs,3.7,EdTech,203,439,26,14,Mumbai +16 other locations
5502,Heads Up For Tails,3.6,Retail,203,906,11,16,Gurugram +19 other locations
5503,HIVELOOP LOGISTICS,4.2,,202,410,--,5,
5504,Tokai Imperial Rubber India,3.9,Industrial Machinery,202,790,--,14,Faridabad +11 other locations
5505,SMC Power Generation,3.6,Iron & Steel,202,785,--,14,Jharsuguda +12 other locations
5506,Wings Biotech,3.0,Pharma,202,496,8,11,New Delhi +33 other locations
5507,Skandhanshi Infra Projects,4.4,Real Estate,202,883,3,15,Kurnool +9 other locations
5508,InSync Analytics,2.5,Analytics & KPO,202,1.3k,2,38,Mumbai +5 other locations
5509,BPO+,4.4,BPO,202,1.8k,--,47,New Delhi +46 other locations
5510,Sakura Autoparts,3.7,Auto Components,202,824,--,11,Chennai +9 other locations
5511,Rama University,3.3,Education & Training,202,532,177,14,Kanpur +12 other locations
5512,TNT Express,4.0,Logistics,202,399,--,6,Mumbai +33 other locations
5513,Al Ahleia Switchgear,3.6,Industrial Machinery,202,513,--,12,Chennai +12 other locations
5514,Sahajanand Laser Technology,3.2,Industrial Machinery,202,852,18,19,Gandhinagar +23 other locations
5515,Petronas Lubricants,3.2,Petrochemicals,202,692,4,19,Mumbai +36 other locations
5516,Horiba India,3.6,Industrial Machinery,202,1.1k,1,9,New Delhi +19 other locations
5517,Ways2excel,4.4,EdTech,202,61,--,4,Kolkata +1 other locations
5518,Manohar Filaments,3.8,Fashion & Textile,202,928,1,12,New Delhi +17 other locations
5519,FedServ,3.7,Banking,202,1.1k,15,21,Visakhapatnam +26 other locations
5520,Groupe Lactalis,3.5,FMCG,202,807,129,10,Chennai +40 other locations
5521,Janatics India,4.1,Industrial Automation,202,1.3k,11,12,Coimbatore +26 other locations
5522,Gleeds Consulting (India) Pvt. Ltd,4.2,Real Estate,202,731,1,9,Bengaluru +20 other locations
5523,Brnd.Me,3.7,Internet,202,849,3,20,Bengaluru +13 other locations
5524,Hidesign,3.0,Retail,202,890,9,17,Puducherry +31 other locations
5525,Masu Brakes,3.3,Auto Components,202,769,--,15,Bahadurgarh +9 other locations
5526,MSC Technology India,4.0,IT Services & Consulting,202,1.6k,10,42,Chennai +7 other locations
5527,Alghanim International,4.1,Engineering & Construction,202,580,7,7,Kuwait City +12 other locations
5528,NMDC Steels,3.9,Iron & Steel,202,653,--,9,Jagdalpur +17 other locations
5529,Smart Energy Water,2.9,IT Services & Consulting,202,1.6k,8,24,Noida +4 other locations
5530,Ami Polymer,3.5,Medical Equipment,202,707,10,15,Dadra & Nagar Haveli +14 other locations
5531,Bhutani Group,4.2,Real Estate,201,711,--,38,Noida +14 other locations
5532,Radhakrishna Foodland,3.8,Logistics,201,759,--,9,Mumbai +31 other locations
5533,TechStar Group,4.2,IT Services & Consulting,201,985,1,20,Hyderabad +9 other locations
5534,Sigma Freudenberg NOK,4.2,Auto Components,201,943,--,10,Chennai +18 other locations
5535,GEETANJALI HOMESTATE,3.7,Real Estate,199,272,--,16,Gurugram +5 other locations
5536,S.c Johnson Products,4.1,FMCG,201,565,1,2,Gurugram +52 other locations
5537,HOLITECH INDIA,4.1,Electronics Manufacturing,201,717,--,27,Greater Noida +12 other locations
5538,St Regis,4.1,Hospitality,201,628,--,9,Mumbai +13 other locations
5539,Skypro Technologies,3.2,IT Services & Consulting,201,713,--,14,Bengaluru +33 other locations
5540,Prem Henna,3.3,Beauty & Personal Care,201,542,--,4,Indore +51 other locations
5541,Six Sigma Soft Solutions,3.5,IT Services & Consulting,201,1.3k,--,21,Chennai +23 other locations
5542,Igarashi Motors,3.8,Auto Components,201,1k,11,9,Chennai +8 other locations
5543,KC Overseas Education,3.6,EdTech,201,974,4,18,Nagpur +28 other locations
5544,Entertainment Network India,3.5,Media & Entertainment,201,1k,20,9,Mumbai +42 other locations
5545,Air India Express,3.2,Aviation,201,1k,4,17,New Delhi +26 other locations
5546,Vedika Credit Capital,3.5,NBFC,201,557,4,4,Ranchi +50 other locations
5547,Enmas O & M Services,4.2,Oil & Gas,201,645,--,11,Chennai +32 other locations
5548,Zen Technologies,3.9,Defence & Aerospace,201,843,17,25,Hyderabad +9 other locations
5549,Army Medical Corps,4.8,Healthcare,201,655,--,18,New Delhi +33 other locations
5550,Peps Industries,4.1,Furniture & Furnishing,201,705,1,13,Coimbatore +46 other locations
5551,Kama Ayurveda,3.9,Beauty & Personal Care,201,766,5,19,New Delhi +30 other locations
5552,Republic TV,3.4,Media & Entertainment,201,795,7,21,Noida +9 other locations
5553,Mfine,3.6,Internet,200,1.2k,2,24,Bengaluru +15 other locations
5554,JSW Severfield Structures,3.8,Engineering & Construction,200,816,--,12,Ballari +10 other locations
5555,Avaali Solutions,4.4,IT Services & Consulting,200,416,12,46,Bengaluru
5556,Besant Technologies,3.7,Education & Training,200,1.2k,--,18,Chennai +11 other locations
5557,Sri Ramachandra Institute of Higher Education and Research,3.8,Education & Training,200,918,--,9,Chennai +10 other locations
5558,Autoline Industries,3.4,Auto Components,200,833,--,15,Pune +20 other locations
5559,Bharat Broadband Network,3.8,Telecom,200,788,--,10,New Delhi +70 other locations
5560,B2x Service Solutions,3.9,BPO,200,474,--,4,Mumbai +32 other locations
5561,TRIGO Group,2.7,Auto Components,200,657,--,15,Chennai +27 other locations
5562,UST BlueConch Technologies,3.6,Software Product,200,1.3k,--,20,Pune +6 other locations
5563,Sendan International Co,2.1,Engineering & Construction,200,512,--,15,Al Jubail +20 other locations
5564,DigiCall Teleservices,4.0,Telecom,200,327,--,2,Noida +13 other locations
5565,MAKEEN Energy,3.8,Oil & Gas,200,494,--,16,Hyderabad +31 other locations
5566,Hyundai Engineering,3.9,Engineering & Construction,200,748,--,15,Chennai +24 other locations
5567,IIMT Group of Colleges,4.2,Education & Training,200,569,18,29,Greater Noida +15 other locations
5568,UFO Moviez,3.0,Media & Entertainment,200,883,6,9,Mumbai +31 other locations
5569,Aress Software and Education Technologies,2.6,IT Services & Consulting,200,1.1k,--,16,Nashik +4 other locations
5570,Fisdom,3.3,Financial Services,200,827,2,16,Bengaluru +32 other locations
5571,Srg Housing Finance,4.0,NBFC,200,596,22,13,Udaipur +58 other locations
5572,Tm Automotive Seating Systems,3.5,Auto Components,200,853,--,9,Pune +14 other locations
5573,Vnr Seeds,3.9,Agriculture,200,700,27,15,Raipur +49 other locations
5574,Svasti Microfinance,4.0,Financial Services,200,502,9,6,Mumbai +65 other locations
5575,Eurofins Scientific,3.2,"Testing, Inspection and Certification (TIC)",200,1.5k,154,14,Bengaluru +20 other locations
5576,ECOS (I) MOBILITY & HOSPITALITY,4.0,Sports & Recreation,200,435,--,6,New Delhi +12 other locations
5577,Simplify Healthcare,2.6,Software Product,200,1.7k,2,39,Pune +3 other locations
5578,Dhampur Sugar Mills,4.0,Agro Chemicals,200,723,7,16,New Delhi +15 other locations
5579,Destek Infosolutions,4.1,IT Services & Consulting,200,213,--,11,Pune +3 other locations
5580,dsm-firmenich,4.0,Biotechnology,200,1.1k,17,13,Mumbai +17 other locations
5581,Venus Home Appliances,4.1,Consumer Electronics & Appliances,200,653,17,14,Chennai +33 other locations
5582,Marengo Asia Hospitals,4.0,Healthcare,200,409,28,8,Gurugram +6 other locations
5583,SCON Projects,4.5,Engineering & Construction,199,628,--,7,Pune +20 other locations
5584,Symphoni HR,4.0,Recruitment,199,343,--,25,Mumbai +1 other locations
5585,Puthur Infotech,3.6,IT Services & Consulting,199,720,2,8,Bengaluru +50 other locations
5586,TomTom,3.8,IT Services & Consulting,199,961,3,14,Pune +2 other locations
5587,Vegrow,3.8,Internet,199,894,5,19,Bengaluru +27 other locations
5588,Vrinsoft Technology,4.6,IT Services & Consulting,199,232,4,31,Ahmedabad +2 other locations
5589,Saudi Electricity Company,4.1,Power,197,371,--,10,Riyadh +20 other locations
5590,SSEM,3.3,Industrial Machinery,199,351,--,10,Riyadh +18 other locations
5591,Oasis Infobyte,4.0,IT Services & Consulting,199,136,--,23,Pune +27 other locations
5592,Logicon Facility Management,3.3,Facility Management Services,199,737,--,14,Pune +14 other locations
5593,Primary Health Centre,4.3,Healthcare,199,721,--,8,Bengaluru +87 other locations
5594,Samkwang India Electronic,3.3,Electronics Manufacturing,199,808,3,17,Greater Noida +9 other locations
5595,CIMS Hospital,4.2,Healthcare,199,601,--,6,Ahmedabad +19 other locations
5596,Dalmia-OCL,3.9,Building Material,199,577,--,8,Rourkela +30 other locations
5597,Praxair,4.1,Chemicals,199,658,--,7,Bengaluru +28 other locations
5598,Philip Morris International,4.2,FMCG,199,692,--,14,New Delhi +45 other locations
5599,S.S. Kothari Mehta & Co,3.4,Accounting & Auditing,199,816,--,11,New Delhi +7 other locations
5600,TP Northern Odisha Distribution,3.6,Power,199,705,--,23,Balasore +22 other locations
5601,Target Publications,4.0,Printing & Publishing,199,318,21,17,Mumbai +10 other locations
5602,S.S. Kothari Mehta & Co,3.4,Accounting & Auditing,199,816,--,11,New Delhi +7 other locations
5603,SmartWorld Developers,4.2,Real Estate,198,872,2,17,Gurugram +4 other locations
5604,Amphenol Fci,3.8,Electrical Equipment,199,888,4,13,Bengaluru +9 other locations
5605,Motorola Solutions,3.9,Telecom,199,1.6k,80,34,Bengaluru +25 other locations
5606,Kirloskar Technologies,4.1,Medical Equipment,199,530,6,18,Jaipur +36 other locations
5607,Ascendum KPS,3.6,IT Services & Consulting,199,834,1,26,Ahmedabad +9 other locations
5608,Solugenix India Private Limited,3.1,IT Services & Consulting,199,1.8k,15,32,Hyderabad +3 other locations
5609,Globus Spirits,3.9,Beverage,199,907,--,12,New Delhi +27 other locations
5610,WinWire,3.2,IT Services & Consulting,199,1.6k,28,30,Hyderabad +4 other locations
5611,Schreiber Dynamix Dairies,4.0,Electronics Manufacturing,199,659,16,8,Pune +15 other locations
5612,Manika Plastech Private Limited,4.0,Building Material,199,557,--,13,Dehradun +16 other locations
5613,ICE Data Services,3.2,Financial Services,199,1.4k,21,30,Hyderabad +5 other locations
5614,Paytm Money,3.1,FinTech,198,1.3k,8,28,Bengaluru +23 other locations
5615,Daffodil Software,3.2,IT Services & Consulting,198,1.4k,--,29,Gurugram +6 other locations
5616,Volksoft Technologies,4.2,Software Product,198,164,--,4,Hyderabad +2 other locations
5617,Mashreq Bank,3.2,Banking,198,1.2k,--,9,Bengaluru +11 other locations
5618,ReGen Powertech,3.7,Power,198,427,--,10,Chennai +21 other locations
5619,Adhaan Solutions,3.8,Recruitment,198,624,1,12,Ahmedabad +64 other locations
5620,Taikisha Engineering India,3.9,Industrial Machinery,198,1.1k,2,17,Pune +13 other locations
5621,Orbit Techsol,3.6,IT Services & Consulting,198,1.1k,18,12,New Delhi +21 other locations
5622,Avis,3.6,Internet,198,656,--,8,Gurugram +19 other locations
5623,IDBI Capital,3.7,Financial Services,198,875,9,12,Mumbai +40 other locations
5624,Ramoji Film City,4.1,Media & Entertainment,198,629,--,9,Hyderabad +11 other locations
5625,Caretel Infotech,3.5,Analytics & KPO,198,436,--,10,New Delhi +10 other locations
5626,University Living Accommodation,3.9,Internet,198,535,7,25,Noida +6 other locations
5627,Barbrik Project Limited (PRA Group),3.5,Engineering & Construction,198,538,7,14,Raipur +25 other locations
5628,Springbord Systems,4.1,IT Services & Consulting,198,620,4,26,Chennai +11 other locations
5629,Beckman Coulter,3.4,Medical Equipment,198,1.3k,146,12,Bengaluru +18 other locations
5630,Rishabh Instruments Limited,3.7,Electronics Manufacturing,198,726,3,15,Nashik +16 other locations
5631,MKU,3.3,Defence & Aerospace,198,723,12,10,Kanpur +10 other locations
5632,Dollar Industries,3.5,Fashion & Textile,198,804,--,12,Kolkata +33 other locations
5633,DTC Projects,3.8,Real Estate,198,603,26,23,Kolkata +9 other locations
5634,Exponentia.ai,3.6,Emerging Technologies,198,798,29,21,Mumbai +7 other locations
5635,Prasol Chemicals,3.4,Chemicals,198,1.2k,11,26,Mumbai +10 other locations
5636,MBL Infrastructure Limited,3.9,Engineering & Construction,198,507,24,12,New Delhi +22 other locations
5637,PP Rolling Mills,3.8,Industrial Machinery,198,843,3,24,Faridabad +9 other locations
5638,Techmagnate,4.3,Marketing & Advertising,198,766,5,20,New Delhi +5 other locations
5639,Revolt Motors,3.3,Internet,198,780,22,29,Gurugram +23 other locations
5640,DGS Technical Services,3.1,Design,198,870,11,4,Bengaluru +11 other locations
5641,Three D Integrated Solutions Ltd,3.2,Aviation,197,621,6,16,Gurugram +28 other locations
5642,Mukand Sumi Special Steel,3.7,Iron & Steel,197,678,--,15,Hosapete +9 other locations
5643,IILM,4.0,Education & Training,197,459,2,11,New Delhi +9 other locations
5644,Windsor Machines,4.1,Industrial Machinery,197,813,3,9,Ahmedabad +18 other locations
5645,Hospet Steels,3.7,Iron & Steel,197,819,--,18,Hosapete +8 other locations
5646,Timex Group India,3.9,Metals & Mining,197,835,1,5,Noida +30 other locations
5647,Infojini,3.0,IT Services & Consulting,197,694,26,16,Mumbai +11 other locations
5648,Loconav,3.0,Software Product,197,1.2k,--,13,Gurugram +10 other locations
5649,Raksha TPA,4.1,Insurance,197,759,--,6,Faridabad +22 other locations
5650,Bharat Institutions,3.3,Education & Training,197,175,--,6,Hyderabad +7 other locations
5651,Astec LifeSciences,3.7,Agro Chemicals,197,749,--,17,Mahad +10 other locations
5652,Energy Efficiency Services,3.8,Power,197,777,--,13,New Delhi +35 other locations
5653,RJ Corp,4.2,Retail,197,579,--,9,Gurugram +38 other locations
5654,Wingreens Farms,4.0,Power,197,815,--,10,Gurugram +21 other locations
5655,India Post Payments Bank,4.3,Government,197,637,--,9,New Delhi +89 other locations
5656,Valethi Technologies,3.1,Analytics & KPO,197,992,4,12,Nagpur +6 other locations
5657,GKC Projects,4.4,Engineering & Construction,197,435,--,--,Hyderabad +26 other locations
5658,VIS Networks,3.9,Telecom,197,1.1k,9,13,Bengaluru +19 other locations
5659,Rajapushpa Properties,3.8,Real Estate,196,903,10,17,Hyderabad +5 other locations
5660,S.R.Batliboi & Co.,3.0,Accounting & Auditing,197,1k,--,14,New Delhi +15 other locations
5661,Infojini,3.0,IT Services & Consulting,197,694,26,16,Mumbai +11 other locations
5662,VIS Networks,3.9,Telecom,197,1.1k,9,13,Bengaluru +19 other locations
5663,Rajapushpa Properties,3.8,Real Estate,196,903,10,17,Hyderabad +5 other locations
5664,Thejo Engineering,4.0,Engineering & Construction,197,921,3,23,Chennai +34 other locations
5665,Ohmium,3.1,Power,197,711,17,15,Bengaluru +7 other locations
5666,Impact Analytics,3.8,IT Services & Consulting,197,1.4k,41,77,Bengaluru +4 other locations
5667,Luthra Group Company,4.1,Waste Management,197,859,6,22,Surat +18 other locations
5668,Lakshmi Life Sciences,3.9,Industrial Automation,197,1k,--,11,Coimbatore +5 other locations
5669,Getix Health,3.7,Analytics & KPO,197,975,10,15,Bengaluru +6 other locations
5670,CENTRUM HOUSING FINANCE,4.0,Financial Services,197,512,4,4,Mumbai +70 other locations
5671,Ludhiana Beverages,3.9,Beverage,197,777,4,11,Ludhiana +11 other locations
5672,Prologic Web Solutions,4.0,IT Services & Consulting,197,387,4,37,Noida +20 other locations
5673,Pilot Industries,3.5,Metals & Mining,197,954,3,19,New Delhi +20 other locations
5674,Dishnet Wireless,4.3,Telecom,196,373,--,--,Kolkata +43 other locations
5675,IntelliSmart Infrastructure,3.6,Power,196,749,6,16,Gurugram +33 other locations
5676,Ganesh Grains,3.3,FMCG,196,605,3,19,Kolkata +24 other locations
5677,Kalyan Toll Infrastructure,4.2,Engineering & Construction,196,670,3,7,Indore +35 other locations
5678,Mangalam Landmarks,4.8,Real Estate,196,135,16,92,Pune +2 other locations
5679,Dayal Fertilizers,3.7,Agro Chemicals,196,418,--,12,Meerut +48 other locations
5680,SEW Eurodrive india,4.2,Auto Components,196,830,--,18,Vadodara +24 other locations
5681,Dishnet Wireless,4.3,Telecom,196,373,--,--,Kolkata +43 other locations
5682,IntelliSmart Infrastructure,3.6,Power,196,749,6,16,Gurugram +33 other locations
5683,In2IT Technologies,3.1,IT Services & Consulting,196,1.1k,7,17,Noida +15 other locations
5684,Biophore India Pharmaceuticals,3.2,Pharma,196,886,7,14,Hyderabad +4 other locations
5685,Pin Click,2.7,Real Estate,196,466,9,14,Bengaluru +6 other locations
5686,Mangalam Landmarks,4.8,Real Estate,196,135,16,92,Pune +2 other locations
5687,Sanmar Group,3.7,Chemicals,196,828,--,23,Chennai +19 other locations
5688,Jasmin Infotech,3.9,Software Product,196,1.5k,6,15,Chennai +2 other locations
5689,Hy Gro Chemicals Pharmtek,3.8,Pharma,196,674,--,11,Hyderabad +8 other locations
5690,Canvera,3.6,Printing & Publishing,196,623,--,5,Bengaluru +27 other locations
5691,Kalyan Toll Infrastructure,4.2,Engineering & Construction,196,670,3,7,Indore +35 other locations
5692,Blowhorn,3.2,Logistics,196,565,--,7,Bengaluru +17 other locations
5693,OnMobile Global,3.4,Telecom,196,1.4k,--,16,Bengaluru +14 other locations
5694,Nisum,2.8,IT Services & Consulting,196,1.7k,52,33,Hyderabad +9 other locations
5695,Black & Veatch,4.1,Engineering & Construction,196,984,89,15,Mumbai +13 other locations
5696,Roots Multiclean,3.8,Industrial Machinery,196,1k,53,19,Coimbatore +27 other locations
5697,Talentica Software,4.0,IT Services & Consulting,196,1.5k,17,53,Pune +5 other locations
5698,IRIS KPO Resourcing,3.9,Analytics & KPO,196,923,4,17,Chennai +2 other locations
5699,Bhansali Engineering Polymers,3.3,Petrochemicals,196,736,6,19,Abu Road +13 other locations
5700,DNEG CREATIVE SERVICES,3.0,Animation & VFX,196,913,47,9,Mumbai +15 other locations
5701,Gulf Spic General Trading & Contracting Company,3.6,Engineering & Construction,196,769,--,11,Chennai +13 other locations
5702,Bullmen Realty,3.1,Real Estate,196,745,4,19,Noida +13 other locations
5703,Tech Mahindra Foundation,4.0,Non-Profit,196,575,11,31,New Delhi +23 other locations
5704,Beyond Key,4.3,IT Services & Consulting,196,631,19,18,Indore +5 other locations
5705,Mantra Softech,3.8,IT Services & Consulting,196,1.1k,11,15,Ahmedabad +23 other locations
5706,Odisha Power Generation Corporation,3.8,Oil & Gas,196,698,--,8,Jharsuguda +11 other locations
5707,Jabsons Foods,4.0,Food Processing,196,452,3,32,Bharuch +33 other locations
5708,Flender,3.7,Industrial Machinery,196,1.1k,2,16,Chennai +5 other locations
5709,NullClass,3.5,,195,165,--,15,
5710,Cholayil Private Limited,4.0,FMCG,195,649,3,7,Chennai +32 other locations
5711,DAIMLER TRUCKS ASIA,3.8,,195,1.2k,--,5,
5712,Rudrabhishek Enterprises,3.2,Urban Transport,195,775,8,11,Noida +35 other locations
5713,India Pesticides,3.9,Agro Chemicals,195,790,6,15,Lucknow +22 other locations
5714,CodSoft,3.9,,195,146,--,23,
5715,Kohler Power,4.0,Power,195,963,--,10,Pune +13 other locations
5716,Exeltis,4.0,Pharma,195,514,3,14,Mumbai +36 other locations
5717,Ester Industries,3.9,Petrochemicals,195,789,--,10,Khatima +12 other locations
5718,Apps Associates,3.8,IT Services & Consulting,195,1.4k,4,12,Hyderabad +6 other locations
5719,IIHT,3.6,Education & Training,195,856,1,3,Bengaluru +29 other locations
5720,AccSource KPO,3.2,Accounting & Auditing,195,867,--,27,Chennai +4 other locations
5721,Sleepwell,4.2,Furniture & Furnishing,195,616,--,18,New Delhi +72 other locations
5722,VDart,4.0,IT Services & Consulting,195,928,9,51,Tiruchirappalli +7 other locations
5723,IIHT,3.6,Education & Training,195,856,1,3,Bengaluru +29 other locations
5724,EDR Continuous Information,2.9,IT Services & Consulting,195,816,--,11,Chennai +2 other locations
5725,Truemeds,3.5,Pharma,195,887,82,23,Mumbai +21 other locations
5726,Indobevs,3.9,Beverage,195,827,1,13,New Delhi +24 other locations
5727,Vijay Tanks & Vessels,4.0,Engineering & Construction,195,737,--,9,Vadodara +21 other locations
5728,NSL Textiles,4.0,Fashion & Textile,195,647,--,11,Guntur +14 other locations
5729,Nipro India Corporation,3.4,Healthcare,195,935,12,19,Pune +17 other locations
5730,Alp Nishikawa,4.0,Auto Components,195,782,4,8,Gurugram +12 other locations
5731,Liebherr Appliances India,4.0,Industrial Machinery,195,847,59,11,Chhatrapati Sambhajinagar +35 other locations
5732,Marathon Electric India,3.5,Electrical Equipment,195,840,6,12,Faridabad +13 other locations
5733,Vensure Employer Services,3.8,Recruitment,195,258,54,45,Noida +4 other locations
5734,Rexel,3.6,Industrial Automation,195,953,--,13,Pune +25 other locations
5735,Frontizo Business Services,3.6,BPO,195,590,--,21,Chandigarh +12 other locations
5736,Kifs Housing Finance,3.6,Financial Services,195,560,4,9,Mumbai +69 other locations
5737,DST Worldwide Services,4.2,,194,927,--,8,
5738,Ruby General Hospital,3.2,Healthcare,194,715,2,9,Kolkata +6 other locations
5739,Apache Footwear,3.6,Fashion & Textile,194,667,--,18,Nellore +10 other locations
5740,Medecins Sans Frontieres,4.3,Non-Profit,194,405,--,13,Mumbai +38 other locations
5741,Stats Perform,3.4,Sports & Recreation,194,1k,3,21,Chennai +4 other locations
5742,Green Gene Enviro Protection And Infrastructure,3.6,Waste Management,194,546,--,12,Faridabad +28 other locations
5743,Zen3 Info Solutions,3.9,IT Services & Consulting,194,1.2k,--,13,Hyderabad +3 other locations
5744,Godrej Appliances,3.7,Consumer Electronics & Appliances,194,658,--,8,Pune +46 other locations
5745,Jagran New Media,3.3,Internet,194,642,--,7,Noida +8 other locations
5746,China State Construction Engineering Corporation,3.9,Engineering & Construction,194,590,--,20,New Delhi +29 other locations
5747,House Of Diagnostics,4.1,Healthcare,194,731,22,13,New Delhi +4 other locations
5748,One Point Solutions,3.2,,194,1.1k,--,9,
5749,DS-MAX Properties,3.6,Real Estate,194,901,2,27,Bengaluru +8 other locations
5750,AXIS Solutions,3.4,Industrial Automation,194,739,5,14,Hyderabad +17 other locations
5751,Manitou Equipment India,4.3,Industrial Machinery,194,874,--,19,Greater Noida +11 other locations
5752,Samsung Semiconductor,3.1,Semiconductors,194,1.5k,--,22,Bengaluru +6 other locations
5753,JNET Technologies,3.7,IT Services & Consulting,194,694,3,14,Hyderabad +25 other locations
5754,SCIO Management Solutions,4.3,BPO,194,671,--,18,Chennai +5 other locations
5755,Ruby General Hospital,3.2,Healthcare,194,715,2,9,Kolkata +6 other locations
5756,Apache Footwear,3.6,Fashion & Textile,194,667,--,18,Nellore +10 other locations
5757,Colruyt Group,3.8,IT Services & Consulting,194,1.1k,7,10,Hyderabad +4 other locations
5758,World Health Organization,4.0,Government,194,369,--,17,New Delhi +88 other locations
5759,Maahi Milk Producer Company,4.2,Food Processing,194,500,2,15,Rajkot +29 other locations
5760,Manitou Equipment India,4.3,Industrial Machinery,194,874,--,19,Greater Noida +11 other locations
5761,Expeditors International,3.9,Logistics,194,1.2k,--,13,Chennai +21 other locations
5762,Nippon Data Systems,3.4,IT Services & Consulting,194,1.1k,11,27,New Delhi +26 other locations
5763,Gennova Biopharmaceuticals,4.3,Pharma,194,821,5,12,Pune +9 other locations
5764,E Pack Polymers,3.8,Packaging,194,821,--,12,Greater Noida +18 other locations
5765,Modern Business Solutions,3.7,Recruitment,194,583,--,8,Bengaluru +78 other locations
5766,The Cosmos Co-operative Bank,3.5,Banking,194,964,--,9,Pune +24 other locations
5767,Webasto Roofsystems India,3.9,Automobile,194,916,--,17,Pune +9 other locations
5768,ARKA Fincap,4.3,NBFC,194,612,1,22,Mumbai +38 other locations
5769,Service Master Clean,3.8,Facility Management Services,193,686,--,14,New Delhi +47 other locations
5770,Arvind Techno Engineers,4.0,Engineering & Construction,193,764,--,8,New Delhi +33 other locations
5771,IG Petrochemicals,3.5,Chemicals,193,1k,--,14,Mumbai +11 other locations
5772,Cosmos Impex,4.2,Industrial Machinery,193,950,4,19,Vadodara +20 other locations
5773,CETPA InfoTech,3.4,IT Services & Consulting,193,768,1,15,Noida +10 other locations
5774,OEN India,4.1,Auto Components,193,898,1,16,Pune +12 other locations
5775,AB Mauri India,3.9,Food Processing,193,774,3,12,Bengaluru +32 other locations
5776,Abu Dhabi National Hotels,4.0,Hospitality,187,279,--,10,Abu Dhabi +9 other locations
5777,DevTown,3.7,Education & Training,193,124,--,35,Bengaluru +12 other locations
5778,HeyCoach,3.9,Education & Training,193,189,11,25,Bengaluru +7 other locations
5779,Brainware University,3.1,Education & Training,193,554,23,25,Kolkata +2 other locations
5780,Maharaja Agrasen Hospital,3.8,Healthcare,193,734,24,9,New Delhi +13 other locations
5781,Japfa Comfeed India Private Limited,3.8,Agriculture,193,844,19,16,Pune +23 other locations
5782,Hi-Tech,3.7,Education & Training,193,1.2k,4,22,New Delhi +58 other locations
5783,A3logics,3.6,IT Services & Consulting,193,778,--,32,Jaipur +5 other locations
5784,RLabs Enterprise Services,3.0,Recruitment,193,1.3k,--,20,Bengaluru +12 other locations
5785,Anu Industries,3.4,Packaging,193,706,--,9,Gurugram +14 other locations
5786,Food Corporation of India,4.1,Government,193,685,--,15,New Delhi +68 other locations
5787,Clarion Technologies,3.8,IT Services & Consulting,193,1.5k,18,22,Pune +8 other locations
5788,Kumaran Systems,3.3,IT Services & Consulting,193,1.6k,26,28,Chennai +5 other locations
5789,Hoonartek,3.4,IT Services & Consulting,193,1.5k,9,17,Pune +7 other locations
5790,Modern Automotives,4.0,Auto Components,193,744,6,28,Gurugram +20 other locations
5791,Ushodaya Enterprises,4.1,FMCG,193,755,10,6,Hyderabad +28 other locations
5792,Sun Direct TV,3.8,Telecom,193,637,1,9,Chennai +50 other locations
5793,Axalta Coating Systems,4.0,Chemicals,193,830,19,12,Vadodara +25 other locations
5794,Marolix Technology Solutions,2.9,IT Services & Consulting,193,1.1k,--,16,Hyderabad +3 other locations
5795,Zydus Pharma,3.7,Pharma,192,674,--,14,Ahmedabad +40 other locations
5796,Indel Money,3.9,NBFC,192,573,20,9,Kochi +70 other locations
5797,Programming.Com,3.4,IT Services & Consulting,192,701,146,21,Gurugram +13 other locations
5798,Evonith Steel,3.9,Iron & Steel,192,544,--,22,Wardha +6 other locations
5799,Merkle Sokrati,3.7,Marketing & Advertising,192,1.5k,--,32,Pune +3 other locations
5800,Margadarsi Chit Fund,3.7,Financial Services,192,651,--,11,Hyderabad +30 other locations
5801,Merkle Sokrati,3.7,Marketing & Advertising,192,1.5k,--,32,Pune +3 other locations
5802,Evonith Steel,3.9,Iron & Steel,192,544,--,22,Wardha +6 other locations
5803,Krishi Rasayan Exports,3.8,Import & Export,192,663,--,11,Ankleshwar +39 other locations
5804,BGD Tech PVT LTD,4.4,IT Services & Consulting,192,187,--,64,Bengaluru +2 other locations
5805,Zydus Pharma,3.7,Pharma,192,674,--,14,Ahmedabad +40 other locations
5806,Cerium Systems,2.8,IT Services & Consulting,192,1.1k,--,30,Bengaluru +8 other locations
5807,KayBee Bio Organics,3.8,Agro Chemicals,192,358,15,29,Pune +15 other locations
5808,Cadsys,3.5,IT Services & Consulting,192,514,1,7,Hyderabad +4 other locations
5809,Eagle Infra,4.1,Engineering & Construction,192,866,--,12,Mumbai +45 other locations
5810,Amelia,3.4,IT Services & Consulting,192,800,1,15,Bengaluru +5 other locations
5811,Bygging India,3.9,Engineering & Construction,192,648,10,16,New Delhi +34 other locations
5812,Green Park Hotels,4.2,Hospitality,192,672,1,3,Hyderabad +13 other locations
5813,Redington Group,3.8,IT Services & Consulting,192,1.4k,14,9,Chennai +19 other locations
5814,Gulf Asia Contracting,3.3,Engineering & Construction,193,656,--,11,Chennai +21 other locations
5815,Repro India,3.4,FMCG,192,889,2,15,Mumbai +15 other locations
5816,Acma Computers,3.2,IT Services & Consulting,192,850,8,23,Mumbai +20 other locations
5817,Sula Vineyards,4.1,Food Processing,192,795,7,10,Nashik +16 other locations
5818,CivilMantra Infracon Private Limited,3.8,Engineering & Construction,192,217,1,16,Gurugram +4 other locations
5819,Knoldus Inc,3.8,IT Services & Consulting,192,497,3,21,Noida +3 other locations
5820,Biorad Medisys,3.7,Healthcare,192,930,5,22,Pune +13 other locations
5821,Anion Healthcare Services,3.9,Healthcare,192,661,4,13,Hyderabad +4 other locations
5822,Abellon Clean Energy,3.0,Other,192,862,--,4,Ahmedabad +21 other locations
5823,The Souled Store,3.2,Fashion & Textile,192,671,--,15,Mumbai +19 other locations
5824,ILJIN AUTOMOTIVE,3.7,Automobile,191,754,--,12,Chennai +13 other locations
5825,SILA Group (India),3.5,Internet,191,677,--,7,Mumbai +23 other locations
5826,InfoService,4.1,IT Services & Consulting,191,1k,--,37,Bengaluru +26 other locations
5827,Mitsubishi Power India,4.4,Industrial Machinery,191,833,--,15,Bengaluru +16 other locations
5828,Tonglit Autogistic,3.6,Logistics,191,742,3,18,Chennai +15 other locations
5829,The Chennai Silks,3.5,Fashion & Textile,191,801,--,9,Coimbatore +21 other locations
5830,Adcock Ingram,3.9,Pharma,191,842,--,11,Bengaluru +12 other locations
5831,Pratibha Industries,4.4,Engineering & Construction,191,432,--,3,New Delhi +21 other locations
5832,Affine,3.3,IT Services & Consulting,191,1.4k,13,55,Bengaluru +5 other locations
5833,MYND Intergrated Solutions,3.4,BPO,191,663,--,14,Gurugram +14 other locations
5834,Jayanita Exports,3.5,Furniture & Furnishing,191,675,1,19,Greater Noida +11 other locations
5835,Clean Science And Technology,3.5,Chemicals,191,1k,9,10,Pune +5 other locations
5836,Commerce Pundit,4.4,IT Services & Consulting,191,606,2,38,Ahmedabad +7 other locations
5837,Vandana Global,2.8,Iron & Steel,191,808,10,17,Raipur +5 other locations
5838,E2logy Software Solutions,4.2,IT Services & Consulting,191,221,7,13,Noida +2 other locations
5839,BookMyShow,3.7,Internet,191,1.2k,--,28,Mumbai +13 other locations
5840,Zentiva,4.1,Pharma,191,829,18,10,Ankleshwar +7 other locations
5841,Vertafore,3.8,IT Services & Consulting,191,1.8k,2,24,Hyderabad +2 other locations
5842,Commerce Pundit,4.4,IT Services & Consulting,191,606,2,38,Ahmedabad +7 other locations
5843,Vandana Global,2.8,Iron & Steel,191,808,10,17,Raipur +5 other locations
5844,SOS Children's Village,3.4,Non-Profit,191,483,12,13,New Delhi +32 other locations
5845,Oswal Castings,3.7,Metals & Mining,192,702,1,13,Faridabad +10 other locations
5846,DSM Infocom,2.6,IT Services & Consulting,190,430,--,6,Mumbai +38 other locations
5847,Tecumseh Products,3.3,Industrial Machinery,190,855,1,10,Faridabad +8 other locations
5848,Roha Housing Finance,3.4,Financial Services,190,597,2,8,New Delhi +39 other locations
5849,Monnet Group,4.5,Metals & Mining,190,447,--,12,Raigarh +18 other locations
5850,Gokul Agro Resources,3.8,FMCG,190,874,9,16,Gandhidham +17 other locations
5851,Competition Team Technology,3.6,Electronics Manufacturing,190,1.1k,--,11,Chennai +5 other locations
5852,Value Rcm Solutions,4.1,Analytics & KPO,190,374,3,33,Kolkata +1 other locations
5853,i-Source Infosystems,3.6,IT Services & Consulting,190,811,2,9,Pune +17 other locations
5854,Tirupati Medicare,4.4,Pharma,190,637,2,9,Paonta Sahib +14 other locations
5855,Vikas Money,4.7,NBFC,190,54,--,15,Palakkad +9 other locations
5856,Param Renewable Energy,3.9,Power,190,520,--,18,Bengaluru +38 other locations
5857,Al-Futtaim Group,3.9,Retail,190,510,--,12,Dubai +18 other locations
5858,ICT Service Management Solutions,3.4,IT Services & Consulting,190,610,1,4,Bengaluru +11 other locations
5859,Vivimed Labs,3.3,Chemicals,190,832,3,10,Hyderabad +12 other locations
5860,Gokul Agro Resources,3.8,FMCG,190,874,9,16,Gandhidham +17 other locations
5861,Roha Housing Finance,3.4,Financial Services,190,597,2,8,New Delhi +39 other locations
5862,Nuance Transcription Services,4.1,IT Services & Consulting,190,532,--,1,Bengaluru +10 other locations
5863,Competition Team Technology,3.6,Electronics Manufacturing,190,1.1k,--,11,Chennai +5 other locations
5864,Amtex Systems,3.2,IT Services & Consulting,190,1.1k,8,17,Chennai +7 other locations
5865,Hero Future Energies,4.1,Power,190,956,3,9,New Delhi +21 other locations
5866,Laxmi Remote India,3.3,Pharma,190,721,2,12,Noida +8 other locations
5867,Sahyadri Industries,3.3,Building Material,190,808,--,13,Pune +27 other locations
5868,Godavari Krishna Co-operative Society,4.8,Financial Services,190,91,7,61,Vijayawada +17 other locations
5869,Kent,3.5,Financial Services,190,765,--,7,Noida +56 other locations
5870,Enrich Hair And Skin Solutions,3.5,Beauty & Personal Care,190,675,3,7,Mumbai +11 other locations
5871,Code Brew Labs,3.1,IT Services & Consulting,190,725,--,16,Chandigarh +5 other locations
5872,Ministry of Home Affairs,4.2,Government,190,2k,1,7,New Delhi +30 other locations
5873,DB Engineering & Consulting,4.2,Engineering & Construction,190,803,3,9,Bengaluru +12 other locations
5874,Shipco It,3.6,IT Services & Consulting,190,510,9,16,Pune +4 other locations
5875,J Mitra And Co,3.8,Medical Equipment,190,531,12,18,New Delhi +22 other locations
5876,Royal Cyber,3.3,IT Services & Consulting,190,1.4k,58,14,Bengaluru +10 other locations
5877,Muthoot Mercantile,3.3,NBFC,190,578,3,13,Thiruvananthapuram +53 other locations
5878,Paranjape Schemes (Construction) Limited,3.1,Real Estate,190,865,9,11,Pune +9 other locations
5879,Karuna Greentech,4.5,Electrical Equipment,188,132,--,2,Kolkata +17 other locations
5880,Advids,3.6,Marketing & Advertising,189,310,--,14,Pune +12 other locations
5881,Txd (india) Technology,4.0,Electronics Manufacturing,189,788,--,16,Rewari +12 other locations
5882,Epson,4.2,IT Services & Consulting,190,633,1,7,Bengaluru +51 other locations
5883,insightsoftware,3.6,Software Product,189,990,14,33,Hyderabad +5 other locations
5884,Tripjack,4.0,Internet,189,614,31,38,Mumbai +11 other locations
5885,Tata Institute of Social Sciences,4.3,Education & Training,189,710,--,10,Mumbai +35 other locations
5886,Monocept,3.3,Software Product,189,1.2k,--,26,Hyderabad +5 other locations
5887,Sheth Creators,3.1,Real Estate,189,766,--,9,Mumbai +3 other locations
5888,NRP Projects,4.0,Engineering & Construction,189,714,1,9,Chennai +28 other locations
5889,CDM Smith,3.6,Engineering & Construction,189,831,5,13,Bengaluru +27 other locations
5890,Radheya Machining,3.5,Industrial Machinery,189,678,15,10,Pune +17 other locations
5891,Dmi Housing Finance,4.0,Financial Services,189,587,--,8,New Delhi +39 other locations
5892,UTI Asset Management Company,3.8,Financial Services,190,792,--,13,Mumbai +60 other locations
5893,Timezone Entertainment,3.5,Events,189,519,--,12,Mumbai +35 other locations
5894,Dew Solutions,3.4,IT Services & Consulting,189,1.2k,6,23,Gurugram +11 other locations
5895,Mobile Premier League,3.7,Gaming,189,1.5k,5,26,Bengaluru +12 other locations
5896,Gates,3.8,Industrial Automation,189,942,1,12,Faridabad +20 other locations
5897,Rimini Street,4.0,IT Services & Consulting,189,936,33,8,Hyderabad +2 other locations
5898,HPM Chemicals & Fertilizers,4.2,Agro Chemicals,189,451,--,10,New Delhi +31 other locations
5899,Meritto,3.3,Internet,189,1.1k,7,26,Gurugram +11 other locations
5900,SPJ group,4.0,Real Estate,189,198,8,16,New Delhi +14 other locations
5901,Iron Systems,3.3,Hardware & Networking,189,921,8,22,Noida +12 other locations
5902,Google Maps,4.8,Internet,189,156,--,21,Hyderabad +26 other locations
5903,Little Nap Recliners,4.8,Furniture & Furnishing,189,29,--,30,New Delhi +18 other locations
5904,Sims Hospital,3.8,Healthcare,189,833,1,21,Chennai +19 other locations
5905,Jehangir Hospital,3.9,Healthcare,189,658,6,8,Pune +5 other locations
5906,HomeBazaar.com,3.7,Real Estate,189,652,131,20,Mumbai +9 other locations
5907,Object Technology Solutions,3.8,IT Services & Consulting,189,1.3k,26,9,Hyderabad +11 other locations
5908,NuSummit,3.5,IT Services & Consulting,189,1.4k,19,25,Mumbai +11 other locations
5909,ePack Durables Solutions,3.7,Electronics Manufacturing,188,962,--,15,Noida +13 other locations
5910,Oliva Skin and Hair Clinics,3.8,Healthcare,188,617,12,14,Hyderabad +11 other locations
5911,LawSikho,4.0,,189,381,5,30,
5912,Neosym Industry,3.9,Auto Components,188,724,4,13,Pune +8 other locations
5913,CloudMoyo,4.1,Software Product,188,1.2k,8,8,Pune +3 other locations
5914,Ubique Systems,3.7,Recruitment,188,721,--,28,Kolkata +11 other locations
5915,Ginni Filaments,3.8,Fashion & Textile,188,752,4,5,Noida +15 other locations
5916,CIGNEX,3.8,IT Services & Consulting,188,1.2k,1,10,Bengaluru +11 other locations
5917,Stedman Pharmaceuticals,4.1,Pharma,188,342,5,26,Chennai +31 other locations
5918,Tata Main Hospital,3.8,Healthcare,188,527,--,19,Jamshedpur +12 other locations
5919,R-Logic Technology Services,4.1,IT Services & Consulting,188,565,--,13,Bengaluru +8 other locations
5920,Delhi World Public School,3.6,Education & Training,188,665,8,17,Kolkata +58 other locations
5921,Sigma Supply Chain Solutions,3.4,Logistics,188,462,--,4,Noida +47 other locations
5922,Cogniter Technologies,3.4,IT Services & Consulting,188,2.6k,11,20,Hyderabad +21 other locations
5923,Epitome Components,3.3,Electrical Equipment,188,833,2,14,Ahilyanagar +10 other locations
5924,Biesse Manufacturing,3.6,Architecture & Interior Design,188,935,1,17,Bengaluru +9 other locations
5925,Aeon Credit Service,3.4,Financial Services,188,627,--,12,Mumbai +12 other locations
5926,NIMS University,3.0,Education & Training,188,718,--,15,Jaipur +14 other locations
5927,ACUTAAS CHEMICALS LIMITED,3.7,Pharma,188,1.1k,12,16,Surat +8 other locations
5928,Sel Manufacturing Co.,3.8,Fashion & Textile,188,675,--,8,Ludhiana +14 other locations
5929,Emirates NBD,2.9,Banking,188,1.1k,--,10,Bengaluru +14 other locations
5930,Azure Hospitality,4.0,Hospitality,188,570,--,11,New Delhi +13 other locations
5931,Maharishi Markandeshwar University,3.5,Education & Training,188,542,2,13,Ambala +9 other locations
5932,Hubergroup,4.0,Chemicals,188,846,38,7,Vapi +14 other locations
5933,Toto India Industries,3.7,Building Material,188,661,7,8,Vadodara +15 other locations
5934,Burger Singh,3.7,Hospitality,188,579,3,16,New Delhi +32 other locations
5935,Edunext Technologies,3.3,EdTech,188,573,5,18,Noida +13 other locations
5936,TekisHub Consulting Services,3.9,IT Services & Consulting,188,999,--,23,Hyderabad +13 other locations
5937,Apollo Telehealth Services,4.0,Healthcare,188,625,--,12,Hyderabad +41 other locations
5938,Lubrizol Corporation,4.0,Chemicals,188,917,12,8,Mumbai +10 other locations
5939,KP GROUP,4.2,Logistics,188,550,696,20,Surat +28 other locations
5940,Liyaans Properties,4.8,Real Estate,188,58,2,5,Kolkata
5941,Arabtec Construction,4.7,Engineering & Construction,183,428,--,4,New Delhi +13 other locations
5942,CapitalVia,4.0,Analytics & KPO,187,373,--,48,Indore +8 other locations
5943,Mentorsity,4.4,EdTech,187,56,--,12,New Delhi +11 other locations
5944,PS Group,3.7,Real Estate,187,730,4,19,Kolkata +10 other locations
5945,"L&T Construction, Mining and Industrial Machinery",4.0,Industrial Machinery,187,371,--,10,Bengaluru +42 other locations
5946,Vardhman Special Steels,4.0,Iron & Steel,187,685,11,13,Ludhiana +5 other locations
5947,Kayjay Forging,3.6,Auto Components,187,689,13,9,Ludhiana +8 other locations
5948,Aditya Anagha Multi State Credit Co-Operative Society,4.8,Banking,186,107,--,5,Nagpur +30 other locations
5949,Fermenta Biotech,4.3,Biotechnology,187,1k,--,18,Bharuch +12 other locations
5950,Psychotropics India,3.8,Pharma,187,652,1,3,Haridwar +18 other locations
5951,Inteva Products,3.6,Auto Components,187,1.1k,9,19,Bengaluru +3 other locations
5952,Fortune Marketing,3.6,Hardware & Networking,187,838,--,12,New Delhi +31 other locations
5953,Danblock Brakes,4.0,Industrial Machinery,187,703,--,13,Sonipat +8 other locations
5954,Salasar Techno Engineering,3.9,Iron & Steel,187,889,--,17,Ghaziabad +26 other locations
5955,DesiCrew Solutions,3.1,Financial Services,187,718,18,15,Chennai +14 other locations
5956,Massive Restaurants,3.9,Hospitality,187,637,--,3,New Delhi +17 other locations
5957,TechMojo Solutions,4.0,IT Services & Consulting,187,1.4k,12,35,Hyderabad +1 other locations
5958,Apis India Limited,3.7,Food Processing,187,694,3,10,New Delhi +45 other locations
5959,LS Automotive India,3.5,Auto Components,187,991,2,8,Chennai +6 other locations
5960,DesiCrew Solutions,3.1,Financial Services,187,718,18,15,Chennai +14 other locations
5961,Cheema Boilers,4.2,Industrial Machinery,187,761,9,12,Sahibzada Ajit Singh Nagar +13 other locations
5962,Systopic Laboratories,4.4,Pharma,187,341,47,5,New Delhi +52 other locations
5963,Lumiq,3.2,IT Services & Consulting,187,809,8,15,Noida +4 other locations
5964,Hotel Parle International,3.8,Travel & Tourism,187,888,3,14,Mumbai +73 other locations
5965,Primus Techsystems,3.5,IT Services & Consulting,187,1.2k,14,10,Pune +9 other locations
5966,Gameskraft,4.2,Software Product,187,1.3k,20,19,Bengaluru +2 other locations
5967,Ecolab Digital Center,3.4,Chemicals,187,1.6k,--,25,Bengaluru +3 other locations
5968,Kundan Group,3.2,Jewellery,187,639,7,19,New Delhi +21 other locations
5969,Soch Apparels,4.4,Fashion & Textile,186,658,1,9,Bengaluru +41 other locations
5970,Privi Speciality Chemicals,3.8,Chemicals,186,844,3,21,Mahad +13 other locations
5971,Vmoksha Technologies,4.5,IT Services & Consulting,186,530,--,24,Bengaluru +4 other locations
5972,Pegasus InfoCorp,2.8,IT Services & Consulting,186,1.1k,--,21,Mumbai +10 other locations
5973,Government of Bihar,3.5,Government,186,538,--,2,Patna +33 other locations
5974,Indovance Inc,3.6,Design,186,583,21,30,Pune +3 other locations
5975,Gangavaram Port,3.4,Ports & Shipping,186,593,--,12,Visakhapatnam +8 other locations
5976,Minda Stoneridge Instruments,3.3,Auto Components,186,915,--,18,Pune +7 other locations
5977,Creative Group,4.1,Architecture & Interior Design,186,725,--,24,New Delhi +19 other locations
5978,Ican BPO,4.4,BPO,186,236,--,3,Thane +3 other locations
5979,Panchshil Realty,4.2,Real Estate,186,923,--,13,Pune +3 other locations
5980,Raptim Research,4.4,Clinical Research,186,928,--,14,Mumbai +4 other locations
5981,NTC Logistics India,4.0,Logistics,186,909,--,16,Chennai +24 other locations
5982,Capricorn Logistics,3.5,Logistics,186,707,6,5,Mumbai +23 other locations
5983,INFRES METHODEX,3.3,Industrial Automation,186,570,--,7,New Delhi +40 other locations
5984,VAYA Finserv,3.9,Financial Services,186,447,--,11,Hyderabad +47 other locations
5985,Hogarth Worldwide,3.5,Marketing & Advertising,186,1.6k,2,22,Chennai +7 other locations
5986,M*Modal,3.6,IT Services & Consulting,186,472,--,2,Bengaluru +10 other locations
5987,Four Seasons Hotel,3.8,Hospitality,186,588,15,8,Mumbai +19 other locations
5988,Toyo INK,4.0,Chemicals,186,852,1,11,Greater Noida +14 other locations
5989,Carwale,3.3,Internet,186,1.1k,19,49,Mumbai +21 other locations
5990,Shakti Hormann,3.6,Building Material,186,704,12,21,Hyderabad +16 other locations
5991,Sequretek It Solutions,3.4,Emerging Technologies,186,1.1k,14,11,Mumbai +10 other locations
5992,Illusion Dental Laboratory,3.3,Medical Equipment,186,564,15,16,Mumbai +26 other locations
5993,Swipewire Technologies,3.8,Software Product,186,1k,--,21,Chennai +4 other locations
5994,Kumar Organic Products,3.5,Chemicals,186,883,16,16,Bengaluru +16 other locations
5995,Ilensys Technologies,4.1,Engineering & Construction,186,1.1k,43,27,Hyderabad +3 other locations
5996,Godrej Tyson Food,3.9,Food Processing,186,709,--,12,Mumbai +35 other locations
5997,DesignCafe,3.3,Architecture & Interior Design,186,1.2k,24,12,Bengaluru +9 other locations
5998,JK Agri Genetics,3.5,Biotechnology,185,427,--,7,Hyderabad +52 other locations
5999,NexTurn,4.0,IT Services & Consulting,185,324,32,37,Hyderabad +2 other locations
6000,INDIA TODAY GROUP,3.6,Media & Entertainment,185,1.2k,--,12,Noida +12 other locations
6001,Profinch Solutions,3.5,FinTech,185,1.5k,16,21,Bengaluru +6 other locations
6002,C.G. Marketing,4.0,Marketing & Advertising,185,524,2,4,Pune +20 other locations
6003,JK Agri Genetics,3.5,Biotechnology,185,427,--,7,Hyderabad +52 other locations
6004,NexTurn,4.0,IT Services & Consulting,185,324,32,37,Hyderabad +2 other locations
6005,ARC Document Solutions,2.7,Printing & Publishing,185,809,6,18,Kolkata +4 other locations
6006,Bureau of Indian Standards,3.9,Government,185,926,--,21,New Delhi +28 other locations
6007,Appiness Interactive,4.3,IT Services & Consulting,185,602,15,10,Bengaluru +5 other locations
6008,The Hindu Group,3.8,Printing & Publishing,185,909,7,10,Chennai +19 other locations
6009,International Travel House,3.9,Hospitality,185,637,5,6,New Delhi +20 other locations
6010,Edunet Foundation,4.1,Non-Profit,185,350,4,18,Bengaluru +44 other locations
6011,Afflatus Gravures,3.8,Printing & Publishing,185,689,5,16,Noida +13 other locations
6012,Vision IAS,2.2,Education & Training,185,656,--,9,New Delhi +10 other locations
6013,Open Financial Technologies Private Limited,3.2,FinTech,185,1.1k,--,28,Bengaluru +12 other locations
6014,Excel Industries,4.0,Agro Chemicals,185,939,11,16,Mumbai +24 other locations
6015,Givaudan,4.0,Beauty & Personal Care,185,1.1k,--,7,Pune +10 other locations
6016,SAT n paper,4.4,,185,142,3,27,
6017,Sadhu Forging,3.6,Industrial Machinery,185,740,3,15,Faridabad +8 other locations
6018,Cex Webuy Entertainment,3.4,Retail,185,1.1k,7,22,Mumbai +10 other locations
6019,Zuari Agro Chemicals,3.8,Agro Chemicals,185,625,--,7,Vasco Da Gama +55 other locations
6020,Cex Webuy Entertainment,3.4,Retail,185,1.1k,7,22,Mumbai +10 other locations
6021,SAT n paper,4.4,,185,142,3,27,
6022,Symed Labs,3.8,Pharma,185,654,4,6,Hyderabad +7 other locations
6023,AlmaBetter,3.7,,185,749,--,24,
6024,Invenio Business Solutions,3.5,IT Services & Consulting,185,1.5k,9,10,Hyderabad +6 other locations
6025,Crescon Projects & Services,3.6,Engineering & Construction,185,697,7,16,Chennai +22 other locations
6026,Hyundai Heavy Industries,3.7,Industrial Machinery,181,374,--,11,Pune +17 other locations
6027,HEUBACH Colour,3.9,Chemicals,184,909,8,11,Ankleshwar +14 other locations
6028,Walstar Technologies,4.1,IT Services & Consulting,184,458,--,27,Kolhapur +3 other locations
6029,CPC Diagnostics,3.8,Medical Equipment,184,615,--,12,Chennai +29 other locations
6030,Target Engineering Construction Company,3.9,Engineering & Construction,184,488,--,12,Abu Dhabi +16 other locations
6031,Kiran Foreign Trade,3.0,Software Product,184,880,1,25,Sahibzada Ajit Singh Nagar +9 other locations
6032,Overseas Health Care,3.1,Pharma,184,454,--,16,Phillaur +43 other locations
6033,HLE Glascoat,3.3,Industrial Machinery,184,785,--,7,Anand +9 other locations
6034,Shemaroo Entertainment,3.5,Media & Entertainment,184,1k,5,9,Mumbai +3 other locations
6035,Monomark Engineering,4.1,Engineering & Construction,184,637,12,13,Chittorgarh +25 other locations
6036,ASK-EHS Engineering & Consultants,3.6,Engineering & Construction,184,622,10,12,Surat +32 other locations
6037,KDK Software,2.7,Software Product,184,412,18,21,Jaipur +13 other locations
6038,NMTronics India Private Limited,3.2,Electronics Manufacturing,184,460,4,32,Noida +10 other locations
6039,Celon Laboratories,3.3,Pharma,184,809,4,9,Hyderabad +23 other locations
6040,Towell Engineering Group,3.7,Engineering & Construction,184,501,--,10,Muscat +13 other locations
6041,Celon Laboratories,3.3,Pharma,184,809,4,9,Hyderabad +23 other locations
6042,Cinda Engineering & Construction,4.1,Engineering & Construction,184,750,--,16,Noida +13 other locations
6043,Goibibo,2.5,Internet,184,809,30,11,Gurugram +19 other locations
6044,The Pride Hotel,3.2,Hospitality,184,700,15,10,Pune +23 other locations
6045,SHREE VASU LOGISTICS,3.2,Logistics,184,488,36,20,Raipur +23 other locations
6046,Source One Management Services,3.5,IT Services & Consulting,184,774,--,23,Bengaluru +12 other locations
6047,Zenoti,2.8,IT Services & Consulting,184,1.5k,22,50,Hyderabad +3 other locations
6048,CTR Manufacturing Industries,3.7,Industrial Machinery,184,835,52,13,Pune +10 other locations
6049,Auto Ignition,3.6,Auto Components,184,646,2,9,Faridabad +9 other locations
6050,TALENTEDGE,3.2,EdTech,184,928,1,20,Pune +11 other locations
6051,Dr. Willmar Schwabe India,3.9,Healthcare,184,489,1,8,Noida +29 other locations
6052,C-quel Management Services,4.3,Accounting & Auditing,183,207,--,13,Kolkata +14 other locations
6053,Solverminds Solutions and Technologies,3.3,IT Services & Consulting,183,1.3k,6,20,Chennai +4 other locations
6054,Virbac Animal Health,4.1,Pharma,183,378,--,6,Mumbai +57 other locations
6055,EbixCash Financial Technologies,2.8,IT Services & Consulting,183,1.1k,8,6,Pune +14 other locations
6056,Fare Labs,2.6,Analytics & KPO,183,692,25,12,Gurugram +6 other locations
6057,Blue Rose Technologies,4.0,IT Services & Consulting,183,1k,1,18,Bengaluru +12 other locations
6058,Euronet Worldwide,3.4,FinTech,183,1.3k,4,15,Mumbai +10 other locations
6059,TalentServe,2.0,Software Product,182,123,--,25,Mumbai +8 other locations
6060,EbixCash Financial Technologies,2.8,IT Services & Consulting,183,1.1k,8,6,Pune +14 other locations
6061,Fare Labs,2.6,Analytics & KPO,183,692,25,12,Gurugram +6 other locations
6062,RattanIndia Power,3.5,Power,183,739,15,14,Amravati +9 other locations
6063,Sakarni Plaster,4.4,Building Material,183,361,--,46,New Delhi +28 other locations
6064,Solverminds Solutions and Technologies,3.3,IT Services & Consulting,183,1.3k,6,20,Chennai +4 other locations
6065,Accutest Research Laboratories,3.2,Clinical Research,183,746,2,7,Mumbai +7 other locations
6066,Tata Power Renewable Energy,4.0,Power,183,496,--,9,Bengaluru +39 other locations
6067,Euronet Worldwide,3.4,FinTech,183,1.3k,4,15,Mumbai +10 other locations
6068,Nandi Toyota,3.8,Automobile,183,529,--,16,Bengaluru +6 other locations
6069,WNS Denali,3.5,Management Consulting,183,796,--,26,Pune +10 other locations
6070,Inspiredge IT Solutions,4.0,IT Services & Consulting,183,990,2,12,Visakhapatnam +4 other locations
6071,L&T Infrastructure Development Projects,4.0,Engineering & Construction,183,1.1k,--,10,Chennai +39 other locations
6072,Groupe SEB,3.4,Consumer Electronics & Appliances,183,729,--,13,New Delhi +35 other locations
6073,Phenix Construction Technologies,4.0,Engineering & Construction,183,775,--,16,Ahmedabad +13 other locations
6074,Cornerstone OnDemand,3.3,Software Product,183,1.6k,64,35,Pune +6 other locations
6075,Accurate Engineering Company,3.2,Industrial Machinery,183,877,16,11,Pune +26 other locations
6076,Sagar Hospital,4.3,Healthcare,183,605,4,6,Bengaluru +7 other locations
6077,S kant Healthcare Ltd,4.6,Pharma,183,505,5,9,Vapi +8 other locations
6078,Burman Hospitality,3.8,Hospitality,183,642,18,10,New Delhi +26 other locations
6079,Reliance Smart Point,4.3,,183,405,--,21,
6080,Antino,2.6,Emerging Technologies,183,846,29,37,Gurugram +6 other locations
6081,Eazy ERP Technologies,3.6,IT Services & Consulting,183,653,20,16,Gurugram +11 other locations
6082,Incrementors Web Solutions,3.9,Financial Services,182,187,--,25,New Delhi +3 other locations
6083,Apollo Spectra Hospitals,4.4,Healthcare,182,479,--,16,New Delhi +20 other locations
6084,AMS Comtel BPMS,3.2,IT Services & Consulting,182,742,6,10,New Delhi +13 other locations
6085,IFB Agro Industries,4.0,Beverage,182,685,--,8,Kolkata +31 other locations
6086,Corrtech International,3.1,Engineering & Construction,182,705,--,3,Ahmedabad +45 other locations
6087,Maksat Technologies,3.4,Telecom,182,612,--,10,New Delhi +36 other locations
6088,Gunnebo,3.8,Defence & Aerospace,182,785,10,12,Vadodara +13 other locations
6089,Flowmore,3.7,Industrial Machinery,182,812,--,18,Ghaziabad +17 other locations
6090,Indian Council of Medical Research,4.2,Healthcare,182,682,--,6,New Delhi +39 other locations
6091,Cyient DLM,3.8,,182,811,--,11,
6092,Ring Plus Aqua,4.2,Auto Components,182,696,--,14,Nashik +7 other locations
6093,Childline India Foundation,4.3,Non-Profit,182,402,--,8,Mumbai +70 other locations
6094,Fiat Chrysler Automobiles,3.7,Automobile,182,1.1k,2,8,Chennai +12 other locations
6095,DSM SOFT,3.0,IT Services & Consulting,182,805,4,12,Tiruchirappalli +6 other locations
6096,APOLLO POWER SYSTEMS,3.8,Electrical Equipment,182,582,3,15,Bengaluru +9 other locations
6097,SmartSchool Education,4.6,EdTech,182,426,3,46,Noida +13 other locations
6098,Corient Business Solutions,3.2,Accounting & Auditing,182,824,4,28,Mumbai +8 other locations
6099,Qube Cinema Technologies,3.7,Media & Entertainment,182,794,53,7,Chennai +12 other locations
6100,SeQuent Scientific,3.7,Pharma,182,721,2,3,Mumbai +17 other locations
6101,Stumpp Schuele & Somappa Springs,3.4,Industrial Machinery,182,720,2,10,Bengaluru +8 other locations
6102,Theon Pharmaceuticals,3.9,Pharma,182,745,5,16,Baddi +13 other locations
6103,cFIRST,3.9,Recruitment,182,674,--,7,Ahmedabad +7 other locations
6104,Naresh i Technologies,4.0,IT Services & Consulting,182,659,8,14,Hyderabad +10 other locations
6105,Kyb Motorcycle Suspension,3.8,Industrial Machinery,182,559,4,15,Chennai +13 other locations
6106,Cloudstrats Technologies,3.0,IT Services & Consulting,182,360,18,17,Mumbai +12 other locations
6107,Celio Future Fashion,4.4,Retail,182,420,--,5,Mumbai +48 other locations
6108,Cadworks India,4.9,Design,182,61,--,10,New Delhi +6 other locations
6109,Birla Cellulose,3.6,Pulp & Paper,182,737,--,14,Bharuch +15 other locations
6110,MSV International,3.8,Engineering & Construction,182,510,15,16,Gurugram +67 other locations
6111,SEG Automotive,4.0,Auto Components,182,1.2k,7,11,Bengaluru +7 other locations
6112,KerryIndev Logistics,3.7,Logistics,181,1.1k,--,4,Chennai +32 other locations
6113,Vilcart,3.7,Internet,181,430,5,15,Bengaluru +50 other locations
6114,GoMechanic,3.3,Internet,181,2k,--,55,Gurugram +23 other locations
6115,PPMS Field Marketing,3.9,Marketing & Advertising,181,502,--,11,Chennai +34 other locations
6116,Aptonline,3.3,IT Services & Consulting,181,1.1k,--,5,Hyderabad +6 other locations
6117,Magnit Global,3.3,Software Product,181,742,--,18,Vadodara +6 other locations
6118,Li & Fung,3.9,Electrical Equipment,181,695,4,6,Gurugram +12 other locations
6119,Krystal Integrated Services Limited,4.1,Facility Management Services,181,725,10,9,Mumbai +25 other locations
6120,Tata Memorial Hospital,4.1,Healthcare,181,619,--,10,Mumbai +10 other locations
6121,Relyon Softech,4.1,Software Product,181,901,1,19,Bengaluru +15 other locations
6122,Prione Business Services,4.4,Retail,181,809,--,6,Bengaluru +24 other locations
6123,Impresario Entertainment & Hospitality,4.2,Hospitality,181,622,--,5,Mumbai +16 other locations
6124,American InfoSource,3.3,IT Services & Consulting,181,835,26,17,Vadodara +2 other locations
6125,Fangs Technology,4.0,Consumer Electronics & Appliances,181,744,--,6,Chennai +24 other locations
6126,Labtron Equipment,3.4,,181,290,--,23,
6127,SVN SYSTECH INDIA,3.3,IT Services & Consulting,181,811,--,12,Mumbai +25 other locations
6128,Donear Industries,3.3,Fashion & Textile,181,820,6,8,Mumbai +19 other locations
6129,Holy Family Hospital,3.5,Healthcare,181,660,26,7,New Delhi +12 other locations
6130,Hindustan Media Ventures,3.8,Printing & Publishing,181,586,--,6,Patna +31 other locations
6131,Virinchi Technologies,3.2,IT Services & Consulting,181,1.1k,5,20,Hyderabad +5 other locations
6132,Jeena & Company,3.6,Logistics,181,640,3,10,Mumbai +24 other locations
6133,S V S Projects India,3.1,Engineering & Construction,181,580,--,11,Hyderabad +9 other locations
6134,Vehere Technologies,4.5,IT Services & Consulting,181,302,5,24,Kolkata +7 other locations
6135,Essencea Infoserv,2.7,BPO,181,483,--,18,Hyderabad +6 other locations
6136,Sunera Technologies,3.5,IT Services & Consulting,181,1.7k,--,25,Hyderabad +5 other locations
6137,Ravi Foods,3.9,Food Processing,181,588,--,9,Hyderabad +35 other locations
6138,Intense Technologies,3.5,IT Services & Consulting,181,1.2k,1,12,Hyderabad +13 other locations
6139,Advantage One Tax Consulting,4.0,Financial Services,181,531,--,11,Hyderabad +4 other locations
6140,Karam Safety,4.2,Industrial Machinery,181,723,--,8,Lucknow +22 other locations
6141,Mangal Industries,3.8,Auto Components,181,747,--,9,Tirupati +19 other locations
6142,Bambino Agro Industries,4.0,Food Processing,181,748,2,8,Hyderabad +30 other locations
6143,Laminaar Aviation Infotech,2.6,IT Services & Consulting,181,1.2k,--,17,Bengaluru +5 other locations
6144,Axa Parenterals,3.8,Medical Equipment,181,745,2,20,Roorkee +9 other locations
6145,Kriya NextWealth,3.6,,181,706,--,17,
6146,Mitsuba,3.6,Auto Components,181,726,--,6,Gurugram +13 other locations
6147,Epimoney,3.2,Financial Services,181,807,5,19,Mumbai +17 other locations
6148,Ess Kay Group,3.7,Industrial Machinery,181,618,--,13,Greater Noida +15 other locations
6149,Trellix,3.5,Software Product,181,1.4k,15,24,Bengaluru +3 other locations
6150,Sfc Solutions,3.6,Automobile,181,872,2,16,Chennai +19 other locations
6151,Architect Hafeez Contractor,3.0,Architecture & Interior Design,181,509,--,12,Mumbai +9 other locations
6152,Private Practice,4.5,,181,3.2k,--,16,
6153,Amentum,3.8,Defence & Aerospace,181,255,9,8,Bengaluru +21 other locations
6154,GVK Group,3.8,Engineering & Construction,181,709,--,12,Hyderabad +38 other locations
6155,Birdeye,3.1,Marketing & Advertising,181,1k,22,30,Gurugram +4 other locations
6156,Sistema Shyam Teleservices,4.9,Telecom,180,242,1,--,Gurugram +42 other locations
6157,Feedback Energy Distribution Company,3.6,Power,179,568,--,7,Bhubaneswar +31 other locations
6158,SBL Knowledge Services,3.0,IT Services & Consulting,180,932,--,17,Madurai +15 other locations
6159,Jarvis Technology and Strategy Consulting,3.3,Management Consulting,180,797,2,24,New Delhi +38 other locations
6160,Monginis Foods,3.4,Food Processing,180,690,--,8,Mumbai +28 other locations
6161,Manikaran Power Limited,3.3,Power,180,729,1,25,New Delhi +13 other locations
6162,Oswal Group,3.8,Fashion & Textile,180,677,3,12,Ludhiana +15 other locations
6163,U.S. Polo Assn,4.4,Retail,180,484,--,8,Bengaluru +54 other locations
6164,Heavy Engineering Corporation,3.6,Engineering & Construction,180,730,--,11,Ranchi +9 other locations
6165,Nippon Konpo,4.1,Logistics,180,546,--,9,Gurugram +17 other locations
6166,Simpa Energy,4.6,Power,180,339,--,1,Noida +32 other locations
6167,Citylife Retail,3.3,Retail,180,361,--,7,Kolkata +45 other locations
6168,Global Hospital Pune India,3.9,Healthcare,180,541,--,7,Mumbai +19 other locations
6169,Lithium Urban Technologies,3.5,Urban Transport,180,695,1,9,Bengaluru +13 other locations
6170,Kamdhenu,3.7,Building Material,180,559,6,10,Gurugram +44 other locations
6171,Reliance Corporate IT Park,4.0,,180,685,--,8,
6172,Vestian Global Workplace Services,3.3,Real Estate,180,830,2,6,Bengaluru +16 other locations
6173,Wepsol,3.5,IT Services & Consulting,180,820,7,9,Bengaluru +22 other locations
6174,Starworth Infrastructure Construction,3.7,Engineering & Construction,180,738,7,12,Bengaluru +8 other locations
6175,Swelect Energy Systems,4.0,Electrical Equipment,180,508,--,15,Chennai +41 other locations
6176,Jai Kisan,3.2,Internet,180,560,--,15,Mumbai +32 other locations
6177,National Aerospace Laboratories,4.3,Defence & Aerospace,180,786,--,14,Bengaluru +2 other locations
6178,OneAdvanced,2.9,IT Services & Consulting,180,1.1k,13,20,Bengaluru +6 other locations
6179,Oxford University Press,3.3,Printing & Publishing,180,943,29,8,New Delhi +29 other locations
6180,Bentley Systems,4.1,Software Product,180,1.4k,35,21,Pune +7 other locations
6181,Central Institute of Plastics Engineering & Technology,3.7,Education & Training,180,630,--,4,Chennai +36 other locations
6182,Eicher Trucks and Buses,4.5,Automobile,180,550,--,12,Indore +53 other locations
6183,United Nations Development Programme,4.1,Non-Profit,180,507,--,16,New Delhi +59 other locations
6184,MasterSoft ERP Solutions,3.0,Software Product,180,938,13,18,Nagpur +14 other locations
6185,Ghatge Patil Industries,3.7,Industrial Machinery,180,895,2,3,Kolhapur +8 other locations
6186,National Aerospace Laboratories,4.3,Defence & Aerospace,180,786,--,14,Bengaluru +2 other locations
6187,ANEWA Engineering,3.8,Engineering & Construction,180,959,31,4,Hyderabad +1 other locations
6188,Oxford University Press,3.3,Printing & Publishing,180,943,29,8,New Delhi +29 other locations
6189,OneAdvanced,2.9,IT Services & Consulting,180,1.1k,13,20,Bengaluru +6 other locations
6190,Eshopbox Ecommerce,3.0,Internet,180,628,7,42,Gurugram +5 other locations
6191,A2Z Infraservices,4.0,Facility Management Services,180,454,--,10,New Delhi +22 other locations
6192,RT Network Solutions,3.4,IT Services & Consulting,180,602,2,14,Kolkata +34 other locations
6193,Translumina Therapeutics,3.4,Healthcare,180,585,7,10,New Delhi +16 other locations
6194,Maschio Gaspardo,3.7,Industrial Machinery,180,741,7,13,Pune +26 other locations
6195,PC Financial Services,4.1,Financial Services,180,512,1,11,Gurugram +4 other locations
6196,Allset Business Solutions,3.8,BPO,180,974,--,15,Chennai +11 other locations
6197,MaxVal Group,3.2,IT Services & Consulting,180,1.1k,2,22,Coimbatore +8 other locations
6198,Healthplix Technologies,3.0,Fitness & Wellness,180,1.1k,15,28,Bengaluru +30 other locations
6199,Pawzz,4.6,,180,3,--,94,
6200,Healthplix Technologies,3.0,Fitness & Wellness,180,1.1k,15,28,Bengaluru +30 other locations
6201,MaxVal Group,3.2,IT Services & Consulting,180,1.1k,2,22,Coimbatore +8 other locations
6202,MSL Driveline Systems,4.3,Auto Components,179,631,--,3,Nashik +8 other locations
6203,Nabard Consultancy Services,3.7,Management Consulting,179,501,--,16,New Delhi +57 other locations
6204,Woodrock Infotech Private Limited,2.9,BPO,179,306,3,12,Kolkata +5 other locations
6205,Paisalo Digital,3.5,NBFC,179,431,1,16,New Delhi +61 other locations
6206,Sulphur Mills,3.6,Agro Chemicals,179,829,13,13,Mumbai +31 other locations
6207,Kolors Healthcare,3.7,Healthcare,179,700,7,16,Hyderabad +31 other locations
6208,River Engineering,3.6,Industrial Machinery,179,850,5,9,Greater Noida +10 other locations
6209,Lal Baba Seamless Tubes,3.0,Industrial Machinery,179,794,--,10,Haldia +6 other locations
6210,Market Xcel Data Matrix,2.7,Analytics & KPO,179,627,--,12,New Delhi +30 other locations
6211,Aurus,2.7,FinTech,179,1.4k,6,30,Pune +4 other locations
6212,FreshersNow,4.0,,179,221,--,55,
6213,Graygraph Technologies Private Limited,4.4,IT Services & Consulting,179,599,1,32,Noida +5 other locations
6214,Radiant Appliances,4.1,Electronics Manufacturing,179,717,1,13,Hyderabad +6 other locations
6215,Ayoki Fabricon,3.7,Engineering & Construction,179,703,13,7,Pune +26 other locations
6216,Hindustan Platinum,3.4,Metals & Mining,179,1.2k,5,20,Mumbai +4 other locations
6217,Prgx India,3.4,Accounting & Auditing,179,1.3k,65,14,Pune +2 other locations
6218,Miraj Group,4.0,Printing & Publishing,179,759,--,13,Udaipur +26 other locations
6219,NeST Digital,3.5,IT Services & Consulting,179,1.3k,106,18,Kochi +9 other locations
6220,Volante Technologies,3.3,FinTech,179,1.5k,1,19,Chennai +5 other locations
6221,Jaslok Hospital and Research Centre,4.0,Healthcare,179,744,10,9,Mumbai +9 other locations
6222,INOXCVA,3.2,Engineering & Construction,179,766,12,9,Vadodara +15 other locations
6223,rebootXP,3.0,Management Consulting,179,252,12,13,Noida +4 other locations
6224,CleanMax Enviro Energy Solutions,4.3,Power,179,829,40,20,Mumbai +28 other locations
6225,Eros Group,4.0,Real Estate,179,726,12,16,New Delhi +14 other locations
6226,Blue Tokai Coffee Roasters,3.8,Beverage,179,642,6,11,New Delhi +10 other locations
6227,Bhavna Corp.,3.5,IT Services & Consulting,179,978,--,19,Noida +7 other locations
6228,Tech2Globe,4.1,IT Services & Consulting,179,293,17,23,New Delhi +1 other locations
6229,Admiral Solutions,3.2,IT Services & Consulting,179,922,3,11,New Delhi +4 other locations
6230,TVS Automobiles Solutions,3.6,,179,784,--,6,
6231,Wellspring Healthcare,2.7,Healthcare,177,496,--,7,Mumbai +27 other locations
6232,Institute of Language Management,4.2,Education & Training,178,207,--,16,Bengaluru +12 other locations
6233,Kapil Chit Funds,4.0,FinTech,178,372,--,4,Hyderabad +47 other locations
6234,Lohum Cleantech,3.4,Semiconductors,178,647,3,22,Greater Noida +9 other locations
6235,Cubastion Consulting,2.9,IT Services & Consulting,178,1.1k,12,22,Gurugram +5 other locations
6236,Gpt Infraprojects,3.9,Engineering & Construction,178,551,5,7,Kolkata +25 other locations
6237,Shankar Packagings,2.6,Packaging,178,833,2,10,Vadodara +6 other locations
6238,SYNCHRONIZED SUPPLY SYSTEMS,4.0,Logistics,178,622,--,10,Gurugram +19 other locations
6239,Digital Web Solutions,3.8,IT Services & Consulting,178,670,42,21,Gurugram +7 other locations
6240,Jayem Automotives,3.3,Auto Components,178,729,1,9,Coimbatore +8 other locations
6241,Don Bosco Tech Society,4.0,Non-Profit,178,333,10,11,New Delhi +50 other locations
6242,Hitek Syndicate,3.6,Banking,178,431,--,8,New Delhi +16 other locations
6243,Indus Motors,4.0,Automobile,178,646,5,3,Kochi +32 other locations
6244,Gangar Eyenation,3.6,Retail,178,519,30,11,Mumbai +22 other locations
6245,Matrix Cellular Services,4.2,Telecom,178,455,--,2,New Delhi +20 other locations
6246,Fichtner Consulting Engineers,3.8,Engineering & Construction,178,752,3,18,Chennai +23 other locations
6247,Arvind Smartspaces Limited,3.6,Real Estate,178,670,--,16,Ahmedabad +6 other locations
6248,KNNX Corp,2.6,IT Services & Consulting,178,875,--,11,Noida +7 other locations
6249,Simplify3x Software,3.8,Software Product,178,1.2k,1,17,Bengaluru +6 other locations
6250,TPF Engineering,3.8,Engineering & Construction,178,618,37,19,Mumbai +31 other locations
6251,Lakme Salon,3.9,Beauty & Personal Care,178,470,--,14,Bengaluru +47 other locations
6252,Aster Cmi Hospital,3.9,Healthcare,178,639,--,12,Bengaluru +7 other locations
6253,Gopalan Enterprises,4.0,Real Estate,178,703,1,17,Bengaluru +6 other locations
6254,KPI Partners,3.7,IT Services & Consulting,178,925,36,20,Hyderabad +6 other locations
6255,Diksha Technologies,3.0,IT Services & Consulting,178,821,24,5,Bengaluru +6 other locations
6256,Dr B Lal Clinical Laboratory,4.0,Healthcare,178,411,7,10,Jaipur +13 other locations
6257,Divgi Torqtransfer Systems,3.1,Auto Components,178,810,--,10,Pune +7 other locations
6258,Moneyboxx Finance,3.6,NBFC,178,516,13,10,Mumbai +79 other locations
6259,Arwade Infrastructure,4.0,Engineering & Construction,178,534,--,10,Pune +12 other locations
6260,Deccan Cements,4.1,Building Material,178,676,2,11,Hyderabad +16 other locations
6261,Hyderabad Metro Rail,4.1,Railways,178,516,7,11,Hyderabad +5 other locations
6262,Techugo,3.6,Software Product,178,474,10,16,Noida +7 other locations
6263,Cadmaxx Solutions,3.5,IT Services & Consulting,178,748,5,18,Bengaluru +13 other locations
6264,Thriveni Sainik Mining,4.2,Metals & Mining,178,569,1,29,Hazaribag +11 other locations
6265,Globe Capital Market,3.4,Investment Banking / Venture Capital / Private Equity,178,653,5,7,New Delhi +32 other locations
6266,Natural Remedies,3.7,Pharma,177,752,4,16,Bengaluru +21 other locations
6267,Geno Pharmaceuticals,2.9,Pharma,177,464,--,20,Mumbai +42 other locations
6268,Bharat Benz,4.3,Automobile,177,554,--,9,Chennai +78 other locations
6269,Infibeam Avenues,3.3,IT Services & Consulting,177,1.3k,9,12,Mumbai +11 other locations
6270,CR Asia,3.9,Oil & Gas,177,636,2,11,Jamnagar +12 other locations
6271,Polyplastics,3.7,Petrochemicals,177,824,--,4,Ahmedabad +24 other locations
6272,Ananda Dairy,4.0,Agriculture,177,569,--,13,Noida +34 other locations
6273,Denso Ten Minda India,4.1,Auto Components,177,738,--,16,Bawal +10 other locations
6274,Cipla Industries,4.0,Pharma,177,711,--,12,Indore +31 other locations
6275,Sharda Hospital,3.8,Healthcare,177,693,--,12,Greater Noida +8 other locations
6276,Lalitpur Power Generation,4.3,Power,177,604,8,10,Lalitpur +10 other locations
6277,Archean Chemical Industries,3.8,Chemicals,177,785,--,12,Bhuj +18 other locations
6278,Anytime Fitness,3.6,Fitness & Wellness,177,763,67,14,New Delhi +31 other locations
6279,Dr ITM,3.2,BPO,177,473,--,12,Jaipur +15 other locations
6280,ABT Maruti,3.9,Automobile,177,757,3,3,Chennai +20 other locations
6281,All India Council Technical Education,4.4,,177,203,--,10,
6282,Maccaferri,3.8,Real Estate,177,671,--,11,Gurugram +32 other locations
6283,Tata Passenger Electric Mobility,4.2,Automobile,177,583,--,13,Ahmedabad +14 other locations
6284,nurture.farm,3.2,Agriculture,177,719,--,11,Bengaluru +44 other locations
6285,Ashish Life Science,3.7,Pharma,177,576,4,15,Mumbai +10 other locations
6286,Swaraj Engines,3.7,Automobile,177,559,--,10,Sahibzada Ajit Singh Nagar +10 other locations
6287,Rane Group,4.0,Auto Components,177,739,--,12,Chennai +24 other locations
6288,Gateway Group of Companies,2.4,IT Services & Consulting,177,1.1k,10,26,Ahmedabad +7 other locations
6289,The House of Abhinandan Lodha,3.0,Real Estate,177,703,6,23,Mumbai +7 other locations
6290,Epp Composites,3.3,Industrial Machinery,177,677,7,69,Rajkot +12 other locations
6291,Walker Chandiok & Co,3.1,Accounting & Auditing,177,1.2k,--,14,Mumbai +13 other locations
6292,DESIGNCO,4.0,Import & Export,177,729,10,14,Moradabad +7 other locations
6293,Saatvik Green Energy,4.0,Power,177,680,1,13,Ambala +12 other locations
6294,Sandfits Foundries,4.1,Auto Components,177,610,1,35,Coimbatore +3 other locations
6295,RPP Infra Projects,3.8,Engineering & Construction,177,742,8,25,Chennai +31 other locations
6296,Aster MIMS,4.4,Healthcare,177,764,--,10,Kozhikode +19 other locations
6297,Jubilant Industries,3.8,Agro Chemicals,177,1.2k,--,18,New Delhi +35 other locations
6298,Careers360,3.1,Education & Training,177,1.1k,--,18,Gurugram +10 other locations
6299,LiquidHub,3.6,IT Services & Consulting,174,760,--,14,Hyderabad +8 other locations
6300,L&T Buildings & Factories,3.8,Engineering & Construction,176,162,--,8,Mumbai +27 other locations
6301,Presidency University,2.6,Education & Training,176,745,--,12,Bengaluru +7 other locations
6302,Sri Ranganathar Industries,3.3,Industrial Machinery,176,809,3,10,Coimbatore +6 other locations
6303,O2 Power,4.5,Power,177,501,--,8,Gurugram +33 other locations
6304,S.M. Consultants,3.5,Management Consulting,176,607,--,18,Bhubaneswar +23 other locations
6305,Apollo Cradle,4.2,Healthcare,176,372,--,20,Bengaluru +13 other locations
6306,Micromatic Grinding Technologies,4.0,Industrial Machinery,176,706,7,8,Ghaziabad +7 other locations
6307,Ultra Engineers,4.0,Industrial Machinery,176,858,--,12,Pune +8 other locations
6308,Asianet Satellite Communications,4.4,Internet,176,551,1,21,Thiruvananthapuram +23 other locations
6309,Anand Rathi Wealth Limited,3.2,Financial Services,176,1.3k,--,25,Mumbai +23 other locations
6310,Cytecare Cancer Hospital,4.6,Healthcare,176,449,12,14,Bengaluru +3 other locations
6311,Infinity Data Technologies,3.5,IT Services & Consulting,176,1.2k,--,2,Pune +7 other locations
6312,Crif Solutions,3.3,FinTech,176,1.2k,--,23,Pune +2 other locations
6313,APAC Financial Services,4.0,Financial Services,176,506,20,10,Mumbai +78 other locations
6314,Leena Powertech Engineers,3.7,Engineering & Construction,176,538,3,9,Mumbai +12 other locations
6315,Equentis Wealth Advisory Services,3.5,Financial Services,176,644,34,26,Mumbai +5 other locations
6316,IPL Biologicals,4.1,Agriculture,176,610,7,17,Gurugram +34 other locations
6317,Mandovi Motors,3.7,Auto Components,176,552,2,6,Bengaluru +6 other locations
6318,Integrated Enterprises,3.8,Financial Services,176,626,1,14,Chennai +33 other locations
6319,Bonanza Portfolio,3.3,Financial Services,176,844,18,12,Mumbai +33 other locations
6320,Bewakoof,3.7,Fashion & Textile,176,889,3,15,Bengaluru +15 other locations
6321,Gnrc Hospital,3.6,Healthcare,176,607,--,15,Guwahati +13 other locations
6322,Escorts Construction Equipment,4.1,Industrial Machinery,174,683,--,9,Faridabad +26 other locations
6323,Goel Ganga Group,3.5,Real Estate,176,657,--,13,Pune +4 other locations
6324,Orange Health Labs,3.9,Healthcare,177,522,2,17,Bengaluru +9 other locations
6325,Inox Green Energy Services,3.9,Electrical Equipment,175,507,--,13,Jaisalmer +41 other locations
6326,Harbinger Systems,3.6,Software Product,175,1.2k,7,7,Pune +2 other locations
6327,Som Projects (S.P.L),3.8,Engineering & Construction,175,624,2,16,New Delhi +24 other locations
6328,Doordarshan,4.0,Broadcasting,175,822,3,7,New Delhi +39 other locations
6329,Thinksynq Solutions,3.9,Management Consulting,175,679,--,23,Chennai +14 other locations
6330,Tata Realty and Infrastructure,3.9,Real Estate,175,924,60,9,Mumbai +25 other locations
6331,Dr Shroff Charity Eye Hospital,3.8,Healthcare,175,444,8,7,New Delhi +12 other locations
6332,Novopor Advanced Science,4.2,Chemicals,175,808,8,10,Visakhapatnam +5 other locations
6333,ObjectWin Technology,3.5,Recruitment,175,1.1k,--,10,Bengaluru +8 other locations
6334,Traya Health,3.6,Fitness & Wellness,175,459,16,34,Mumbai +7 other locations
6335,Collage,4.2,Retail,175,437,--,17,Hyderabad +77 other locations
6336,NHPC,4.2,Power,175,489,--,13,Faridabad +26 other locations
6337,Apptunix,4.2,Software Product,175,456,--,65,Sahibzada Ajit Singh Nagar +5 other locations
6338,GUVI,3.5,EdTech,175,834,1,29,Chennai +9 other locations
6339,Mega Rubber Technologies,3.6,Auto Components,175,729,--,11,Gurugram +15 other locations
6340,Radix Electrosystems,3.4,Electronics Manufacturing,175,786,4,16,Mumbai +14 other locations
6341,Informatica,3.8,Software Product,175,2.2k,--,31,Bengaluru +10 other locations
6342,St. Joseph's School,4.2,Education & Training,175,530,1,11,Lucknow +66 other locations
6343,Saraca Solutions,4.0,IT Services & Consulting,175,546,57,26,Noida +9 other locations
6344,Savills,3.7,Real Estate,175,1.1k,7,16,Bengaluru +15 other locations
6345,Jagatjit Industries,3.5,Beverage,175,592,4,6,New Delhi +22 other locations
6346,Swal Corporation,4.2,Agro Chemicals,175,351,--,10,Pune +75 other locations
6347,General Industrial Controls,3.6,Industrial Automation,175,1.1k,11,11,Pune +14 other locations
6348,Unilog Content Solutions ( P),3.5,Software Product,175,1.2k,5,17,Mysuru +5 other locations
6349,Indian School of Business,3.3,Analytics & KPO,175,1k,9,12,Hyderabad +9 other locations
6350,Toyota Boshoku Automotive,4.1,Auto Components,175,713,7,5,Bengaluru +18 other locations
6351,Lennox India Technology Centre,3.6,Industrial Machinery,175,1k,63,27,Chennai +2 other locations
6352,GD Goenka University,3.6,Education & Training,175,765,6,14,Gurugram +31 other locations
6353,Ciklum,3.6,IT Services & Consulting,175,879,36,30,Pune +3 other locations
6354,Compuage Infocom,4.2,Hardware & Networking,173,852,8,9,Mumbai +41 other locations
6355,GDX Group,4.1,Law Enforcement & Security,174,458,1,3,New Delhi +43 other locations
6356,Sitics Logistic Solutions,3.0,Financial Services,174,641,12,9,Palakkad +51 other locations
6357,Maya Academy of Advanced Cinematics,3.0,Animation & VFX,174,572,--,25,Mumbai +39 other locations
6358,CFlo,4.5,Industrial Machinery,174,412,--,11,Kolkata +10 other locations
6359,Supple Tek Industries,3.4,Food Processing,174,500,4,15,Amritsar +41 other locations
6360,Compuage Infocom,4.2,Hardware & Networking,173,852,8,9,Mumbai +41 other locations
6361,Altius Customer Services,3.1,BPO,174,662,10,15,Nagpur +5 other locations
6362,EASTMAN EXPORTS GLOBAL CLOTHING PVT.LTD,3.6,Fashion & Textile,174,899,25,6,Tiruppur +10 other locations
6363,GDX Group,4.1,Law Enforcement & Security,174,458,1,3,New Delhi +43 other locations
6364,CFlo,4.5,Industrial Machinery,174,412,--,11,Kolkata +10 other locations
6365,Maya Academy of Advanced Cinematics,3.0,Animation & VFX,174,572,--,25,Mumbai +39 other locations
6366,Supple Tek Industries,3.4,Food Processing,174,500,4,15,Amritsar +41 other locations
6367,Sitics Logistic Solutions,3.0,Financial Services,174,641,12,9,Palakkad +51 other locations
6368,Liquiloans,2.8,FinTech,174,822,4,21,Mumbai +11 other locations
6369,Talwalkars Better Value Fitness,4.1,Fitness & Wellness,174,437,--,6,Mumbai +54 other locations
6370,SPIE Oil & Gas Services,4.2,Oil & Gas,174,272,--,10,Doha +22 other locations
6371,iQuanti,3.9,Marketing & Advertising,174,1.1k,17,18,Bengaluru +8 other locations
6372,Bengal Energy,3.8,Power,174,595,--,11,Kharagpur +11 other locations
6373,Poonawalla Finance,3.7,NBFC,174,960,--,6,Pune +82 other locations
6374,Experian,3.8,FinTech,174,2.1k,105,25,Hyderabad +5 other locations
6375,Freyr Energy Services,3.6,Power,174,553,64,12,Hyderabad +30 other locations
6376,Cashfree Payments,3.0,FinTech,175,1.6k,32,25,Bengaluru +6 other locations
6377,M&G Global Services,3.4,Financial Services,174,1.5k,16,12,Mumbai +5 other locations
6378,Automation Anywhere,3.7,Industrial Automation,174,1.6k,19,19,Bengaluru +13 other locations
6379,NSL Sugars,4.0,Food Processing,174,552,16,7,Hyderabad +23 other locations
6380,NSL Sugars,4.0,Food Processing,174,552,16,7,Hyderabad +23 other locations
6381,Automation Anywhere,3.7,Industrial Automation,174,1.6k,19,19,Bengaluru +13 other locations
6382,SmartQ - Bottle Lab Technologies,4.1,Software Product,174,951,64,22,Bengaluru +12 other locations
6383,Pan Gulf Technologies,4.0,Design,174,859,14,14,Mumbai +8 other locations
6384,First Abu Dhabi Bank,3.2,Banking,174,939,--,14,Bengaluru +7 other locations
6385,Wintax Solution,4.7,Recruitment,174,26,--,4,Surat +60 other locations
6386,FutureSoft India,3.5,Software Product,174,589,21,16,Bengaluru +14 other locations
6387,Ascendum Solutions,3.0,IT Services & Consulting,174,774,1,13,Bengaluru +8 other locations
6388,Sree Metaliks,3.8,Industrial Machinery,174,705,--,12,Barbil +20 other locations
6389,Dayal Group,4.0,Agriculture,174,517,15,10,Lucknow +42 other locations
6390,Opporture,4.8,Content Development,173,62,--,2,Hyderabad +1 other locations
6391,Hiranandani group,3.9,Real Estate,173,863,--,11,Mumbai +20 other locations
6392,Shubham K Mart,4.2,Retail,173,236,--,68,Raipur +21 other locations
6393,Atlassian,3.1,Software Product,173,4.3k,--,100,Bengaluru +6 other locations
6394,SEForge,3.3,Engineering & Construction,173,845,1,7,Coimbatore +6 other locations
6395,Bry-Air (Asia),3.7,,173,748,24,8,
6396,Kaff Appliances (india),3.2,Consumer Electronics & Appliances,173,660,--,15,Gurugram +32 other locations
6397,MEP Infrastructure Developers,3.8,Engineering & Construction,173,882,16,11,Mumbai +20 other locations
6398,bloom Hotel Group,4.1,Internet,173,675,--,11,New Delhi +19 other locations
6399,Modelama Exports,3.9,Fashion & Textile,173,650,1,5,Gurugram +5 other locations
6400,Amnet Systems,3.7,IT Services & Consulting,173,800,8,8,Chennai +7 other locations
6401,Bobst India,3.9,Industrial Machinery,173,871,2,15,Pune +10 other locations
6402,bloom Hotel Group,4.1,Internet,173,675,--,11,New Delhi +19 other locations
6403,Qicpic,2.3,Internet,173,94,--,21,Bengaluru +57 other locations
6404,Hiranandani group,3.9,Real Estate,173,863,--,11,Mumbai +20 other locations
6405,Gujarat Guardian Ltd.,3.6,Building Material,173,737,9,14,Ankleshwar +18 other locations
6406,Toyota Kirloskar Auto Parts,4.2,Auto Components,173,656,--,5,Bengaluru +10 other locations
6407,MEP Infrastructure Developers,3.8,Engineering & Construction,173,882,16,11,Mumbai +20 other locations
6408,Gsa Industries,4.0,Automobile,173,570,11,16,Patiala +6 other locations
6409,VASANTHA TOOL CRAFTS,3.9,Industrial Machinery,173,588,--,12,Hyderabad +1 other locations
6410,Applus Velosi,3.6,Oil & Gas,173,410,--,8,Chennai +22 other locations
6411,Kuantum Papers,4.1,Pulp & Paper,173,669,--,8,Hoshiarpur +11 other locations
6412,Modelama Exports,3.9,Fashion & Textile,173,650,1,5,Gurugram +5 other locations
6413,Arvind Technocrats & Engineers LLP,3.7,Engineering & Construction,173,285,6,10,New Delhi +31 other locations
6414,Valiant Organics,3.6,Chemicals,173,959,6,7,Bharuch +11 other locations
6415,Alliant Talent,2.2,Accounting & Auditing,173,865,31,14,Hyderabad +4 other locations
6416,J Pan Tubular Components,3.4,Industrial Machinery,173,563,5,15,Greater Noida +10 other locations
6417,KRG Technologies,4.3,IT Services & Consulting,173,610,11,21,Chennai +7 other locations
6418,Wanfeng Aluminum Wheel,3.7,Industrial Machinery,173,539,--,7,Bawal +6 other locations
6419,Sinch,3.6,Internet,173,1.2k,6,16,Noida +10 other locations
6420,Glatt Systems,3.8,Pharma,173,1.1k,3,14,Pune +2 other locations
6421,Express Roadways,3.5,Logistics,173,702,--,9,New Delhi +37 other locations
6422,Wanfeng Aluminum Wheel,3.7,Industrial Machinery,173,539,--,7,Bawal +6 other locations
6423,Sinch,3.6,Internet,173,1.2k,6,16,Noida +10 other locations
6424,Tynor Orthotics,3.4,Fitness & Wellness,173,657,7,15,Sahibzada Ajit Singh Nagar +26 other locations
6425,Macmet Engineering,3.9,Industrial Machinery,173,654,8,11,Kolkata +16 other locations
6426,CRED,3.6,FinTech,173,2.2k,--,42,Bengaluru +15 other locations
6427,W3Global,3.3,Recruitment,173,904,--,21,Hyderabad +6 other locations
6428,Aptia,2.7,IT Services & Consulting,173,774,16,9,Mumbai +7 other locations
6429,Keihin India Manufacturing,4.4,Auto Components,172,620,--,5,Neemrana +9 other locations
6430,Yamaha Music India,3.7,Media & Entertainment,172,757,8,3,Chennai +11 other locations
6431,Yashashvi Rasayan,4.2,Metals & Mining,172,708,--,5,Bharuch +11 other locations
6432,SPX Flow Technology,4.3,Industrial Machinery,172,988,--,10,Bengaluru +7 other locations
6433,Mayoor School,4.4,Education & Training,172,137,10,1,Noida +9 other locations
6434,FunnL,3.3,Marketing & Advertising,172,826,1,7,Hyderabad +1 other locations
6435,Sowparnika,4.0,Real Estate,172,791,9,8,Bengaluru +12 other locations
6436,Sahyadri Farms,3.6,Internet,172,816,16,15,Nashik +14 other locations
6437,Ind swift ltd. Gbu,3.5,,172,753,--,10,
6438,Biotech Vision Care,3.6,Healthcare,172,855,1,17,Ahmedabad +27 other locations
6439,Rabwin Industries,3.9,Industrial Machinery,172,796,1,7,Coimbatore +4 other locations
6440,Olive Bar & Kitchen,4.0,Hospitality,172,483,34,5,Mumbai +15 other locations
6441,Daebu Automotive Seat,3.2,Auto Components,172,688,--,6,Chennai +8 other locations
6442,Ferring Pharmaceuticals,4.0,Pharma,172,832,--,8,Hyderabad +18 other locations
6443,Pratibha Syntex,3.9,Fashion & Textile,172,599,4,6,Indore +13 other locations
6444,Proventech,4.2,Software Product,172,371,17,10,Hyderabad +4 other locations
6445,Kenstar,3.8,Consumer Electronics & Appliances,172,589,--,13,Gurugram +53 other locations
6446,B.L. Agro Industries,3.6,,172,680,--,8,
6447,Ranjit Buildcon,4.3,Engineering & Construction,172,524,--,12,Surat +21 other locations
6448,Finecure Pharmaceuticals,3.8,Pharma,172,765,5,14,Ahmedabad +15 other locations
6449,Trawex Technologies,4.5,Software Product,172,137,5,20,Bengaluru +1 other locations
6450,Atidan Technologies,4.2,Software Product,172,478,15,24,Mumbai +6 other locations
6451,Peerless Hospital,4.1,Healthcare,172,500,--,5,Kolkata +7 other locations
6452,AIG,3.8,Insurance,172,1k,1,10,Bengaluru +13 other locations
6453,Ganges Internationale,2.8,Power,172,815,--,9,Chennai +9 other locations
6454,Gowtham Model School,3.8,Education & Training,172,537,--,14,Hyderabad +15 other locations
6455,3F Industries,3.5,Food Processing,172,759,11,9,Nellore +23 other locations
6456,Metayb,3.9,IT Services & Consulting,172,353,39,22,Chennai +1 other locations
6457,Srijan Realty,3.8,Real Estate,172,778,3,12,Kolkata +2 other locations
6458,Da Milano Leathers,2.8,Leather,171,570,--,16,New Delhi +25 other locations
6459,Mafatlal Industries,3.6,Fashion & Textile,172,616,11,6,Mumbai +21 other locations
6460,Pentagon System and Services,3.7,IT Services & Consulting,172,841,3,8,Mumbai +15 other locations
6461,"CAMP Systems International, Inc.",3.8,Software Product,172,910,15,14,Hyderabad +6 other locations
6462,Meditrina Hospital,4.0,Healthcare,172,497,17,4,Kollam +14 other locations
6463,Unify Technologies,2.9,IT Services & Consulting,172,1.3k,49,26,Hyderabad +8 other locations
6464,D.B ENGINEERING,4.2,Industrial Machinery,172,357,76,15,New Delhi +16 other locations
6465,Ginger Webs,2.6,IT Services & Consulting,172,993,6,18,Noida +7 other locations
6466,Dmi Finance,3.5,NBFC,172,1.2k,30,15,New Delhi +18 other locations
6467,Jar,4.4,FinTech,172,418,17,36,Bengaluru +2 other locations
6468,Vastu Finserve,4.0,NBFC,172,409,11,5,New Delhi +67 other locations
6469,Bajaj Financial Securities,4.2,Financial Services,172,478,56,17,Pune +26 other locations
6470,Katyayani Organics,3.9,Agriculture,171,141,14,18,Bhopal +1 other locations
6471,Confiance BizSol Private Limited,3.1,Analytics & KPO,172,617,--,24,Ahmedabad +3 other locations
6472,ABP Network,4.0,Broadcasting,171,1.1k,--,5,Noida +14 other locations
6473,Grupo Bimbo,3.6,FMCG,171,830,--,11,New Delhi +27 other locations
6474,IREO,4.5,Real Estate,171,580,--,6,Gurugram +10 other locations
6475,Motwane Manufacturing Company,3.6,Electrical Equipment,171,715,6,15,Nashik +12 other locations
6476,Acer India,3.7,IT Services & Consulting,171,786,--,10,Bengaluru +35 other locations
6477,MGNREGA,3.5,Government,172,339,--,7,Hyderabad +95 other locations
6478,ValueFirst Digital Media,3.6,Software Product,171,1.1k,--,12,Gurugram +8 other locations
6479,Visible Alpha Solutions,3.6,Analytics & KPO,171,1.1k,--,22,Mumbai +6 other locations
6480,Indian Council of Agricultural Research,3.7,Education & Training,171,567,--,7,New Delhi +38 other locations
6481,Connect Broadband,4.2,Telecom,171,643,2,11,Sahibzada Ajit Singh Nagar +18 other locations
6482,Garden Reach Shipbuilders & Engineers,4.2,Ports & Shipping,171,479,--,7,Kolkata +6 other locations
6483,Narayana Junior College,3.7,Education & Training,171,305,--,2,Hyderabad +29 other locations
6484,UMSL,3.6,Engineering & Construction,171,603,21,13,Bhubaneswar +19 other locations
6485,VISION,3.8,Management Consulting,171,656,1,11,New Delhi +73 other locations
6486,Kenvue,3.6,Beauty & Personal Care,171,1.2k,121,6,Bengaluru +27 other locations
6487,Solenis,3.7,Chemicals,171,1k,1,23,Hyderabad +9 other locations
6488,John Cockerill,3.2,Industrial Machinery,171,849,40,9,Mumbai +7 other locations
6489,Decon Telecom Solutions,3.1,Telecom,171,338,--,12,Gurugram +29 other locations
6490,Wyzmindz Solutions,3.4,IT Services & Consulting,171,619,4,24,Bengaluru +6 other locations
6491,RC Plasto Tanks And Pipes,3.7,,171,677,--,15,
6492,P C CHANDRA JEWELLERS,3.7,Jewellery,172,517,--,10,Kolkata +25 other locations
6493,L&T Transportation Infrastructure,4.1,Engineering & Construction,171,151,--,8,Mumbai +34 other locations
6494,Lawrence & Mayo,3.8,Retail,171,478,--,14,Hyderabad +27 other locations
6495,ATYETI,3.8,IT Services & Consulting,171,920,65,20,Pune +7 other locations
6496,SMCC Construction India,4.2,Engineering & Construction,171,574,1,11,New Delhi +22 other locations
6497,Apollo Supply Chain,3.8,Logistics,171,617,1,11,Gurugram +41 other locations
6498,SKYMAP PHARMACEUTICALS,3.9,Pharma,170,576,--,7,Roorkee +7 other locations
6499,Holostik,3.9,Packaging,170,722,7,14,Noida +13 other locations
6500,CI Infotech,3.6,IT Services & Consulting,170,710,5,8,New Delhi +14 other locations
6501,AMBITION JOB,4.2,Recruitment,170,78,--,50,Hyderabad +26 other locations
6502,Crio.Do,2.9,EdTech,170,920,--,34,Bengaluru +7 other locations
6503,General Diagnostics International Private Limited,3.1,Healthcare,170,561,--,16,Mumbai +27 other locations
6504,Ashley Global Capability Center,3.9,IT Services & Consulting,170,448,8,71,Chennai +7 other locations
6505,Lanson Toyota,4.2,Automobile,170,507,2,7,Chennai +9 other locations
6506,Chromewell Engineering,3.8,Industrial Machinery,170,716,--,14,Pune +4 other locations
6507,ThinkPalm Technologies,3.9,IT Services & Consulting,170,1.5k,5,17,Kochi +5 other locations
6508,Mepro Pharmaceuticals,3.7,Pharma,170,850,--,15,Vadodara +11 other locations
6509,SEW Infrastructure,3.4,Engineering & Construction,170,501,1,4,Hyderabad +23 other locations
6510,Rain Carbon,4.1,,170,558,--,14,
6511,Kumar Properties,4.2,Real Estate,170,851,7,13,Pune +8 other locations
6512,Inmakes Infotech,3.8,,170,409,5,12,
6513,Filo,3.4,Internet,170,579,9,12,Gurugram +17 other locations
6514,AIG Business Solution,3.3,IT Services & Consulting,170,330,3,2,Gurugram +5 other locations
6515,Edwise International,3.9,Education & Training,170,436,57,14,Mumbai +21 other locations
6516,Impressions Services,3.9,Facility Management Services,170,702,2,3,Gurugram +15 other locations
6517,Vertex,3.8,Pharma,170,501,--,6,Hyderabad +22 other locations
6518,Singer India,3.9,Consumer Electronics & Appliances,170,573,--,6,New Delhi +38 other locations
6519,ShopX,4.4,Internet,170,731,--,1,Bengaluru +30 other locations
6520,NaviSite,3.9,IT Services & Consulting,170,1.4k,--,20,Gurugram +4 other locations
6521,Layam Flexi Solutions,3.7,Recruitment,170,607,--,7,Chennai +36 other locations
6522,UTILITY PROJECTS AND SERVICES,3.8,Engineering & Construction,170,807,18,19,Chennai +18 other locations
6523,HP Computing and Printing Systems,3.8,IT Services & Consulting,170,937,--,8,Bengaluru +14 other locations
6524,BVC Logistics,3.5,Logistics,170,657,12,11,Mumbai +30 other locations
6525,Ascolite - Aswani Industries Pvt. Ltd.,3.9,Engineering & Construction,170,417,57,36,Surat +24 other locations
6526,Delivery.com,3.8,Internet,170,665,--,19,Hyderabad +68 other locations
6527,MUFG Intime India,3.4,,170,739,--,12,
6528,Conviction HR,4.0,Recruitment,170,433,17,29,Mumbai +13 other locations
6529,NCR Atleos,3.8,Banking,170,976,25,14,Mumbai +16 other locations
6530,Shree Maruti Courier Service,4.0,Logistics,170,776,--,10,Ahmedabad +44 other locations
6531,MRCC Solutions,2.9,IT Services & Consulting,170,927,4,11,Mumbai +9 other locations
6532,All Time Plastics,4.0,Petrochemicals,170,748,5,6,Mumbai +11 other locations
6533,Sterling Software Private Limited,3.4,Software Product,170,1.5k,8,9,Chennai +3 other locations
6534,Simple Energy,3.9,Automobile,170,729,11,25,Bengaluru +8 other locations
6535,Omega,3.9,Industrial Machinery,170,717,--,33,Chennai +20 other locations
6536,The Millennium School,4.0,Education & Training,170,561,6,9,Noida +25 other locations
6537,Super Auto India,3.7,Industrial Machinery,170,671,--,6,Pune +5 other locations
6538,Nahar Industrial Enterprises,3.8,Fashion & Textile,170,673,10,12,Chandigarh +15 other locations
6539,Metro Tyres,3.7,Auto Components,170,687,--,12,Ludhiana +35 other locations
6540,Ingenero Technologies,4.3,IT Services & Consulting,170,931,--,12,Mumbai +3 other locations
6541,Peninsula Land,4.0,Real Estate,169,643,--,7,Mumbai +6 other locations
6542,Amalgam Steel,3.8,Iron & Steel,169,795,4,16,Jamshedpur +11 other locations
6543,Ben Franklin,3.6,Retail,169,141,6,9,Hyderabad +54 other locations
6544,Ruparel Realty,3.9,Real Estate,169,692,12,15,Mumbai +3 other locations
6545,Safdarjung Hospital,4.4,Healthcare,169,703,--,5,New Delhi +4 other locations
6546,Greaves Electric Mobility,3.3,Automobile,169,777,2,15,Bengaluru +25 other locations
6547,Vignesh Polymers,3.5,Auto Components,169,949,--,9,Chennai +16 other locations
6548,Xrbia Developers,2.9,Real Estate,169,855,--,8,Pune +7 other locations
6549,CPA Global,3.8,IT Services & Consulting,169,862,--,14,Noida +6 other locations
6550,Lepton Software Export & Research,3.6,Software Product,169,732,8,25,Gurugram +10 other locations
6551,Lince Soft Solutions,4.7,Recruitment,169,1.7k,--,8,Hyderabad +5 other locations
6552,Innovel Energy Services,3.2,Power,169,402,6,18,Kolkata +14 other locations
6553,Electronics Mart India,3.4,Retail,169,663,7,17,Hyderabad +25 other locations
6554,Gulf Oil Corporation,4.4,Oil & Gas,169,633,1,7,Hyderabad +22 other locations
6555,Ray Engineering,4.0,Engineering & Construction,169,541,--,4,Mumbai +29 other locations
6556,Claris Lifesciences Ahmedabad,3.3,Healthcare,169,386,--,1,Ahmedabad +16 other locations
6557,Jamboree Education,3.5,EdTech,169,653,11,12,New Delhi +18 other locations
6558,Konstelec Engineers,3.5,Engineering & Construction,169,630,6,14,Mumbai +35 other locations
6559,Vitech Systems Asia,3.4,IT Services & Consulting,169,1.4k,--,7,Hyderabad +2 other locations
6560,Bajaj Electronics,3.7,Retail,169,598,--,13,Hyderabad +38 other locations
6561,BG Distributors,3.5,FMCG,169,377,--,8,Kolkata +32 other locations
6562,Expedien eSolutions,3.2,IT Services & Consulting,169,858,2,13,Noida +9 other locations
6563,Stantec,3.8,Engineering & Construction,169,1.2k,10,29,Pune +7 other locations
6564,Varsity Education Management,3.7,Education & Training,169,1.1k,--,10,Hyderabad +18 other locations
6565,Masters' Union School of Business,3.0,EdTech,169,761,30,19,Gurugram +2 other locations
6566,Yotta Infrastructure Solutions,3.7,IT Services & Consulting,169,1.2k,40,12,Mumbai +13 other locations
6567,Dar Al Handasah Consultants Shair And Partners,3.0,Engineering & Construction,169,920,1,18,Pune +13 other locations
6568,Willowood Chemicals,3.8,Agro Chemicals,169,528,--,8,Vadodara +38 other locations
6569,Umang Dairies,3.9,FMCG,169,515,--,16,New Delhi +16 other locations
6570,Unique Engineers,3.5,Industrial Machinery,169,770,3,12,New Delhi +33 other locations
6571,Allied Nippon,3.7,Auto Components,169,692,7,14,Ghaziabad +15 other locations
6572,Imerys,3.7,Metals & Mining,169,736,5,9,Visakhapatnam +18 other locations
6573,Sms Integrated Facility Services,4.2,Facility Management Services,169,639,5,6,Mumbai +28 other locations
6574,Lynk,3.2,Logistics,169,967,--,12,Chennai +14 other locations
6575,Thinksys Software,3.8,IT Services & Consulting,169,1k,9,25,Noida +3 other locations
6576,Akasa Air,3.2,Aviation,169,961,12,18,Mumbai +14 other locations
6577,Scribe EMR,4.0,Analytics & KPO,169,584,4,16,Bengaluru +11 other locations
6578,NNE,3.5,Engineering & Construction,169,1.1k,11,20,Bengaluru +8 other locations
6579,Kriya It,3.3,Internet,169,823,--,19,Chittoor +10 other locations
6580,Pathcare Labs,3.6,Healthcare,168,551,1,16,Hyderabad +37 other locations
6581,SSK Group,3.5,FMCG,168,491,--,5,Pune +61 other locations
6582,Naxnova,4.4,Auto Components,168,574,1,22,Mumbai +11 other locations
6583,Ajanta Shoes,3.4,Fashion & Textile,168,585,1,17,Kolkata +29 other locations
6584,Newfold Digital,3.7,IT Services & Consulting,168,1.1k,3,21,Mumbai +12 other locations
6585,Indian Terrain Fashions,4.3,Fashion & Textile,168,544,--,5,Chennai +40 other locations
6586,Nangia & Co. LLP,3.3,Accounting & Auditing,168,806,10,22,New Delhi +28 other locations
6587,Zebra Technologies,3.6,IT Services & Consulting,168,1.8k,--,29,Bengaluru +8 other locations
6588,Alexander Mann Solutions,3.1,Recruitment,168,671,3,8,Bengaluru +12 other locations
6589,Steadfast Medishield,3.9,Pharma,168,401,1,18,Noida +14 other locations
6590,Narayana Medical College & Hospital,3.8,Healthcare,168,510,--,8,Nellore +12 other locations
6591,ONKAR DIES,3.7,Engineering & Construction,168,703,9,8,Pune +5 other locations
6592,Ghv India,4.2,Engineering & Construction,168,679,--,7,Mumbai +31 other locations
6593,Ardex Endura,3.9,Building Material,168,542,--,8,Bengaluru +50 other locations
6594,Goel Construction,3.7,Engineering & Construction,168,572,--,7,Jaipur +43 other locations
6595,Damodar Valley Corporation,3.8,Power,168,396,--,9,Kolkata +18 other locations
6596,Synergy Property Development Services,3.9,Real Estate,168,501,--,5,Bengaluru +20 other locations
6597,Allahabad Bank,4.4,Banking,168,321,--,2,Kolkata +52 other locations
6598,Okinawa Autotech,3.4,Auto Components,168,596,1,9,Gurugram +26 other locations
6599,Lamprell,4.0,Oil & Gas,168,355,2,7,Sharjah +13 other locations
6600,Rosmerta Safety Systems,3.4,,168,732,4,12,
6601,Texport Industries,3.6,Fashion & Textile,168,643,2,8,Bengaluru +16 other locations
6602,Nisa Industrial Services,3.6,Law Enforcement & Security,168,462,--,3,Mumbai +37 other locations
6603,Best Corporation,3.8,Fashion & Textile,168,835,4,7,Tiruppur +15 other locations
6604,Kepler Healthcare,3.5,Pharma,168,392,--,9,Ahmedabad +53 other locations
6605,Graphite India,3.5,Electrical Equipment,168,698,1,7,Nashik +10 other locations
6606,Nirvasa Healthcare,3.2,Healthcare,168,429,1,17,Gurugram +4 other locations
6607,Way.com,4.1,Internet,168,485,2,10,Thiruvananthapuram +4 other locations
6608,Dentsu Communications,3.2,Marketing & Advertising,168,1.6k,1,11,Pune +8 other locations
6609,Global Payments,4.0,FinTech,168,1.5k,--,14,Pune +12 other locations
6610,SHARON BIO MEDICINE,4.0,Pharma,168,635,6,4,Dehradun +6 other locations
6611,Carryfast group,3.5,Logistics,168,583,3,11,Indore +17 other locations
6612,Deshpande Foundation,4.0,Non-Profit,168,556,7,9,Hubballi +20 other locations
6613,Nina Percept,4.1,Building Material,168,592,--,7,Mumbai +12 other locations
6614,Yes Madam,4.2,Internet,168,527,25,48,Noida +8 other locations
6615,AlgoShack,4.2,Software Product,168,461,89,57,Bengaluru +2 other locations
6616,Brose India Automotive Systems,3.6,Auto Components,168,1k,5,15,Pune +3 other locations
6617,Podar Jumbo Kids,4.0,Education & Training,168,430,--,7,Mumbai +38 other locations
6618,Intellect Bizware Services,3.9,IT Services & Consulting,168,964,3,12,Mumbai +7 other locations
6619,BYD Electronics,3.4,Electronics Manufacturing,168,826,--,14,Chennai +14 other locations
6620,Neelachal Ispat Nigam,4.2,Metals & Mining,168,529,--,19,Jajpur +14 other locations
6621,Indian Register of Shipping,3.9,"Testing, Inspection and Certification (TIC)",168,936,9,12,Mumbai +34 other locations
6622,Vishay Precision Transducers,3.4,Semiconductors,168,946,--,7,Chennai +7 other locations
6623,Mythri Infrastructure and Mining,3.4,Engineering & Construction,168,578,1,6,Visakhapatnam +12 other locations
6624,Linkquest Telecom,3.4,Telecom,168,461,--,9,Noida +30 other locations
6625,Qualsquad Infotech,3.1,IT Services & Consulting,168,692,--,12,Pune +3 other locations
6626,Zeiss Pharma,3.3,Pharma,168,629,22,8,Jammu +11 other locations
6627,Jindal Industries Private Limited,3.5,Iron & Steel,168,1.7k,8,29,Kolkata +21 other locations
6628,Deepak Foundation,3.9,Non-Profit,168,390,8,18,Vadodara +32 other locations
6629,FloBiz,3.4,IT Services & Consulting,168,683,4,27,Bengaluru +27 other locations
6630,Smiiel - A Unit Of Motherson Sumi System,3.6,Semiconductors,168,432,--,20,Noida +8 other locations
6631,Federal Mogul Powertrain,3.7,Auto Components,167,534,--,10,Bhiwadi +14 other locations
6632,M2P Fintech,3.0,FinTech,167,1.3k,7,33,Chennai +7 other locations
6633,iBall,4.1,Consumer Electronics & Appliances,167,455,2,6,Mumbai +38 other locations
6634,Harvest Gold Industries,3.8,Food Processing,167,562,--,17,New Delhi +19 other locations
6635,Nerdy Turtlez,2.4,EdTech,167,410,--,18,Kolkata +4 other locations
6636,Kanerika Software,4.2,IT Services & Consulting,168,531,15,7,Hyderabad +5 other locations
6637,OM Careers,2.4,Recruitment,167,341,--,12,Ludhiana +7 other locations
6638,TerraCIS Technologies,3.7,IT Services & Consulting,167,472,--,8,Gurugram +40 other locations
6639,DCW,3.7,Chemicals,167,685,13,8,Thoothukudi +13 other locations
6640,NSK,3.9,Industrial Machinery,167,983,--,10,Chennai +18 other locations
6641,Nv Group,3.7,Beverage,167,631,1,6,New Delhi +25 other locations
6642,D A V School,3.9,Education & Training,167,530,--,10,Chennai +76 other locations
6643,MiM-Essay,4.3,Education & Training,167,245,--,15,New Delhi +2 other locations
6644,Fraazo,3.4,Internet,167,660,--,20,Mumbai +13 other locations
6645,Best Value Chem,3.8,Chemicals,167,864,7,10,Vadodara +5 other locations
6646,Continental Tyres,3.4,Auto Components,167,588,--,6,Meerut +23 other locations
6647,Jewelex India,4.0,Jewellery,167,650,13,4,Mumbai +4 other locations
6648,Exemed Pharmaceuticals,3.9,Pharma,167,857,13,15,Vadodara +8 other locations
6649,ART Housing Finance (India),3.7,Financial Services,167,557,--,8,Gurugram +36 other locations
6650,Jivo Wellness,3.1,FMCG,167,466,2,10,New Delhi +22 other locations
6651,Facebook,4.4,Internet,167,1.2k,--,55,Bengaluru +27 other locations
6652,Sellcraft Global Solutions,3.4,IT Services & Consulting,167,1.1k,--,10,Pune +10 other locations
6653,Amar Cars,3.9,Automobile,167,585,10,10,Vadodara +11 other locations
6654,Coverfox,3.7,Insurance,167,648,23,7,Mumbai +9 other locations
6655,Technocraft Industries,3.6,Industrial Machinery,167,820,--,11,Mumbai +11 other locations
6656,Scientific Games,3.7,Gaming,167,329,3,1,Bengaluru +5 other locations
6657,Rotex,3.8,Auto Components,167,908,16,17,Vadodara +9 other locations
6658,Educational Initiatives,3.1,EdTech,167,943,8,16,Bengaluru +29 other locations
6659,MyGlamm,3.5,Internet,167,760,4,11,Mumbai +33 other locations
6660,iNeuron.ai,4.1,,167,774,--,18,
6661,Govind Milk & Milk Products,4.3,Food Processing,167,559,1,5,Pune +17 other locations
6662,Scientific Games,3.7,Gaming,167,329,3,1,Bengaluru +5 other locations
6663,Salzer Electronics,3.9,Electrical Equipment,166,846,13,8,Coimbatore +14 other locations
6664,Bose,3.5,Consumer Electronics & Appliances,166,534,--,6,New Delhi +30 other locations
6665,Macmillan Publishers,3.4,Printing & Publishing,166,501,--,10,Chennai +29 other locations
6666,Khaitan Electricals,2.8,Food Processing,166,406,--,7,Kolkata +37 other locations
6667,Baskin Robbins,3.9,Food Processing,166,445,--,8,Mumbai +47 other locations
6668,Abu Dhabi Oil Refining Company,4.4,Oil & Gas,166,554,--,7,Abu Dhabi +13 other locations
6669,Royal Bank of Scotland International,4.2,Banking,166,1.8k,--,13,Chennai +8 other locations
6670,Honeywell Uop,3.4,Oil & Gas,166,726,--,16,Gurugram +5 other locations
6671,Oceanic Pharmachem,4.1,Pharma,166,126,2,32,Mumbai +2 other locations
6672,Curateq Biologics,3.3,Biotechnology,166,769,10,13,Hyderabad +5 other locations
6673,Oben Electric Vehicle,4.2,Automobile,167,416,9,19,Bengaluru +10 other locations
6674,Arcon TechSolutions,3.3,IT Services & Consulting,166,1k,--,36,Mumbai +12 other locations
6675,Marsh India Insurance Brokers,4.2,Insurance,166,979,11,7,Mumbai +12 other locations
6676,EssentiallySports,3.8,Media & Entertainment,166,178,3,28,New Delhi +11 other locations
6677,Newtech Medical Devices,3.7,Medical Equipment,166,347,13,12,Faridabad +9 other locations
6678,O2f info Solutions,3.5,Recruitment,166,1k,1,8,Hyderabad +8 other locations
6679,Unimrkt Research,3.2,Analytics & KPO,166,967,--,25,Gurugram +4 other locations
6680,Chembond Chemicals,3.8,Agro Chemicals,166,706,48,9,Mumbai +23 other locations
6681,O2f info Solutions,3.5,Recruitment,166,1k,1,8,Hyderabad +8 other locations
6682,Bharti Foundation,3.6,Non-Profit,166,403,10,8,Gurugram +34 other locations
6683,Newtech Medical Devices,3.7,Medical Equipment,166,347,13,12,Faridabad +9 other locations
6684,Ideaforge Technology,3.5,Internet,166,1k,31,18,Mumbai +7 other locations
6685,Inditex,4.1,Fashion & Textile,166,529,1,9,New Delhi +17 other locations
6686,Eduvanz,3.4,FinTech,166,795,--,14,Mumbai +10 other locations
6687,Ind Innovations,3.2,IT Services & Consulting,166,794,--,9,New Delhi +28 other locations
6688,New Era Technology,3.5,IT Services & Consulting,166,1k,29,13,Bengaluru +4 other locations
6689,Unimrkt Research,3.2,Analytics & KPO,166,967,--,25,Gurugram +4 other locations
6690,Lapp India,4.1,Electrical Equipment,166,878,7,9,Bengaluru +16 other locations
6691,Lilac Insights,3.1,Fitness & Wellness,166,575,1,13,Mumbai +23 other locations
6692,Azmeel Contracting,4.1,Engineering & Construction,166,247,--,4,Al Jubail +8 other locations
6693,Regal Rexnord Corporation,3.6,Consumer Electronics & Appliances,166,994,45,17,Hyderabad +8 other locations
6694,Benzo Chem Industries,4.0,Chemicals,166,775,1,13,Bharuch +13 other locations
6695,Rhenus Logistics,3.6,Logistics,166,928,1,12,Mumbai +20 other locations
6696,Recykal,4.0,Internet,166,778,9,8,Hyderabad +12 other locations
6697,Servosys Solutions,3.0,Financial Services,166,1.2k,4,26,Mumbai +11 other locations
6698,Hire Glocal,4.2,Recruitment,166,82,--,20,Mumbai +7 other locations
6699,Real Estate Group,4.3,Real Estate,166,2.5k,1,17,Mumbai +49 other locations
6700,Ind Innovations,3.2,IT Services & Consulting,166,794,--,9,New Delhi +28 other locations
6701,Wonderchef Home Appliances,4.0,Consumer Electronics & Appliances,166,691,4,16,Mumbai +31 other locations
6702,Border Roads Organisation,4.2,Government,164,341,--,4,New Delhi +30 other locations
6703,Kamal Fincap,4.0,Financial Services,165,354,1,3,Kota +81 other locations
6704,Yuken India,3.4,Industrial Machinery,165,780,3,6,Bengaluru +9 other locations
6705,St. Mary's School,3.9,Education & Training,165,551,--,8,New Delhi +64 other locations
6706,Happy Forging,3.8,Auto Components,165,863,9,12,Ludhiana +5 other locations
6707,L&T Geostructure,4.0,,165,394,--,10,
6708,Giridhan Metal,4.0,Iron & Steel,165,504,--,21,Asansol +13 other locations
6709,Focus Softnet,3.5,Software Product,165,989,3,10,Hyderabad +11 other locations
6710,Egniol Services Private Limited,2.3,Legal,165,491,15,14,Ahmedabad +13 other locations
6711,Mahindra Accelo,3.4,Iron & Steel,165,573,22,6,Pune +14 other locations
6712,otsuka chemical india,3.9,Chemicals,165,721,--,14,Jaipur +11 other locations
6713,Hughes Communications,3.3,,165,935,--,12,
6714,Prudent Corporate Advisory Services,4.0,Investment Banking / Venture Capital / Private Equity,165,543,--,8,Ahmedabad +55 other locations
6715,Nordusk Led,4.4,Electronics Manufacturing,165,122,--,7,Kolkata +12 other locations
6716,Indian Coast Guard,4.0,Defence & Aerospace,165,456,--,7,Chennai +29 other locations
6717,CDS Infra Projects,3.4,Engineering & Construction,165,524,--,11,New Delhi +32 other locations
6718,Techno India Group,3.3,EdTech,165,715,1,12,Kolkata +21 other locations
6719,Toluna,3.5,Analytics & KPO,165,842,--,13,Gurugram +6 other locations
6720,St. Mary's School,3.9,Education & Training,165,551,--,8,New Delhi +64 other locations
6721,Happy Forging,3.8,Auto Components,165,863,9,12,Ludhiana +5 other locations
6722,Government of Odisha,4.0,Government,165,735,--,12,Bhubaneswar +36 other locations
6723,L&T Geostructure,4.0,,165,394,--,10,
6724,Yuken India,3.4,Industrial Machinery,165,780,3,6,Bengaluru +9 other locations
6725,Kamal Fincap,4.0,Financial Services,165,354,1,3,Kota +81 other locations
6726,Prudent Corporate Advisory Services,4.0,Investment Banking / Venture Capital / Private Equity,165,543,--,8,Ahmedabad +55 other locations
6727,Hughes Communications,3.3,,165,935,--,12,
6728,SEED Infotech,4.0,IT Services & Consulting,165,510,9,9,Pune +18 other locations
6729,Lrs Services,3.5,IT Services & Consulting,165,791,4,13,Mumbai +24 other locations
6730,Paracoat Products,3.7,Auto Components,165,811,7,9,Hosur +10 other locations
6731,DHL IT Services,3.7,IT Services & Consulting,165,1.4k,--,15,Chennai +8 other locations
6732,Trinity Touch,4.4,Electrical Equipment,165,785,25,13,Faridabad +11 other locations
6733,AMPLUS SOLAR,4.3,Internet,165,808,--,6,Gurugram +19 other locations
6734,Ellucian Higher Education Systems,3.6,IT Services & Consulting,165,1.4k,4,33,Bengaluru +3 other locations
6735,DIN Engineering Services,3.8,Analytics & KPO,165,403,4,12,Noida +3 other locations
6736,Kewal Kiran Clothing,3.9,Fashion & Textile,165,577,10,10,Mumbai +36 other locations
6737,Egon Zehnder International,3.6,Management Consulting,165,966,2,6,Gurugram +5 other locations
6738,SISA Information Security,3.1,IT Services & Consulting,165,1k,20,7,Bengaluru +17 other locations
6739,Ajmal Perfumes,4.0,Beauty & Personal Care,165,472,3,16,Mumbai +28 other locations
6740,CGS,3.5,IT Services & Consulting,165,926,7,25,Hyderabad +10 other locations
6741,Mold Tek Packaging,3.9,Packaging,165,665,--,15,Hyderabad +15 other locations
6742,DataTracks,3.4,Financial Services,165,1.1k,2,16,Chennai +4 other locations
6743,Chowgule Industries,3.5,Auto Components,165,610,10,6,Pune +18 other locations
6744,Stonex,4.0,Metals & Mining,165,1.1k,8,30,New Delhi +26 other locations
6745,Satvat Infosol,3.2,IT Services & Consulting,164,748,3,7,Chennai +5 other locations
6746,Flatworld Mortgage Processing,3.5,IT Services & Consulting,164,681,--,6,Bengaluru +4 other locations
6747,NetCom Learning,3.2,EdTech,164,724,21,16,Noida +19 other locations
6748,Scope eKnowledge Center,3.5,IT Services & Consulting,164,466,--,8,Chennai +5 other locations
6749,Ognibene India,3.7,Industrial Machinery,164,900,--,10,Pune +7 other locations
6750,Eicher Engineering Components,4.2,Auto Components,164,606,--,15,Dewas +14 other locations
6751,Thirdware Solutions,4.2,IT Services & Consulting,164,1k,--,4,Chennai +3 other locations
6752,Celebi Delhi Cargo Terminal Management,4.2,Aviation,163,424,--,3,New Delhi +2 other locations
6753,Advance Career Solutions,4.1,Recruitment,164,106,--,43,Jaipur +9 other locations
6754,Coherent Market Insights,3.6,Management Consulting,164,343,9,12,Pune +1 other locations
6755,Ivangel Sales & Services,3.6,BPO,164,520,--,4,Mumbai +36 other locations
6756,Vanesa Care,4.2,Beauty & Personal Care,164,559,--,6,New Delhi +38 other locations
6757,PCS Technology,3.7,IT Services & Consulting,164,368,--,3,Mumbai +45 other locations
6758,Nahar Group of Companies,3.5,Fashion & Textile,164,637,--,5,Ludhiana +27 other locations
6759,Geltec,3.3,Pharma,164,789,--,17,Bengaluru +9 other locations
6760,GXO,3.8,,164,733,5,15,
6761,Dynamic Techno Medicals,3.8,Medical Equipment,164,594,--,7,Kochi +36 other locations
6762,Vee Gee Industrial Enterprises,4.0,Electronics Manufacturing,164,650,--,14,Faridabad +9 other locations
6763,Enterslice,3.7,FinTech,164,516,13,18,Noida +4 other locations
6764,Medvarsity Online,3.0,EdTech,164,773,12,20,Hyderabad +5 other locations
6765,Wingtech Mobile Communication,4.0,Electronics Manufacturing,164,697,--,15,Tirupati +8 other locations
6766,Armstrong International,3.9,Industrial Machinery,164,711,--,10,Chennai +24 other locations
6767,Orchid Hotel,3.6,Hospitality,164,616,1,11,Mumbai +17 other locations
6768,Sankara Nethralaya,3.8,Non-Profit,164,423,--,9,Chennai +8 other locations
6769,Swiss Garnier Life Sciences,3.5,Pharma,164,742,6,16,Chennai +10 other locations
6770,Nanavati Max Super Speciality Hospital,3.5,,164,611,--,12,
6771,Consern Pharma Limited,4.6,Pharma,164,215,10,26,Ludhiana +26 other locations
6772,Trinity Mobility,2.5,IT Services & Consulting,164,1.2k,2,12,Bengaluru +8 other locations
6773,Agrawal Metal Works,3.9,Metals & Mining,164,671,12,13,Bhiwadi +9 other locations
6774,Sankara Eye Hospital,4.2,Non-Profit,164,510,15,7,Bengaluru +27 other locations
6775,VWR International,3.6,Pharma,164,1k,19,13,Coimbatore +6 other locations
6776,Lulu Hypermarket,3.5,Retail,164,490,12,22,Lucknow +25 other locations
6777,Idexcel Technologies,3.1,IT Services & Consulting,164,1.2k,75,10,Bengaluru +12 other locations
6778,Prayag Polymers,3.7,Petrochemicals,164,531,7,10,New Delhi +37 other locations
6779,Mount Talent Consulting,3.0,Recruitment,164,610,--,10,Noida +7 other locations
6780,Ideas2IT Technologies,3.6,Software Product,164,1.3k,1,55,Chennai +5 other locations
6781,JioHotstar,3.4,Internet,164,1.6k,19,45,Mumbai +11 other locations
6782,Indovision Services,3.7,IT Services & Consulting,164,767,49,19,New Delhi +23 other locations
6783,Merilytics,2.9,Analytics & KPO,164,1.5k,--,51,Hyderabad +6 other locations
6784,Counsel India,3.8,EdTech,164,288,9,15,Noida +3 other locations
6785,Nipha Exports,3.8,Industrial Machinery,164,805,4,12,Kolkata +9 other locations
6786,Hotel Park Plaza,4.1,Hospitality,161,454,--,5,New Delhi +18 other locations
6787,Indo European Educational Services,4.3,Education & Training,163,204,3,44,New Delhi +9 other locations
6788,IPG Mediabrands,3.3,Marketing & Advertising,163,1.5k,1,30,Pune +10 other locations
6789,Zodiac Clothing Company,3.3,Fashion & Textile,163,465,--,9,Mumbai +26 other locations
6790,Xpo Logistics,3.7,Logistics,163,1.2k,--,14,Pune +19 other locations
6791,Nucon Aerospace,3.8,Defence & Aerospace,163,860,5,13,Hyderabad +5 other locations
6792,Fairfield Inn by Marriott,4.1,,163,349,--,5,
6793,Henkel,4.1,Chemicals,163,728,--,11,Chennai +24 other locations
6794,BYLD Group,3.9,Management Consulting,163,381,31,42,Gurugram +3 other locations
6795,J G Hosiery,3.4,Fashion & Textile,163,655,--,8,Kolkata +17 other locations
6796,Acute Informatics,3.1,IT Services & Consulting,163,641,--,7,Ahmedabad +32 other locations
6797,Canteen Stores Department,4.4,,163,309,--,9,
6798,Hansa Direct,3.3,Marketing & Advertising,163,481,--,8,Mumbai +5 other locations
6799,Pramata Knowledge Solutions,3.2,Software Product,163,834,--,31,Bengaluru +4 other locations
6800,Privi Organics,3.8,Chemicals,163,693,5,13,Mahad +15 other locations
6801,BYLD Group,3.9,Management Consulting,163,381,31,42,Gurugram +3 other locations
6802,MResult Services,3.8,IT Services & Consulting,163,1.3k,3,25,Bengaluru +5 other locations
6803,TruCap Finance,3.8,Financial Services,163,515,--,5,Mumbai +37 other locations
6804,efficiently,2.5,,163,487,--,26,
6805,Graphic Era University,3.6,Education & Training,163,600,29,16,Dehradun +11 other locations
6806,Somika Sarl,4.1,Metals & Mining,163,464,--,13,Vadodara +16 other locations
6807,Gleneagles Global Hospital,3.7,Pharma,163,623,--,10,Hyderabad +5 other locations
6808,Fukoku,3.6,Automobile,163,576,--,11,Pune +2 other locations
6809,Gea Process Engineering India,4.0,Food Processing,163,758,31,3,Vadodara +7 other locations
6810,Universal Cables,4.0,Building Material,163,743,--,15,Satna +14 other locations
6811,Grundfos,4.1,Industrial Machinery,163,793,7,12,Chennai +18 other locations
6812,Net2source,3.3,Recruitment,163,623,1,5,Noida +8 other locations
6813,Suven Life Sciences,3.6,Pharma,163,550,9,5,Hyderabad +6 other locations
6814,FCS Software Solutions,3.7,IT Services & Consulting,163,815,32,16,Noida +14 other locations
6815,Corpone Staffing Solutions,3.8,BPO,163,545,--,17,Hyderabad +8 other locations
6816,ARSS Infrastructure Projects,3.7,Engineering & Construction,163,500,--,20,Bhubaneswar +20 other locations
6817,Amagi Media Labs,3.4,Software Product,163,1.2k,10,33,Bengaluru +3 other locations
6818,B M Birla Heart Research Centre,3.6,Healthcare,163,437,--,10,Kolkata +5 other locations
6819,Covestro,4.5,Petrochemicals,163,591,3,15,Greater Noida +10 other locations
6820,FCS Software Solutions,3.7,IT Services & Consulting,163,815,32,16,Noida +14 other locations
6821,Covestro,4.5,Petrochemicals,163,591,3,15,Greater Noida +10 other locations
6822,Indian Steel Corporation,4.1,Iron & Steel,157,662,--,10,Gandhidham +11 other locations
6823,Centelon,3.0,IT Services & Consulting,162,557,--,11,Pune +9 other locations
6824,Emmbi Industries,3.7,Packaging,162,690,1,11,Dadra & Nagar Haveli +15 other locations
6825,Bayer Zydus Pharma,3.5,Pharma,162,476,287,4,Mumbai +39 other locations
6826,Sterling Information Resources,3.5,Analytics & KPO,161,680,--,5,Mumbai +5 other locations
6827,Dipty Lal Judge Mal,3.9,Retail,162,552,1,14,Noida +11 other locations
6828,Gmr Airport Developers,3.9,Engineering & Construction,163,670,--,10,Hyderabad +10 other locations
6829,Acuvate Software,3.1,Software Product,162,1.1k,3,11,Hyderabad +4 other locations
6830,Faasos Food Services,3.8,Internet,162,390,--,4,Mumbai +16 other locations
6831,Flovel Energy,3.9,Power,162,654,--,12,Faridabad +6 other locations
6832,Concentric,3.6,Industrial Machinery,162,881,1,40,Bengaluru +18 other locations
6833,Khadi Natural Healthcare,4.2,Fitness & Wellness,162,392,2,6,New Delhi +10 other locations
6834,AmpleLogic,3.8,Software Product,162,682,7,15,Hyderabad +1 other locations
6835,Prateek Group,3.7,Real Estate,162,517,14,21,Noida +5 other locations
6836,Aakash Health Care,3.9,Healthcare,162,544,15,6,New Delhi +5 other locations
6837,Saint-Gobain Weber,3.8,Engineering & Construction,162,644,--,11,Mumbai +33 other locations
6838,HYOSUNG,3.5,Electronics Manufacturing,162,752,--,7,Chhatrapati Sambhajinagar +11 other locations
6839,Billroth Hospitals,3.7,Healthcare,162,603,18,5,Chennai +3 other locations
6840,Jobby Engineers,4.2,Engineering & Construction,162,594,1,7,Mumbai +22 other locations
6841,Krishna Buildestates,3.7,Engineering & Construction,162,507,--,5,New Delhi +13 other locations
6842,StrategicERP,4.2,Software Product,162,265,1,14,Mumbai +10 other locations
6843,Rajhans (Desai-Jain) Group,4.2,Real Estate,162,460,--,21,Surat +16 other locations
6844,Grand View Research,3.1,Analytics & KPO,162,963,--,6,Pune +3 other locations
6845,Maven Silicon,4.0,Semiconductors,162,342,24,22,Bengaluru +7 other locations
6846,Punjab & Sind Bank,3.2,Banking,162,493,--,2,New Delhi +48 other locations
6847,Maheshwari Mining,3.6,Metals & Mining,162,677,--,23,Kolkata +29 other locations
6848,Exotel,3.0,Software Product,162,1.3k,44,17,Bengaluru +7 other locations
6849,MBit Computraining,3.7,Recruitment,162,592,--,23,Hyderabad +20 other locations
6850,Pritam International,3.4,Consumer Electronics & Appliances,162,645,29,10,Roorkee +18 other locations
6851,Prudent Insurance Brokers,3.7,Insurance,162,852,22,7,Mumbai +10 other locations
6852,Experion Technologies,4.0,IT Services & Consulting,162,1.5k,14,21,Kochi +5 other locations
6853,iVistec Partners India Private Limited,3.9,IT Services & Consulting,162,549,4,10,Noida +5 other locations
6854,Innovassynth Technologies,3.5,Chemicals,162,793,--,14,Khopoli +10 other locations
6855,Advanced Medtech Solutions,3.6,Medical Equipment,162,648,24,16,Vadodara +26 other locations
6856,Arya Collateral Warehousing Services,4.3,Agriculture,162,438,6,12,Noida +38 other locations
6857,GreenCell Mobility,3.5,Logistics,162,528,12,13,Mumbai +24 other locations
6858,Spun Micro Processing,4.0,Auto Components,162,588,--,10,Gurugram +8 other locations
6859,Attero Recycling,4.4,Semiconductors,162,429,42,8,Noida +13 other locations
6860,TVS - SUNDARAM BRAKE LININGS,3.2,Auto Components,162,762,--,9,Chennai +14 other locations
6861,Export Trading group,3.5,IT Services & Consulting,162,759,8,7,Bengaluru +20 other locations
6862,Leena AI,3.6,Software Product,162,632,2,29,Gurugram +5 other locations
6863,Topre India,4.2,Auto Components,162,652,--,13,Ahmedabad +10 other locations
6864,Triveni Almirah,3.4,Furniture & Furnishing,162,357,516,21,Noida +28 other locations
6865,CollegePur,4.6,Education & Training,161,7,--,61,Ghaziabad +7 other locations
6866,IIT Delhi,4.2,Education & Training,161,917,5,18,New Delhi +8 other locations
6867,M.P. Power Transmission Company,3.9,Power,161,421,--,8,Jabalpur +36 other locations
6868,Smart Drive Systems,3.4,IT Services & Consulting,161,710,--,10,Hyderabad +5 other locations
6869,TVS Upasana Engineering,3.6,Automobile,161,587,--,8,Hosur +7 other locations
6870,Shree Technocrat Communication Systems,3.8,Telecom,161,697,--,10,New Delhi +21 other locations
6871,Niyo Solutions,3.1,Financial Services,161,1k,17,17,Bengaluru +14 other locations
6872,Ccl Products,4.1,Beverage,161,670,2,7,Hyderabad +26 other locations
6873,Sterling Biotech,4.0,Pharma,161,736,5,6,Vadodara +4 other locations
6874,Deepak Chem Tech,4.0,Chemicals,161,697,--,13,Bharuch +8 other locations
6875,VOLTECH O AND M SERVICES,4.0,Oil & Gas,161,472,--,9,Chennai +41 other locations
6876,Ivis International,3.4,Law Enforcement & Security,161,497,--,7,Hyderabad +16 other locations
6877,Xotik Frujus,2.6,Beverage,161,441,--,8,Mumbai +43 other locations
6878,Americana Group,3.6,Food Processing,161,336,--,12,Hyderabad +23 other locations
6879,ICONMA,2.9,Recruitment,161,719,--,13,Hyderabad +4 other locations
6880,Yashoda Super Speciality Hospitals,3.9,,161,737,--,8,
6881,JCT Limited,3.8,Fashion & Textile,161,590,5,6,Phagwara +12 other locations
6882,Hubtown,3.4,Engineering & Construction,161,651,--,14,Mumbai +9 other locations
6883,Maharashtra State Road Transport Corporation,3.9,Government,161,374,--,4,Mumbai +33 other locations
6884,Vitromed Healthcare,3.5,Medical Equipment,161,628,--,19,Jaipur +6 other locations
6885,Population Services International (PSI),4.0,Non-Profit,161,431,--,9,New Delhi +40 other locations
6886,Roto Pumps,3.7,Industrial Machinery,161,539,1,9,Noida +9 other locations
6887,TAL Manufacturing Solutions,3.5,Industrial Machinery,161,445,--,5,Nagpur +6 other locations
6888,Sundaram Industries,3.6,Auto Components,161,809,8,6,Chennai +15 other locations
6889,Tracks Components,3.1,,161,919,--,17,
6890,West Coast Pharmaceuticals,3.0,Pharma,161,696,1,11,Ahmedabad +11 other locations
6891,vSplash Techlabs,2.0,IT Services & Consulting,161,694,13,12,Hyderabad +2 other locations
6892,3Pillar Global,3.1,Software Product,161,998,--,22,Noida +4 other locations
6893,Trafigura,3.2,Logistics,161,1.1k,12,8,Mumbai +4 other locations
6894,Conde Nast India,2.9,Printing & Publishing,161,1.5k,19,19,Bengaluru +4 other locations
6895,Mohani Tea Leaves,4.0,FMCG,161,526,2,6,Kanpur +22 other locations
6896,Ramco Steels,4.0,Iron & Steel,161,653,3,10,Faridabad +6 other locations
6897,Iprogrammer Solutions,4.1,IT Services & Consulting,161,695,8,30,Pune +3 other locations
6898,Zerodha,4.0,FinTech,161,775,6,14,Bengaluru +22 other locations
6899,VK Building Services,4.0,Engineering & Construction,161,553,16,11,Bengaluru +14 other locations
6900,VK Building Services,4.0,Engineering & Construction,161,553,16,11,Bengaluru +14 other locations
6901,Iprogrammer Solutions,4.1,IT Services & Consulting,161,695,8,30,Pune +3 other locations
6902,Qapitol Qa,4.0,IT Services & Consulting,161,1.2k,22,20,Bengaluru +8 other locations
6903,Anthea Pharma,4.0,Pharma,161,479,4,34,Hyderabad +4 other locations
6904,West Coast Pharmaceuticals,3.0,Pharma,161,696,1,11,Ahmedabad +11 other locations
6905,Six Phrase,3.7,,161,110,1,37,
6906,Apparel Group UAE,3.4,Retail,160,20,--,1,Dubai +9 other locations
6907,India Power Corporation,3.8,Power,160,727,--,16,Kolkata +8 other locations
6908,Skechers South Asia,4.2,Retail,160,659,--,10,Mumbai +35 other locations
6909,East India Technologies,2.9,Electronics Manufacturing,160,800,12,9,Noida +6 other locations
6910,Sharp Sight,4.0,Healthcare,161,592,16,11,New Delhi +13 other locations
6911,Jaypee Brothers Medical Publishers,3.4,Printing & Publishing,160,640,--,18,New Delhi +14 other locations
6912,Gibraltar Technologies,3.8,IT Services & Consulting,160,677,--,24,Bengaluru +22 other locations
6913,High Court Lucknow,4.5,Law Enforcement & Security,160,1.1k,--,6,Lucknow +24 other locations
6914,Kesari Tours,3.5,Travel & Tourism,160,674,7,10,Mumbai +14 other locations
6915,Inductotherm,3.9,Industrial Machinery,160,665,4,12,Ahmedabad +13 other locations
6916,Health Prime International,3.1,Analytics & KPO,160,765,--,12,Mumbai +7 other locations
6917,Amphenol Omniconnect - India,3.9,Electronics Manufacturing,160,999,--,14,Chennai +4 other locations
6918,RevFin,4.0,Financial Services,160,298,2,23,New Delhi +29 other locations
6919,Saraswati Accountants Software,4.5,IT Services & Consulting,160,125,--,23,New Delhi +4 other locations
6920,Makino Auto Industries,3.8,Automobile,160,582,--,12,Noida +10 other locations
6921,MRC Logistics,4.0,Logistics,160,618,--,6,Pune +43 other locations
6922,Enlist Management Consultants,3.2,Recruitment,160,578,--,8,Kolkata +18 other locations
6923,Tulip Diagnostics,3.9,Medical Equipment,160,496,--,8,Kolkata +39 other locations
6924,Si Creva Capital Services,3.4,,160,317,--,8,
6925,Bimal Auto Agency,3.6,Auto Components,160,608,1,7,Bengaluru +7 other locations
6926,Deepija Telecom,3.9,Software Product,161,772,4,15,Hyderabad +14 other locations
6927,Pravin Masalewale,4.0,FMCG,160,561,--,7,Pune +41 other locations
6928,TIL,3.8,Industrial Machinery,160,720,--,9,Kolkata +19 other locations
6929,Enzen Global Solutions,2.6,Power,160,550,--,6,Bengaluru +17 other locations
6930,Amity International School,3.7,Education & Training,160,667,--,10,New Delhi +18 other locations
6931,Garuda Power,3.1,Industrial Machinery,160,472,2,14,Kolkata +22 other locations
6932,Strategic Learning Solutions,4.0,BPO,160,504,2,8,Gurugram +29 other locations
6933,Seco Tools,4.3,Metals & Mining,160,566,--,12,Pune +8 other locations
6934,GP Strategies,3.5,Management Consulting,160,1.1k,3,8,Chennai +12 other locations
6935,SmartED Innovations,4.1,Education & Training,160,48,--,60,Bengaluru +4 other locations
6936,Semac Consultants,3.8,Engineering & Construction,160,636,--,17,Bengaluru +19 other locations
6937,Anabeeb,4.0,Oil & Gas,160,381,--,11,Al Jubail +14 other locations
6938,Modenik Lifestyle,3.6,Fashion & Textile,160,643,2,6,Bengaluru +31 other locations
6939,Melorra,3.1,Internet,160,827,--,21,Bengaluru +15 other locations
6940,Welspun Specialty Solutions,3.8,Iron & Steel,160,559,--,4,Bharuch +11 other locations
6941,Cease Fire,2.8,,160,634,--,14,
6942,Gemini Edibles & Fats India,4.0,Food Processing,160,573,--,10,Kakinada +24 other locations
6943,Clearwater Analytics,2.6,Internet,160,1.1k,89,25,Noida +6 other locations
6944,Hartex Rubber,3.3,Auto Components,160,640,3,11,Hyderabad +14 other locations
6945,Daramic Battery Separator India,3.7,Electrical Equipment,160,620,1,18,Bharuch +8 other locations
6946,Safeguard Global,3.6,Recruitment,160,990,10,6,New Delhi +8 other locations
6947,Vulcan Express,3.6,Logistics,160,227,--,1,New Delhi +38 other locations
6948,MathWorks,4.0,Software Product,160,1.2k,3,45,Bengaluru +5 other locations
6949,Group Pharmaceuticals,3.8,Pharma,160,405,8,10,Bengaluru +27 other locations
6950,Frick India,3.8,Industrial Machinery,160,664,6,9,Faridabad +14 other locations
6951,Homesfy Realty,3.5,Real Estate,160,497,23,16,Mumbai +9 other locations
6952,ACI Worldwide,3.9,Software Product,160,1.4k,19,15,Bengaluru +5 other locations
6953,Camlin Fine Sciences,3.4,Chemicals,160,899,1,16,Mumbai +17 other locations
6954,AYTB,3.8,Engineering & Construction,160,334,--,14,Al Jubail +15 other locations
6955,Webdew,4.5,IT Services & Consulting,160,150,3,108,Sahibzada Ajit Singh Nagar +9 other locations
6956,CoinDCX,4.0,Emerging Technologies,160,1.2k,37,40,Bengaluru +6 other locations
6957,myTVS Parts & Accessories,3.8,Auto Components,160,448,--,9,Chennai +29 other locations
6958,Hyland Software Solutions India LLP,4.1,IT Services & Consulting,160,1.2k,57,33,Kolkata +3 other locations
6959,Nimbus BPO,3.2,BPO,160,531,--,13,Ranchi +6 other locations
6960,Datavail Infotech,3.3,IT Services & Consulting,160,1.3k,46,7,Hyderabad +7 other locations
6961,5K Car Care,4.4,Other,159,259,4,48,Coimbatore +13 other locations
6962,Amanta Healthcare,4.1,Pharma,159,600,1,7,Ahmedabad +18 other locations
6963,TezTecch,4.8,IT Services & Consulting,159,42,--,103,Nagpur
6964,CDW,4.3,IT Services & Consulting,159,1.3k,2,21,Chennai +4 other locations
6965,Lilavati Hospital & Research Centre,3.9,Healthcare,159,557,11,6,Mumbai +9 other locations
6966,Delphi Automotive Systems,3.8,Auto Components,159,681,2,5,Bengaluru +18 other locations
6967,PMI Electro Mobility Solutions,3.9,Automobile,159,608,--,13,Dharuhera +23 other locations
6968,Nexus Select Trust,4.0,Retail,159,698,--,2,Bengaluru +17 other locations
6969,Desai Construction,4.2,Engineering & Construction,159,553,3,11,Valsad +21 other locations
6970,Tcs And Associates,3.4,IT Services & Consulting,159,1.6k,--,12,Bengaluru +22 other locations
6971,Eastern Coalfields,4.1,Metals & Mining,159,279,--,8,Asansol +18 other locations
6972,Pyrotech Electronics,2.9,Electronics Manufacturing,159,703,10,12,Udaipur +11 other locations
6973,Peekay Steel Castings,4.1,Iron & Steel,159,680,13,7,Coimbatore +8 other locations
6974,Aptronix - Apple Premium Reseller,3.9,Electrical Equipment,159,624,--,10,Hyderabad +19 other locations
6975,Sterlite Industries,3.9,Other,159,614,--,6,Thoothukudi +19 other locations
6976,LeapScholar,3.4,,159,493,--,44,
6977,Be10X,4.4,Education & Training,159,124,--,23,Kolkata +4 other locations
6978,Crowe Horwath,3.6,Accounting & Auditing,159,1.1k,2,36,Noida +10 other locations
6979,Gujarat State Electricity Corporation,4.4,Government,159,275,--,6,Ahmedabad +23 other locations
